database topcoder_dw;

INSERT INTO 'informix'.coder(coder_id, handle, status) VALUES(132456, "heffan", 'A');
INSERT INTO 'informix'.coder(coder_id, handle, status) VALUES(132457, "super", 'A');
INSERT INTO 'informix'.coder(coder_id, handle, status) VALUES(132458, "twight", 'A');

database tcs_dw;

INSERT INTO 'informix'.user_achievement_xref(user_id, user_achievement_rule_id, create_date) VALUES(132456, 47, CURRENT);
INSERT INTO 'informix'.user_achievement_xref(user_id, user_achievement_rule_id, create_date) VALUES(132456, 45, CURRENT);
INSERT INTO 'informix'.user_achievement_xref(user_id, user_achievement_rule_id, create_date) VALUES(132456, 26, CURRENT);
INSERT INTO 'informix'.user_achievement_xref(user_id, user_achievement_rule_id, create_date) VALUES(132456, 27, CURRENT);
INSERT INTO 'informix'.user_achievement_xref(user_id, user_achievement_rule_id, create_date) VALUES(132456, 35, CURRENT);
INSERT INTO 'informix'.user_achievement_xref(user_id, user_achievement_rule_id, create_date) VALUES(132456, 1, CURRENT);


INSERT INTO 'informix'.project(project_id, status_id, phase_id, phase_desc) VALUES(4001, 4, 127, 'Banners/Icons');
INSERT INTO 'informix'.project(project_id, status_id, phase_id, phase_desc) VALUES(4002, 4, 127, 'Banners/Icons');
INSERT INTO 'informix'.project(project_id, status_id, phase_id, phase_desc) VALUES(4003, 4, 127, 'Banners/Icons');
INSERT INTO 'informix'.project(project_id, status_id, phase_id, phase_desc) VALUES(4004, 4, 127, 'Banners/Icons');
INSERT INTO 'informix'.project(project_id, status_id, phase_id, phase_desc) VALUES(4005, 4, 127, 'Banners/Icons');

INSERT INTO 'informix'.project_result(project_id, user_id, submit_ind, valid_submission_ind, final_score, placed, passed_review_ind, num_appeals, num_successful_appeals, new_rating) VALUES(4001, 132456, 0, 0, 34.3, 3, 0, 8, 4, 932);
INSERT INTO 'informix'.project_result(project_id, user_id, submit_ind, valid_submission_ind, final_score, placed, passed_review_ind, num_appeals, num_successful_appeals, new_rating) VALUES(4002, 132456, 1, 1, 36.28, 1, 1, 9, 2, 1682);
INSERT INTO 'informix'.project_result(project_id, user_id, submit_ind, valid_submission_ind, final_score, placed, passed_review_ind, num_appeals, num_successful_appeals, new_rating) VALUES(4003, 132456, 1, 1, 47.66, 1, 1, 8, 2, 3214);
INSERT INTO 'informix'.project_result(project_id, user_id, submit_ind, valid_submission_ind, final_score, placed, passed_review_ind, num_appeals, num_successful_appeals, new_rating) VALUES(4004, 132456, 0, 0, 52.82, 4, 0, 8, 1, 923);
INSERT INTO 'informix'.project_result(project_id, user_id, submit_ind, valid_submission_ind, final_score, placed, passed_review_ind, num_appeals, num_successful_appeals, new_rating) VALUES(4005, 132456, 0, 0, 46.57, 4, 0, 8, 1, 2816);

INSERT INTO 'informix'.project(project_id, status_id, phase_id, phase_desc) VALUES(4006, 4, 128, 'Web Design');
INSERT INTO 'informix'.project(project_id, status_id, phase_id, phase_desc) VALUES(4007, 4, 128, 'Web Design');
INSERT INTO 'informix'.project(project_id, status_id, phase_id, phase_desc) VALUES(4008, 4, 128, 'Web Design');
INSERT INTO 'informix'.project(project_id, status_id, phase_id, phase_desc) VALUES(4009, 4, 128, 'Web Design');
INSERT INTO 'informix'.project(project_id, status_id, phase_id, phase_desc) VALUES(4010, 4, 128, 'Web Design');

INSERT INTO 'informix'.project_result(project_id, user_id, submit_ind, valid_submission_ind, final_score, placed, passed_review_ind, num_appeals, num_successful_appeals, new_rating) VALUES(4006, 132456, 0, 0, 38.81, 0, 0, 2, 1, 543);
INSERT INTO 'informix'.project_result(project_id, user_id, submit_ind, valid_submission_ind, final_score, placed, passed_review_ind, num_appeals, num_successful_appeals, new_rating) VALUES(4007, 132456, 0, 0, 66.81, 0, 0, 10, 9, 1721);
INSERT INTO 'informix'.project_result(project_id, user_id, submit_ind, valid_submission_ind, final_score, placed, passed_review_ind, num_appeals, num_successful_appeals, new_rating) VALUES(4008, 132456, 1, 1, 21.25, 2, 1, 10, 3, 3175);
INSERT INTO 'informix'.project_result(project_id, user_id, submit_ind, valid_submission_ind, final_score, placed, passed_review_ind, num_appeals, num_successful_appeals, new_rating) VALUES(4009, 132456, 1, 1, 98.28, 1, 1, 10, 3, 410);
INSERT INTO 'informix'.project_result(project_id, user_id, submit_ind, valid_submission_ind, final_score, placed, passed_review_ind, num_appeals, num_successful_appeals, new_rating) VALUES(4010, 132456, 1, 0, 30.4 , 0, 0, 6, 1, 1557);

INSERT INTO 'informix'.project(project_id, status_id, phase_id, phase_desc) VALUES(4011, 4, 129, 'Wireframes');
INSERT INTO 'informix'.project(project_id, status_id, phase_id, phase_desc) VALUES(4012, 4, 129, 'Wireframes');
INSERT INTO 'informix'.project(project_id, status_id, phase_id, phase_desc) VALUES(4013, 4, 129, 'Wireframes');
INSERT INTO 'informix'.project(project_id, status_id, phase_id, phase_desc) VALUES(4014, 4, 129, 'Wireframes');
INSERT INTO 'informix'.project(project_id, status_id, phase_id, phase_desc) VALUES(4015, 4, 129, 'Wireframes');

INSERT INTO 'informix'.project_result(project_id, user_id, submit_ind, valid_submission_ind, final_score, placed, passed_review_ind, num_appeals, num_successful_appeals, new_rating) VALUES(4011, 132456, 1, 0, 97.7, 0, 0, 4, 0, 240);
INSERT INTO 'informix'.project_result(project_id, user_id, submit_ind, valid_submission_ind, final_score, placed, passed_review_ind, num_appeals, num_successful_appeals, new_rating) VALUES(4012, 132456, 1, 1, 77.36, 1, 1, 9, 8, 3236);
INSERT INTO 'informix'.project_result(project_id, user_id, submit_ind, valid_submission_ind, final_score, placed, passed_review_ind, num_appeals, num_successful_appeals, new_rating) VALUES(4013, 132456, 1, 1, 68.34, 1, 1, 9, 6, 77);
INSERT INTO 'informix'.project_result(project_id, user_id, submit_ind, valid_submission_ind, final_score, placed, passed_review_ind, num_appeals, num_successful_appeals, new_rating) VALUES(4014, 132456, 1, 1, 62.45, 4, 1, 1, 0, 3140);
INSERT INTO 'informix'.project_result(project_id, user_id, submit_ind, valid_submission_ind, final_score, placed, passed_review_ind, num_appeals, num_successful_appeals, new_rating) VALUES(4015, 132456, 0, 0, 7.35, 4, 0, 4, 3, 277);

INSERT INTO 'informix'.project(project_id, status_id, phase_id, phase_desc) VALUES(4016, 4, 131, 'Logo Design');
INSERT INTO 'informix'.project(project_id, status_id, phase_id, phase_desc) VALUES(4017, 4, 131, 'Logo Design');
INSERT INTO 'informix'.project(project_id, status_id, phase_id, phase_desc) VALUES(4018, 4, 131, 'Logo Design');
INSERT INTO 'informix'.project(project_id, status_id, phase_id, phase_desc) VALUES(4019, 4, 131, 'Logo Design');
INSERT INTO 'informix'.project(project_id, status_id, phase_id, phase_desc) VALUES(4020, 4, 131, 'Logo Design');

INSERT INTO 'informix'.project_result(project_id, user_id, submit_ind, valid_submission_ind, final_score, placed, passed_review_ind, num_appeals, num_successful_appeals, new_rating) VALUES(4016, 132456, 1, 1, 78.4, 5, 1, 8, 4, 3307);
INSERT INTO 'informix'.project_result(project_id, user_id, submit_ind, valid_submission_ind, final_score, placed, passed_review_ind, num_appeals, num_successful_appeals, new_rating) VALUES(4017, 132456, 1, 0, 84.06, 0, 0, 5, 2, 1282);
INSERT INTO 'informix'.project_result(project_id, user_id, submit_ind, valid_submission_ind, final_score, placed, passed_review_ind, num_appeals, num_successful_appeals, new_rating) VALUES(4018, 132456, 1, 1, 28.28, 5, 1, 1, 0, 2936);
INSERT INTO 'informix'.project_result(project_id, user_id, submit_ind, valid_submission_ind, final_score, placed, passed_review_ind, num_appeals, num_successful_appeals, new_rating) VALUES(4019, 132456, 1, 1, 49.71, 1, 1, 6, 4, 942);
INSERT INTO 'informix'.project_result(project_id, user_id, submit_ind, valid_submission_ind, final_score, placed, passed_review_ind, num_appeals, num_successful_appeals, new_rating) VALUES(4020, 132456, 1, 1, 42.05, 3, 1, 9, 4, 2950);

INSERT INTO 'informix'.project(project_id, status_id, phase_id, phase_desc) VALUES(4021, 4, 132, 'Print/Presentation');
INSERT INTO 'informix'.project(project_id, status_id, phase_id, phase_desc) VALUES(4022, 4, 132, 'Print/Presentation');
INSERT INTO 'informix'.project(project_id, status_id, phase_id, phase_desc) VALUES(4023, 4, 132, 'Print/Presentation');
INSERT INTO 'informix'.project(project_id, status_id, phase_id, phase_desc) VALUES(4024, 4, 132, 'Print/Presentation');
INSERT INTO 'informix'.project(project_id, status_id, phase_id, phase_desc) VALUES(4025, 4, 132, 'Print/Presentation');

INSERT INTO 'informix'.project_result(project_id, user_id, submit_ind, valid_submission_ind, final_score, placed, passed_review_ind, num_appeals, num_successful_appeals, new_rating) VALUES(4021, 132456, 1, 1, 13.76, 1, 1, 4, 3, 934);
INSERT INTO 'informix'.project_result(project_id, user_id, submit_ind, valid_submission_ind, final_score, placed, passed_review_ind, num_appeals, num_successful_appeals, new_rating) VALUES(4022, 132456, 0, 0, 39.38, 0, 0, 10, 2, 119);
INSERT INTO 'informix'.project_result(project_id, user_id, submit_ind, valid_submission_ind, final_score, placed, passed_review_ind, num_appeals, num_successful_appeals, new_rating) VALUES(4023, 132456, 1, 1, 83.42, 1, 1, 4, 1, 2555);
INSERT INTO 'informix'.project_result(project_id, user_id, submit_ind, valid_submission_ind, final_score, placed, passed_review_ind, num_appeals, num_successful_appeals, new_rating) VALUES(4024, 132456, 1, 0, 66.51, 0, 0, 8, 2, 2100);
INSERT INTO 'informix'.project_result(project_id, user_id, submit_ind, valid_submission_ind, final_score, placed, passed_review_ind, num_appeals, num_successful_appeals, new_rating) VALUES(4025, 132456, 1, 1, 24.08, 2, 1, 5, 2, 684);

INSERT INTO 'informix'.project(project_id, status_id, phase_id, phase_desc) VALUES(4026, 4, 133, 'Idea Generation');
INSERT INTO 'informix'.project(project_id, status_id, phase_id, phase_desc) VALUES(4027, 4, 133, 'Idea Generation');
INSERT INTO 'informix'.project(project_id, status_id, phase_id, phase_desc) VALUES(4028, 4, 133, 'Idea Generation');
INSERT INTO 'informix'.project(project_id, status_id, phase_id, phase_desc) VALUES(4029, 4, 133, 'Idea Generation');
INSERT INTO 'informix'.project(project_id, status_id, phase_id, phase_desc) VALUES(4030, 4, 133, 'Idea Generation');

INSERT INTO 'informix'.project_result(project_id, user_id, submit_ind, valid_submission_ind, final_score, placed, passed_review_ind, num_appeals, num_successful_appeals, new_rating) VALUES(4026, 132456, 1, 1, 35.63, 1, 1, 9, 3, 1391);
INSERT INTO 'informix'.project_result(project_id, user_id, submit_ind, valid_submission_ind, final_score, placed, passed_review_ind, num_appeals, num_successful_appeals, new_rating) VALUES(4027, 132456, 1, 0, 87.44, 0, 0, 3, 2, 953);
INSERT INTO 'informix'.project_result(project_id, user_id, submit_ind, valid_submission_ind, final_score, placed, passed_review_ind, num_appeals, num_successful_appeals, new_rating) VALUES(4028, 132456, 1, 0, 71.54, 0, 0, 3, 2, 2132);
INSERT INTO 'informix'.project_result(project_id, user_id, submit_ind, valid_submission_ind, final_score, placed, passed_review_ind, num_appeals, num_successful_appeals, new_rating) VALUES(4029, 132456, 0, 0, 81.3 , 0, 0, 7, 4, 845);
INSERT INTO 'informix'.project_result(project_id, user_id, submit_ind, valid_submission_ind, final_score, placed, passed_review_ind, num_appeals, num_successful_appeals, new_rating) VALUES(4030, 132456, 0, 0, 92.86, 0, 0, 3, 2, 751);

INSERT INTO 'informix'.project(project_id, status_id, phase_id, phase_desc) VALUES(4031, 4, 141, 'Widget or Mobile Screen Design');
INSERT INTO 'informix'.project(project_id, status_id, phase_id, phase_desc) VALUES(4032, 4, 141, 'Widget or Mobile Screen Design');
INSERT INTO 'informix'.project(project_id, status_id, phase_id, phase_desc) VALUES(4033, 4, 141, 'Widget or Mobile Screen Design');
INSERT INTO 'informix'.project(project_id, status_id, phase_id, phase_desc) VALUES(4034, 4, 141, 'Widget or Mobile Screen Design');
INSERT INTO 'informix'.project(project_id, status_id, phase_id, phase_desc) VALUES(4035, 4, 141, 'Widget or Mobile Screen Design');

INSERT INTO 'informix'.project_result(project_id, user_id, submit_ind, valid_submission_ind, final_score, placed, passed_review_ind, num_appeals, num_successful_appeals, new_rating) VALUES(4031, 132456, 1, 0, 28.54, 0, 0, 3, 2, 396);
INSERT INTO 'informix'.project_result(project_id, user_id, submit_ind, valid_submission_ind, final_score, placed, passed_review_ind, num_appeals, num_successful_appeals, new_rating) VALUES(4032, 132456, 1, 0, 39.44, 0, 0, 2, 1, 526);
INSERT INTO 'informix'.project_result(project_id, user_id, submit_ind, valid_submission_ind, final_score, placed, passed_review_ind, num_appeals, num_successful_appeals, new_rating) VALUES(4033, 132456, 1, 1, 14.03, 1, 1, 3, 0, 91);
INSERT INTO 'informix'.project_result(project_id, user_id, submit_ind, valid_submission_ind, final_score, placed, passed_review_ind, num_appeals, num_successful_appeals, new_rating) VALUES(4034, 132456, 0, 0, 25.54, 0, 0, 1, 0, 1639);
INSERT INTO 'informix'.project_result(project_id, user_id, submit_ind, valid_submission_ind, final_score, placed, passed_review_ind, num_appeals, num_successful_appeals, new_rating) VALUES(4035, 132456, 0, 0, 84.37, 0, 0, 5, 1, 3158);

INSERT INTO 'informix'.project(project_id, status_id, phase_id, phase_desc) VALUES(4036, 4, 142, 'Front-End Flash');
INSERT INTO 'informix'.project(project_id, status_id, phase_id, phase_desc) VALUES(4037, 4, 142, 'Front-End Flash');
INSERT INTO 'informix'.project(project_id, status_id, phase_id, phase_desc) VALUES(4038, 4, 142, 'Front-End Flash');
INSERT INTO 'informix'.project(project_id, status_id, phase_id, phase_desc) VALUES(4039, 4, 142, 'Front-End Flash');
INSERT INTO 'informix'.project(project_id, status_id, phase_id, phase_desc) VALUES(4040, 4, 142, 'Front-End Flash');

INSERT INTO 'informix'.project_result(project_id, user_id, submit_ind, valid_submission_ind, final_score, placed, passed_review_ind, num_appeals, num_successful_appeals, new_rating) VALUES(4036, 132456, 1, 0, 9.98 , 0, 0, 10, 3, 2550);
INSERT INTO 'informix'.project_result(project_id, user_id, submit_ind, valid_submission_ind, final_score, placed, passed_review_ind, num_appeals, num_successful_appeals, new_rating) VALUES(4037, 132456, 1, 0, 87.83, 0, 0, 6, 3, 1946);
INSERT INTO 'informix'.project_result(project_id, user_id, submit_ind, valid_submission_ind, final_score, placed, passed_review_ind, num_appeals, num_successful_appeals, new_rating) VALUES(4038, 132456, 0, 0, 69.66, 0, 0, 3, 2, 3044);
INSERT INTO 'informix'.project_result(project_id, user_id, submit_ind, valid_submission_ind, final_score, placed, passed_review_ind, num_appeals, num_successful_appeals, new_rating) VALUES(4039, 132456, 1, 1, 97.36, 1, 1, 3, 0, 2372);
INSERT INTO 'informix'.project_result(project_id, user_id, submit_ind, valid_submission_ind, final_score, placed, passed_review_ind, num_appeals, num_successful_appeals, new_rating) VALUES(4040, 132456, 0, 0, 4.88 , 0, 0, 9, 0, 826);

INSERT INTO 'informix'.project(project_id, status_id, phase_id, phase_desc) VALUES(4041, 4, 143, 'Application Front-End Design');
INSERT INTO 'informix'.project(project_id, status_id, phase_id, phase_desc) VALUES(4042, 4, 143, 'Application Front-End Design');
INSERT INTO 'informix'.project(project_id, status_id, phase_id, phase_desc) VALUES(4043, 4, 143, 'Application Front-End Design');
INSERT INTO 'informix'.project(project_id, status_id, phase_id, phase_desc) VALUES(4044, 4, 143, 'Application Front-End Design');
INSERT INTO 'informix'.project(project_id, status_id, phase_id, phase_desc) VALUES(4045, 4, 143, 'Application Front-End Design');

INSERT INTO 'informix'.project_result(project_id, user_id, submit_ind, valid_submission_ind, final_score, placed, passed_review_ind, num_appeals, num_successful_appeals, new_rating) VALUES(4041, 132456, 1, 1, 55.01, 5, 1, 6, 4, 2389);
INSERT INTO 'informix'.project_result(project_id, user_id, submit_ind, valid_submission_ind, final_score, placed, passed_review_ind, num_appeals, num_successful_appeals, new_rating) VALUES(4042, 132456, 1, 1, 52.98, 1, 1, 9, 5, 297);
INSERT INTO 'informix'.project_result(project_id, user_id, submit_ind, valid_submission_ind, final_score, placed, passed_review_ind, num_appeals, num_successful_appeals, new_rating) VALUES(4043, 132456, 0, 0, 46.82, 0, 0, 1, 0, 829);
INSERT INTO 'informix'.project_result(project_id, user_id, submit_ind, valid_submission_ind, final_score, placed, passed_review_ind, num_appeals, num_successful_appeals, new_rating) VALUES(4044, 132456, 0, 0, 5.16 , 0, 0, 3, 1, 2016);
INSERT INTO 'informix'.project_result(project_id, user_id, submit_ind, valid_submission_ind, final_score, placed, passed_review_ind, num_appeals, num_successful_appeals, new_rating) VALUES(4045, 132456, 0, 0, 49.47, 0, 0, 4, 3, 1163);

INSERT INTO 'informix'.project(project_id, status_id, phase_id, phase_desc) VALUES(4046, 4, 145, 'Other');
INSERT INTO 'informix'.project(project_id, status_id, phase_id, phase_desc) VALUES(4047, 4, 145, 'Other');
INSERT INTO 'informix'.project(project_id, status_id, phase_id, phase_desc) VALUES(4048, 4, 145, 'Other');
INSERT INTO 'informix'.project(project_id, status_id, phase_id, phase_desc) VALUES(4049, 4, 145, 'Other');
INSERT INTO 'informix'.project(project_id, status_id, phase_id, phase_desc) VALUES(4050, 4, 145, 'Other');

INSERT INTO 'informix'.project_result(project_id, user_id, submit_ind, valid_submission_ind, final_score, placed, passed_review_ind, num_appeals, num_successful_appeals, new_rating) VALUES(4046, 132456, 0, 0, 35.74, 0, 0, 9, 8, 1799);
INSERT INTO 'informix'.project_result(project_id, user_id, submit_ind, valid_submission_ind, final_score, placed, passed_review_ind, num_appeals, num_successful_appeals, new_rating) VALUES(4047, 132456, 1, 1, 19.45, 1, 1, 4, 2, 2065);
INSERT INTO 'informix'.project_result(project_id, user_id, submit_ind, valid_submission_ind, final_score, placed, passed_review_ind, num_appeals, num_successful_appeals, new_rating) VALUES(4048, 132456, 0, 0, 32.3 , 0, 0, 4, 0, 1646);
INSERT INTO 'informix'.project_result(project_id, user_id, submit_ind, valid_submission_ind, final_score, placed, passed_review_ind, num_appeals, num_successful_appeals, new_rating) VALUES(4049, 132456, 1, 0, 40.49, 0, 0, 5, 2, 3029);
INSERT INTO 'informix'.project_result(project_id, user_id, submit_ind, valid_submission_ind, final_score, placed, passed_review_ind, num_appeals, num_successful_appeals, new_rating) VALUES(4050, 132456, 0, 0, 49.26, 0, 0, 1, 0, 3062);



database tcs_catalog;

INSERT INTO 'informix'.project(project_id, project_status_id, project_category_id, create_user, create_date, modify_user, modify_date) VALUES(4001, 11, 31, 'heffan', CURRENT, 'heffan', CURRENT);
INSERT INTO 'informix'.project(project_id, project_status_id, project_category_id, create_user, create_date, modify_user, modify_date) VALUES(4002, 7, 22, 'heffan', CURRENT, 'heffan', CURRENT);
INSERT INTO 'informix'.project(project_id, project_status_id, project_category_id, create_user, create_date, modify_user, modify_date) VALUES(4003, 7, 31, 'heffan', CURRENT, 'heffan', CURRENT);
INSERT INTO 'informix'.project(project_id, project_status_id, project_category_id, create_user, create_date, modify_user, modify_date) VALUES(4004, 11, 21, 'heffan', CURRENT, 'heffan', CURRENT);
INSERT INTO 'informix'.project(project_id, project_status_id, project_category_id, create_user, create_date, modify_user, modify_date) VALUES(4005, 11, 22, 'heffan', CURRENT, 'heffan', CURRENT);
INSERT INTO 'informix'.project(project_id, project_status_id, project_category_id, create_user, create_date, modify_user, modify_date) VALUES(4006, 6, 30, 'heffan', CURRENT, 'heffan', CURRENT);
INSERT INTO 'informix'.project(project_id, project_status_id, project_category_id, create_user, create_date, modify_user, modify_date) VALUES(4007, 7, 20, 'heffan', CURRENT, 'heffan', CURRENT);
INSERT INTO 'informix'.project(project_id, project_status_id, project_category_id, create_user, create_date, modify_user, modify_date) VALUES(4008, 11, 32, 'heffan', CURRENT, 'heffan', CURRENT);
INSERT INTO 'informix'.project(project_id, project_status_id, project_category_id, create_user, create_date, modify_user, modify_date) VALUES(4009, 7, 22, 'heffan', CURRENT, 'heffan', CURRENT);
INSERT INTO 'informix'.project(project_id, project_status_id, project_category_id, create_user, create_date, modify_user, modify_date) VALUES(4010, 10, 31, 'heffan', CURRENT, 'heffan', CURRENT);
INSERT INTO 'informix'.project(project_id, project_status_id, project_category_id, create_user, create_date, modify_user, modify_date) VALUES(4011, 11, 30, 'heffan', CURRENT, 'heffan', CURRENT);
INSERT INTO 'informix'.project(project_id, project_status_id, project_category_id, create_user, create_date, modify_user, modify_date) VALUES(4012, 7, 20, 'heffan', CURRENT, 'heffan', CURRENT);
INSERT INTO 'informix'.project(project_id, project_status_id, project_category_id, create_user, create_date, modify_user, modify_date) VALUES(4013, 4, 22, 'heffan', CURRENT, 'heffan', CURRENT);
INSERT INTO 'informix'.project(project_id, project_status_id, project_category_id, create_user, create_date, modify_user, modify_date) VALUES(4014, 5, 32, 'heffan', CURRENT, 'heffan', CURRENT);
INSERT INTO 'informix'.project(project_id, project_status_id, project_category_id, create_user, create_date, modify_user, modify_date) VALUES(4015, 6, 30, 'heffan', CURRENT, 'heffan', CURRENT);
INSERT INTO 'informix'.project(project_id, project_status_id, project_category_id, create_user, create_date, modify_user, modify_date) VALUES(4016, 6, 18, 'heffan', CURRENT, 'heffan', CURRENT);
INSERT INTO 'informix'.project(project_id, project_status_id, project_category_id, create_user, create_date, modify_user, modify_date) VALUES(4017, 5, 21, 'heffan', CURRENT, 'heffan', CURRENT);
INSERT INTO 'informix'.project(project_id, project_status_id, project_category_id, create_user, create_date, modify_user, modify_date) VALUES(4018, 7, 18, 'heffan', CURRENT, 'heffan', CURRENT);
INSERT INTO 'informix'.project(project_id, project_status_id, project_category_id, create_user, create_date, modify_user, modify_date) VALUES(4019, 11, 31, 'heffan', CURRENT, 'heffan', CURRENT);
INSERT INTO 'informix'.project(project_id, project_status_id, project_category_id, create_user, create_date, modify_user, modify_date) VALUES(4020, 6, 17, 'heffan', CURRENT, 'heffan', CURRENT);
INSERT INTO 'informix'.project(project_id, project_status_id, project_category_id, create_user, create_date, modify_user, modify_date) VALUES(4021, 11, 20, 'heffan', CURRENT, 'heffan', CURRENT);
INSERT INTO 'informix'.project(project_id, project_status_id, project_category_id, create_user, create_date, modify_user, modify_date) VALUES(4022, 4, 18, 'heffan', CURRENT, 'heffan', CURRENT);
INSERT INTO 'informix'.project(project_id, project_status_id, project_category_id, create_user, create_date, modify_user, modify_date) VALUES(4023, 7, 16, 'heffan', CURRENT, 'heffan', CURRENT);
INSERT INTO 'informix'.project(project_id, project_status_id, project_category_id, create_user, create_date, modify_user, modify_date) VALUES(4024, 7, 20, 'heffan', CURRENT, 'heffan', CURRENT);
INSERT INTO 'informix'.project(project_id, project_status_id, project_category_id, create_user, create_date, modify_user, modify_date) VALUES(4025, 5, 21, 'heffan', CURRENT, 'heffan', CURRENT);
INSERT INTO 'informix'.project(project_id, project_status_id, project_category_id, create_user, create_date, modify_user, modify_date) VALUES(4026, 11, 32, 'heffan', CURRENT, 'heffan', CURRENT);
INSERT INTO 'informix'.project(project_id, project_status_id, project_category_id, create_user, create_date, modify_user, modify_date) VALUES(4027, 11, 20, 'heffan', CURRENT, 'heffan', CURRENT);
INSERT INTO 'informix'.project(project_id, project_status_id, project_category_id, create_user, create_date, modify_user, modify_date) VALUES(4028, 5, 21, 'heffan', CURRENT, 'heffan', CURRENT);
INSERT INTO 'informix'.project(project_id, project_status_id, project_category_id, create_user, create_date, modify_user, modify_date) VALUES(4029, 7, 16, 'heffan', CURRENT, 'heffan', CURRENT);
INSERT INTO 'informix'.project(project_id, project_status_id, project_category_id, create_user, create_date, modify_user, modify_date) VALUES(4030, 4, 22, 'heffan', CURRENT, 'heffan', CURRENT);
INSERT INTO 'informix'.project(project_id, project_status_id, project_category_id, create_user, create_date, modify_user, modify_date) VALUES(4031, 7, 22, 'heffan', CURRENT, 'heffan', CURRENT);
INSERT INTO 'informix'.project(project_id, project_status_id, project_category_id, create_user, create_date, modify_user, modify_date) VALUES(4032, 11, 16, 'heffan', CURRENT, 'heffan', CURRENT);
INSERT INTO 'informix'.project(project_id, project_status_id, project_category_id, create_user, create_date, modify_user, modify_date) VALUES(4033, 4, 21, 'heffan', CURRENT, 'heffan', CURRENT);
INSERT INTO 'informix'.project(project_id, project_status_id, project_category_id, create_user, create_date, modify_user, modify_date) VALUES(4034, 6, 34, 'heffan', CURRENT, 'heffan', CURRENT);
INSERT INTO 'informix'.project(project_id, project_status_id, project_category_id, create_user, create_date, modify_user, modify_date) VALUES(4035, 10, 30, 'heffan', CURRENT, 'heffan', CURRENT);
INSERT INTO 'informix'.project(project_id, project_status_id, project_category_id, create_user, create_date, modify_user, modify_date) VALUES(4036, 11, 17, 'heffan', CURRENT, 'heffan', CURRENT);
INSERT INTO 'informix'.project(project_id, project_status_id, project_category_id, create_user, create_date, modify_user, modify_date) VALUES(4037, 4, 16, 'heffan', CURRENT, 'heffan', CURRENT);
INSERT INTO 'informix'.project(project_id, project_status_id, project_category_id, create_user, create_date, modify_user, modify_date) VALUES(4038, 4, 17, 'heffan', CURRENT, 'heffan', CURRENT);
INSERT INTO 'informix'.project(project_id, project_status_id, project_category_id, create_user, create_date, modify_user, modify_date) VALUES(4039, 6, 32, 'heffan', CURRENT, 'heffan', CURRENT);
INSERT INTO 'informix'.project(project_id, project_status_id, project_category_id, create_user, create_date, modify_user, modify_date) VALUES(4040, 6, 17, 'heffan', CURRENT, 'heffan', CURRENT);
INSERT INTO 'informix'.project(project_id, project_status_id, project_category_id, create_user, create_date, modify_user, modify_date) VALUES(4041, 11, 32, 'heffan', CURRENT, 'heffan', CURRENT);
INSERT INTO 'informix'.project(project_id, project_status_id, project_category_id, create_user, create_date, modify_user, modify_date) VALUES(4042, 10, 30, 'heffan', CURRENT, 'heffan', CURRENT);
INSERT INTO 'informix'.project(project_id, project_status_id, project_category_id, create_user, create_date, modify_user, modify_date) VALUES(4043, 5, 32, 'heffan', CURRENT, 'heffan', CURRENT);
INSERT INTO 'informix'.project(project_id, project_status_id, project_category_id, create_user, create_date, modify_user, modify_date) VALUES(4044, 4, 30, 'heffan', CURRENT, 'heffan', CURRENT);
INSERT INTO 'informix'.project(project_id, project_status_id, project_category_id, create_user, create_date, modify_user, modify_date) VALUES(4045, 4, 17, 'heffan', CURRENT, 'heffan', CURRENT);
INSERT INTO 'informix'.project(project_id, project_status_id, project_category_id, create_user, create_date, modify_user, modify_date) VALUES(4046, 4, 21, 'heffan', CURRENT, 'heffan', CURRENT);
INSERT INTO 'informix'.project(project_id, project_status_id, project_category_id, create_user, create_date, modify_user, modify_date) VALUES(4047, 10, 21, 'heffan', CURRENT, 'heffan', CURRENT);
INSERT INTO 'informix'.project(project_id, project_status_id, project_category_id, create_user, create_date, modify_user, modify_date) VALUES(4048, 6, 17, 'heffan', CURRENT, 'heffan', CURRENT);
INSERT INTO 'informix'.project(project_id, project_status_id, project_category_id, create_user, create_date, modify_user, modify_date) VALUES(4049, 10, 17, 'heffan', CURRENT, 'heffan', CURRENT);
INSERT INTO 'informix'.project(project_id, project_status_id, project_category_id, create_user, create_date, modify_user, modify_date) VALUES(4050, 10, 22, 'heffan', CURRENT, 'heffan', CURRENT);

INSERT INTO 'informix'.resource(resource_id, resource_role_id, project_id, create_user, create_date, modify_user, modify_date) VALUES(4001, 14, 4001, 'heffan', CURRENT, 'heffan', CURRENT);
INSERT INTO 'informix'.resource(resource_id, resource_role_id, project_id, create_user, create_date, modify_user, modify_date) VALUES(4002, 14, 4002, 'heffan', CURRENT, 'heffan', CURRENT);
INSERT INTO 'informix'.resource(resource_id, resource_role_id, project_id, create_user, create_date, modify_user, modify_date) VALUES(4003, 14, 4003, 'heffan', CURRENT, 'heffan', CURRENT);
INSERT INTO 'informix'.resource(resource_id, resource_role_id, project_id, create_user, create_date, modify_user, modify_date) VALUES(4004, 14, 4004, 'heffan', CURRENT, 'heffan', CURRENT);
INSERT INTO 'informix'.resource(resource_id, resource_role_id, project_id, create_user, create_date, modify_user, modify_date) VALUES(4005, 14, 4005, 'heffan', CURRENT, 'heffan', CURRENT);
INSERT INTO 'informix'.resource(resource_id, resource_role_id, project_id, create_user, create_date, modify_user, modify_date) VALUES(4006, 14, 4006, 'heffan', CURRENT, 'heffan', CURRENT);
INSERT INTO 'informix'.resource(resource_id, resource_role_id, project_id, create_user, create_date, modify_user, modify_date) VALUES(4007, 14, 4007, 'heffan', CURRENT, 'heffan', CURRENT);
INSERT INTO 'informix'.resource(resource_id, resource_role_id, project_id, create_user, create_date, modify_user, modify_date) VALUES(4008, 14, 4008, 'heffan', CURRENT, 'heffan', CURRENT);
INSERT INTO 'informix'.resource(resource_id, resource_role_id, project_id, create_user, create_date, modify_user, modify_date) VALUES(4009, 14, 4009, 'heffan', CURRENT, 'heffan', CURRENT);
INSERT INTO 'informix'.resource(resource_id, resource_role_id, project_id, create_user, create_date, modify_user, modify_date) VALUES(4010, 14, 4010, 'heffan', CURRENT, 'heffan', CURRENT);
INSERT INTO 'informix'.resource(resource_id, resource_role_id, project_id, create_user, create_date, modify_user, modify_date) VALUES(4011, 14, 4011, 'heffan', CURRENT, 'heffan', CURRENT);
INSERT INTO 'informix'.resource(resource_id, resource_role_id, project_id, create_user, create_date, modify_user, modify_date) VALUES(4012, 14, 4012, 'heffan', CURRENT, 'heffan', CURRENT);
INSERT INTO 'informix'.resource(resource_id, resource_role_id, project_id, create_user, create_date, modify_user, modify_date) VALUES(4013, 14, 4013, 'heffan', CURRENT, 'heffan', CURRENT);
INSERT INTO 'informix'.resource(resource_id, resource_role_id, project_id, create_user, create_date, modify_user, modify_date) VALUES(4014, 14, 4014, 'heffan', CURRENT, 'heffan', CURRENT);
INSERT INTO 'informix'.resource(resource_id, resource_role_id, project_id, create_user, create_date, modify_user, modify_date) VALUES(4015, 14, 4015, 'heffan', CURRENT, 'heffan', CURRENT);
INSERT INTO 'informix'.resource(resource_id, resource_role_id, project_id, create_user, create_date, modify_user, modify_date) VALUES(4016, 14, 4016, 'heffan', CURRENT, 'heffan', CURRENT);
INSERT INTO 'informix'.resource(resource_id, resource_role_id, project_id, create_user, create_date, modify_user, modify_date) VALUES(4017, 14, 4017, 'heffan', CURRENT, 'heffan', CURRENT);
INSERT INTO 'informix'.resource(resource_id, resource_role_id, project_id, create_user, create_date, modify_user, modify_date) VALUES(4018, 14, 4018, 'heffan', CURRENT, 'heffan', CURRENT);
INSERT INTO 'informix'.resource(resource_id, resource_role_id, project_id, create_user, create_date, modify_user, modify_date) VALUES(4019, 14, 4019, 'heffan', CURRENT, 'heffan', CURRENT);
INSERT INTO 'informix'.resource(resource_id, resource_role_id, project_id, create_user, create_date, modify_user, modify_date) VALUES(4020, 14, 4020, 'heffan', CURRENT, 'heffan', CURRENT);
INSERT INTO 'informix'.resource(resource_id, resource_role_id, project_id, create_user, create_date, modify_user, modify_date) VALUES(4021, 14, 4021, 'heffan', CURRENT, 'heffan', CURRENT);
INSERT INTO 'informix'.resource(resource_id, resource_role_id, project_id, create_user, create_date, modify_user, modify_date) VALUES(4022, 14, 4022, 'heffan', CURRENT, 'heffan', CURRENT);
INSERT INTO 'informix'.resource(resource_id, resource_role_id, project_id, create_user, create_date, modify_user, modify_date) VALUES(4023, 14, 4023, 'heffan', CURRENT, 'heffan', CURRENT);
INSERT INTO 'informix'.resource(resource_id, resource_role_id, project_id, create_user, create_date, modify_user, modify_date) VALUES(4024, 14, 4024, 'heffan', CURRENT, 'heffan', CURRENT);
INSERT INTO 'informix'.resource(resource_id, resource_role_id, project_id, create_user, create_date, modify_user, modify_date) VALUES(4025, 14, 4025, 'heffan', CURRENT, 'heffan', CURRENT);
INSERT INTO 'informix'.resource(resource_id, resource_role_id, project_id, create_user, create_date, modify_user, modify_date) VALUES(4026, 14, 4026, 'heffan', CURRENT, 'heffan', CURRENT);
INSERT INTO 'informix'.resource(resource_id, resource_role_id, project_id, create_user, create_date, modify_user, modify_date) VALUES(4027, 14, 4027, 'heffan', CURRENT, 'heffan', CURRENT);
INSERT INTO 'informix'.resource(resource_id, resource_role_id, project_id, create_user, create_date, modify_user, modify_date) VALUES(4028, 14, 4028, 'heffan', CURRENT, 'heffan', CURRENT);
INSERT INTO 'informix'.resource(resource_id, resource_role_id, project_id, create_user, create_date, modify_user, modify_date) VALUES(4029, 14, 4029, 'heffan', CURRENT, 'heffan', CURRENT);
INSERT INTO 'informix'.resource(resource_id, resource_role_id, project_id, create_user, create_date, modify_user, modify_date) VALUES(4030, 14, 4030, 'heffan', CURRENT, 'heffan', CURRENT);
INSERT INTO 'informix'.resource(resource_id, resource_role_id, project_id, create_user, create_date, modify_user, modify_date) VALUES(4031, 14, 4031, 'heffan', CURRENT, 'heffan', CURRENT);
INSERT INTO 'informix'.resource(resource_id, resource_role_id, project_id, create_user, create_date, modify_user, modify_date) VALUES(4032, 14, 4032, 'heffan', CURRENT, 'heffan', CURRENT);
INSERT INTO 'informix'.resource(resource_id, resource_role_id, project_id, create_user, create_date, modify_user, modify_date) VALUES(4033, 14, 4033, 'heffan', CURRENT, 'heffan', CURRENT);
INSERT INTO 'informix'.resource(resource_id, resource_role_id, project_id, create_user, create_date, modify_user, modify_date) VALUES(4034, 14, 4034, 'heffan', CURRENT, 'heffan', CURRENT);
INSERT INTO 'informix'.resource(resource_id, resource_role_id, project_id, create_user, create_date, modify_user, modify_date) VALUES(4035, 14, 4035, 'heffan', CURRENT, 'heffan', CURRENT);
INSERT INTO 'informix'.resource(resource_id, resource_role_id, project_id, create_user, create_date, modify_user, modify_date) VALUES(4036, 14, 4036, 'heffan', CURRENT, 'heffan', CURRENT);
INSERT INTO 'informix'.resource(resource_id, resource_role_id, project_id, create_user, create_date, modify_user, modify_date) VALUES(4037, 14, 4037, 'heffan', CURRENT, 'heffan', CURRENT);
INSERT INTO 'informix'.resource(resource_id, resource_role_id, project_id, create_user, create_date, modify_user, modify_date) VALUES(4038, 14, 4038, 'heffan', CURRENT, 'heffan', CURRENT);
INSERT INTO 'informix'.resource(resource_id, resource_role_id, project_id, create_user, create_date, modify_user, modify_date) VALUES(4039, 14, 4039, 'heffan', CURRENT, 'heffan', CURRENT);
INSERT INTO 'informix'.resource(resource_id, resource_role_id, project_id, create_user, create_date, modify_user, modify_date) VALUES(4040, 14, 4040, 'heffan', CURRENT, 'heffan', CURRENT);
INSERT INTO 'informix'.resource(resource_id, resource_role_id, project_id, create_user, create_date, modify_user, modify_date) VALUES(4041, 14, 4041, 'heffan', CURRENT, 'heffan', CURRENT);
INSERT INTO 'informix'.resource(resource_id, resource_role_id, project_id, create_user, create_date, modify_user, modify_date) VALUES(4042, 14, 4042, 'heffan', CURRENT, 'heffan', CURRENT);
INSERT INTO 'informix'.resource(resource_id, resource_role_id, project_id, create_user, create_date, modify_user, modify_date) VALUES(4043, 14, 4043, 'heffan', CURRENT, 'heffan', CURRENT);
INSERT INTO 'informix'.resource(resource_id, resource_role_id, project_id, create_user, create_date, modify_user, modify_date) VALUES(4044, 14, 4044, 'heffan', CURRENT, 'heffan', CURRENT);
INSERT INTO 'informix'.resource(resource_id, resource_role_id, project_id, create_user, create_date, modify_user, modify_date) VALUES(4045, 14, 4045, 'heffan', CURRENT, 'heffan', CURRENT);
INSERT INTO 'informix'.resource(resource_id, resource_role_id, project_id, create_user, create_date, modify_user, modify_date) VALUES(4046, 14, 4046, 'heffan', CURRENT, 'heffan', CURRENT);
INSERT INTO 'informix'.resource(resource_id, resource_role_id, project_id, create_user, create_date, modify_user, modify_date) VALUES(4047, 14, 4047, 'heffan', CURRENT, 'heffan', CURRENT);
INSERT INTO 'informix'.resource(resource_id, resource_role_id, project_id, create_user, create_date, modify_user, modify_date) VALUES(4048, 14, 4048, 'heffan', CURRENT, 'heffan', CURRENT);
INSERT INTO 'informix'.resource(resource_id, resource_role_id, project_id, create_user, create_date, modify_user, modify_date) VALUES(4049, 14, 4049, 'heffan', CURRENT, 'heffan', CURRENT);
INSERT INTO 'informix'.resource(resource_id, resource_role_id, project_id, create_user, create_date, modify_user, modify_date) VALUES(4050, 14, 4050, 'heffan', CURRENT, 'heffan', CURRENT);

INSERT INTO 'informix'.resource_info(resource_id, resource_info_type_id, value, create_user, create_date, modify_user, modify_date) VALUES(4001, 1, 132456, 'heffan', CURRENT, 'heffan', CURRENT);
INSERT INTO 'informix'.resource_info(resource_id, resource_info_type_id, value, create_user, create_date, modify_user, modify_date) VALUES(4002, 1, 132456, 'heffan', CURRENT, 'heffan', CURRENT);
INSERT INTO 'informix'.resource_info(resource_id, resource_info_type_id, value, create_user, create_date, modify_user, modify_date) VALUES(4003, 1, 132456, 'heffan', CURRENT, 'heffan', CURRENT);
INSERT INTO 'informix'.resource_info(resource_id, resource_info_type_id, value, create_user, create_date, modify_user, modify_date) VALUES(4004, 1, 132456, 'heffan', CURRENT, 'heffan', CURRENT);
INSERT INTO 'informix'.resource_info(resource_id, resource_info_type_id, value, create_user, create_date, modify_user, modify_date) VALUES(4005, 1, 132456, 'heffan', CURRENT, 'heffan', CURRENT);
INSERT INTO 'informix'.resource_info(resource_id, resource_info_type_id, value, create_user, create_date, modify_user, modify_date) VALUES(4006, 1, 132456, 'heffan', CURRENT, 'heffan', CURRENT);
INSERT INTO 'informix'.resource_info(resource_id, resource_info_type_id, value, create_user, create_date, modify_user, modify_date) VALUES(4007, 1, 132456, 'heffan', CURRENT, 'heffan', CURRENT);
INSERT INTO 'informix'.resource_info(resource_id, resource_info_type_id, value, create_user, create_date, modify_user, modify_date) VALUES(4008, 1, 132456, 'heffan', CURRENT, 'heffan', CURRENT);
INSERT INTO 'informix'.resource_info(resource_id, resource_info_type_id, value, create_user, create_date, modify_user, modify_date) VALUES(4009, 1, 132456, 'heffan', CURRENT, 'heffan', CURRENT);
INSERT INTO 'informix'.resource_info(resource_id, resource_info_type_id, value, create_user, create_date, modify_user, modify_date) VALUES(4010, 1, 132456, 'heffan', CURRENT, 'heffan', CURRENT);
INSERT INTO 'informix'.resource_info(resource_id, resource_info_type_id, value, create_user, create_date, modify_user, modify_date) VALUES(4011, 1, 132456, 'heffan', CURRENT, 'heffan', CURRENT);
INSERT INTO 'informix'.resource_info(resource_id, resource_info_type_id, value, create_user, create_date, modify_user, modify_date) VALUES(4012, 1, 132456, 'heffan', CURRENT, 'heffan', CURRENT);
INSERT INTO 'informix'.resource_info(resource_id, resource_info_type_id, value, create_user, create_date, modify_user, modify_date) VALUES(4013, 1, 132456, 'heffan', CURRENT, 'heffan', CURRENT);
INSERT INTO 'informix'.resource_info(resource_id, resource_info_type_id, value, create_user, create_date, modify_user, modify_date) VALUES(4014, 1, 132456, 'heffan', CURRENT, 'heffan', CURRENT);
INSERT INTO 'informix'.resource_info(resource_id, resource_info_type_id, value, create_user, create_date, modify_user, modify_date) VALUES(4015, 1, 132456, 'heffan', CURRENT, 'heffan', CURRENT);
INSERT INTO 'informix'.resource_info(resource_id, resource_info_type_id, value, create_user, create_date, modify_user, modify_date) VALUES(4016, 1, 132456, 'heffan', CURRENT, 'heffan', CURRENT);
INSERT INTO 'informix'.resource_info(resource_id, resource_info_type_id, value, create_user, create_date, modify_user, modify_date) VALUES(4017, 1, 132456, 'heffan', CURRENT, 'heffan', CURRENT);
INSERT INTO 'informix'.resource_info(resource_id, resource_info_type_id, value, create_user, create_date, modify_user, modify_date) VALUES(4018, 1, 132456, 'heffan', CURRENT, 'heffan', CURRENT);
INSERT INTO 'informix'.resource_info(resource_id, resource_info_type_id, value, create_user, create_date, modify_user, modify_date) VALUES(4019, 1, 132456, 'heffan', CURRENT, 'heffan', CURRENT);
INSERT INTO 'informix'.resource_info(resource_id, resource_info_type_id, value, create_user, create_date, modify_user, modify_date) VALUES(4020, 1, 132456, 'heffan', CURRENT, 'heffan', CURRENT);
INSERT INTO 'informix'.resource_info(resource_id, resource_info_type_id, value, create_user, create_date, modify_user, modify_date) VALUES(4021, 1, 132456, 'heffan', CURRENT, 'heffan', CURRENT);
INSERT INTO 'informix'.resource_info(resource_id, resource_info_type_id, value, create_user, create_date, modify_user, modify_date) VALUES(4022, 1, 132456, 'heffan', CURRENT, 'heffan', CURRENT);
INSERT INTO 'informix'.resource_info(resource_id, resource_info_type_id, value, create_user, create_date, modify_user, modify_date) VALUES(4023, 1, 132456, 'heffan', CURRENT, 'heffan', CURRENT);
INSERT INTO 'informix'.resource_info(resource_id, resource_info_type_id, value, create_user, create_date, modify_user, modify_date) VALUES(4024, 1, 132456, 'heffan', CURRENT, 'heffan', CURRENT);
INSERT INTO 'informix'.resource_info(resource_id, resource_info_type_id, value, create_user, create_date, modify_user, modify_date) VALUES(4025, 1, 132456, 'heffan', CURRENT, 'heffan', CURRENT);
INSERT INTO 'informix'.resource_info(resource_id, resource_info_type_id, value, create_user, create_date, modify_user, modify_date) VALUES(4026, 1, 132456, 'heffan', CURRENT, 'heffan', CURRENT);
INSERT INTO 'informix'.resource_info(resource_id, resource_info_type_id, value, create_user, create_date, modify_user, modify_date) VALUES(4027, 1, 132456, 'heffan', CURRENT, 'heffan', CURRENT);
INSERT INTO 'informix'.resource_info(resource_id, resource_info_type_id, value, create_user, create_date, modify_user, modify_date) VALUES(4028, 1, 132456, 'heffan', CURRENT, 'heffan', CURRENT);
INSERT INTO 'informix'.resource_info(resource_id, resource_info_type_id, value, create_user, create_date, modify_user, modify_date) VALUES(4029, 1, 132456, 'heffan', CURRENT, 'heffan', CURRENT);
INSERT INTO 'informix'.resource_info(resource_id, resource_info_type_id, value, create_user, create_date, modify_user, modify_date) VALUES(4030, 1, 132456, 'heffan', CURRENT, 'heffan', CURRENT);
INSERT INTO 'informix'.resource_info(resource_id, resource_info_type_id, value, create_user, create_date, modify_user, modify_date) VALUES(4031, 1, 132456, 'heffan', CURRENT, 'heffan', CURRENT);
INSERT INTO 'informix'.resource_info(resource_id, resource_info_type_id, value, create_user, create_date, modify_user, modify_date) VALUES(4032, 1, 132456, 'heffan', CURRENT, 'heffan', CURRENT);
INSERT INTO 'informix'.resource_info(resource_id, resource_info_type_id, value, create_user, create_date, modify_user, modify_date) VALUES(4033, 1, 132456, 'heffan', CURRENT, 'heffan', CURRENT);
INSERT INTO 'informix'.resource_info(resource_id, resource_info_type_id, value, create_user, create_date, modify_user, modify_date) VALUES(4034, 1, 132456, 'heffan', CURRENT, 'heffan', CURRENT);
INSERT INTO 'informix'.resource_info(resource_id, resource_info_type_id, value, create_user, create_date, modify_user, modify_date) VALUES(4035, 1, 132456, 'heffan', CURRENT, 'heffan', CURRENT);
INSERT INTO 'informix'.resource_info(resource_id, resource_info_type_id, value, create_user, create_date, modify_user, modify_date) VALUES(4036, 1, 132456, 'heffan', CURRENT, 'heffan', CURRENT);
INSERT INTO 'informix'.resource_info(resource_id, resource_info_type_id, value, create_user, create_date, modify_user, modify_date) VALUES(4037, 1, 132456, 'heffan', CURRENT, 'heffan', CURRENT);
INSERT INTO 'informix'.resource_info(resource_id, resource_info_type_id, value, create_user, create_date, modify_user, modify_date) VALUES(4038, 1, 132456, 'heffan', CURRENT, 'heffan', CURRENT);
INSERT INTO 'informix'.resource_info(resource_id, resource_info_type_id, value, create_user, create_date, modify_user, modify_date) VALUES(4039, 1, 132456, 'heffan', CURRENT, 'heffan', CURRENT);
INSERT INTO 'informix'.resource_info(resource_id, resource_info_type_id, value, create_user, create_date, modify_user, modify_date) VALUES(4040, 1, 132456, 'heffan', CURRENT, 'heffan', CURRENT);
INSERT INTO 'informix'.resource_info(resource_id, resource_info_type_id, value, create_user, create_date, modify_user, modify_date) VALUES(4041, 1, 132456, 'heffan', CURRENT, 'heffan', CURRENT);
INSERT INTO 'informix'.resource_info(resource_id, resource_info_type_id, value, create_user, create_date, modify_user, modify_date) VALUES(4042, 1, 132456, 'heffan', CURRENT, 'heffan', CURRENT);
INSERT INTO 'informix'.resource_info(resource_id, resource_info_type_id, value, create_user, create_date, modify_user, modify_date) VALUES(4043, 1, 132456, 'heffan', CURRENT, 'heffan', CURRENT);
INSERT INTO 'informix'.resource_info(resource_id, resource_info_type_id, value, create_user, create_date, modify_user, modify_date) VALUES(4044, 1, 132456, 'heffan', CURRENT, 'heffan', CURRENT);
INSERT INTO 'informix'.resource_info(resource_id, resource_info_type_id, value, create_user, create_date, modify_user, modify_date) VALUES(4045, 1, 132456, 'heffan', CURRENT, 'heffan', CURRENT);
INSERT INTO 'informix'.resource_info(resource_id, resource_info_type_id, value, create_user, create_date, modify_user, modify_date) VALUES(4046, 1, 132456, 'heffan', CURRENT, 'heffan', CURRENT);
INSERT INTO 'informix'.resource_info(resource_id, resource_info_type_id, value, create_user, create_date, modify_user, modify_date) VALUES(4047, 1, 132456, 'heffan', CURRENT, 'heffan', CURRENT);
INSERT INTO 'informix'.resource_info(resource_id, resource_info_type_id, value, create_user, create_date, modify_user, modify_date) VALUES(4048, 1, 132456, 'heffan', CURRENT, 'heffan', CURRENT);
INSERT INTO 'informix'.resource_info(resource_id, resource_info_type_id, value, create_user, create_date, modify_user, modify_date) VALUES(4049, 1, 132456, 'heffan', CURRENT, 'heffan', CURRENT);
INSERT INTO 'informix'.resource_info(resource_id, resource_info_type_id, value, create_user, create_date, modify_user, modify_date) VALUES(4050, 1, 132456, 'heffan', CURRENT, 'heffan', CURRENT);

INSERT INTO 'informix'.project(project_id, project_status_id, project_category_id, create_user, create_date, modify_user, modify_date) VALUES(5001, 10, 39, 'heffan', CURRENT, 'heffan', CURRENT);
INSERT INTO 'informix'.linked_project_xref(source_project_id, dest_project_id, link_type_id) VALUES(4001, 5001, 5);


--software

database topcoder_dw;

INSERT INTO 'informix'.user_achievement(coder_id, achievement_date, achievement_type_id, description) VALUES(132456, CURRENT, 1, 'test achievement 0');
INSERT INTO 'informix'.user_achievement(coder_id, achievement_date, achievement_type_id, description) VALUES(132456, CURRENT, 2, 'test achievement 1');
INSERT INTO 'informix'.user_achievement(coder_id, achievement_date, achievement_type_id, description) VALUES(132456, CURRENT, 3, 'test achievement 2');
INSERT INTO 'informix'.user_achievement(coder_id, achievement_date, achievement_type_id, description) VALUES(132456, CURRENT, 4, 'test achievement 3');
INSERT INTO 'informix'.user_achievement(coder_id, achievement_date, achievement_type_id, description) VALUES(132456, CURRENT, 5, 'test achievement 4');
INSERT INTO 'informix'.user_achievement(coder_id, achievement_date, achievement_type_id, description) VALUES(132456, CURRENT, 6, 'test achievement 5');
INSERT INTO 'informix'.user_achievement(coder_id, achievement_date, achievement_type_id, description) VALUES(132456, CURRENT, 7, 'test achievement 6');
INSERT INTO 'informix'.user_achievement(coder_id, achievement_date, achievement_type_id, description) VALUES(132456, CURRENT, 8, 'test achievement 7');
INSERT INTO 'informix'.user_achievement(coder_id, achievement_date, achievement_type_id, description) VALUES(132456, CURRENT, 9, 'test achievement 8');
INSERT INTO 'informix'.user_achievement(coder_id, achievement_date, achievement_type_id, description) VALUES(132456, CURRENT, 10, 'test achievement 9');


database tcs_dw;

--INSERT INTO 'informix'.user_achievement_xref(user_id, user_achievement_rule_id, create_date) VALUES(132456, 1, CURRENT);
INSERT INTO 'informix'.user_achievement_xref(user_id, user_achievement_rule_id, create_date) VALUES(132456, 2, CURRENT);
INSERT INTO 'informix'.user_achievement_xref(user_id, user_achievement_rule_id, create_date) VALUES(132456, 6, CURRENT);
INSERT INTO 'informix'.user_achievement_xref(user_id, user_achievement_rule_id, create_date) VALUES(132456, 11, CURRENT);
INSERT INTO 'informix'.user_achievement_xref(user_id, user_achievement_rule_id, create_date) VALUES(132456, 16, CURRENT);


INSERT INTO user_rating(user_id, phase_id, vol, rating) VALUES(132456, 112, 3, 1577);
INSERT INTO user_rating(user_id, phase_id, vol, rating) VALUES(132456, 113, 102, 478);
INSERT INTO user_rating(user_id, phase_id, vol, rating) VALUES(132456, 114, 347, 1897);
INSERT INTO user_rating(user_id, phase_id, vol, rating) VALUES(132456, 115, 249, 1647);
INSERT INTO user_rating(user_id, phase_id, vol, rating) VALUES(132456, 116, 206, 2457);
INSERT INTO user_rating(user_id, phase_id, vol, rating) VALUES(132456, 117, 231, 1789);
INSERT INTO user_rating(user_id, phase_id, vol, rating) VALUES(132456, 118, 65, 1628);
INSERT INTO user_rating(user_id, phase_id, vol, rating) VALUES(132456, 119, 416, 1838);
INSERT INTO user_rating(user_id, phase_id, vol, rating) VALUES(132456, 120, 194, 114);
INSERT INTO user_rating(user_id, phase_id, vol, rating) VALUES(132456, 121, 3, 689);
INSERT INTO user_rating(user_id, phase_id, vol, rating) VALUES(132456, 124, 498, 2088);
INSERT INTO user_rating(user_id, phase_id, vol, rating) VALUES(132456, 125, 476, 428);
INSERT INTO user_rating(user_id, phase_id, vol, rating) VALUES(132456, 126, 365, 2304);
INSERT INTO user_rating(user_id, phase_id, vol, rating) VALUES(132456, 127, 16, 2296);
INSERT INTO user_rating(user_id, phase_id, vol, rating) VALUES(132456, 128, 126, 748);
INSERT INTO user_rating(user_id, phase_id, vol, rating) VALUES(132456, 129, 430, 1291);
INSERT INTO user_rating(user_id, phase_id, vol, rating) VALUES(132456, 130, 143, 505);
INSERT INTO user_rating(user_id, phase_id, vol, rating) VALUES(132456, 131, 64, 106);
INSERT INTO user_rating(user_id, phase_id, vol, rating) VALUES(132456, 132, 199, 1045);
INSERT INTO user_rating(user_id, phase_id, vol, rating) VALUES(132456, 133, 339, 2267);
INSERT INTO user_rating(user_id, phase_id, vol, rating) VALUES(132456, 134, 138, 1682);
INSERT INTO user_rating(user_id, phase_id, vol, rating) VALUES(132456, 135, 80, 959);
INSERT INTO user_rating(user_id, phase_id, vol, rating) VALUES(132456, 136, 30, 1118);
INSERT INTO user_rating(user_id, phase_id, vol, rating) VALUES(132456, 137, 389, 2413);
INSERT INTO user_rating(user_id, phase_id, vol, rating) VALUES(132456, 138, 188, 987);
INSERT INTO user_rating(user_id, phase_id, vol, rating) VALUES(132456, 139, 15, 406);
INSERT INTO user_rating(user_id, phase_id, vol, rating) VALUES(132456, 140, 315, 1900);
INSERT INTO user_rating(user_id, phase_id, vol, rating) VALUES(132456, 141, 146, 2437);
INSERT INTO user_rating(user_id, phase_id, vol, rating) VALUES(132456, 142, 361, 1463);
INSERT INTO user_rating(user_id, phase_id, vol, rating) VALUES(132456, 143, 187, 906);
INSERT INTO user_rating(user_id, phase_id, vol, rating) VALUES(132456, 145, 359, 1695);
INSERT INTO user_rating(user_id, phase_id, vol, rating) VALUES(132456, 146, 73, 863);
INSERT INTO user_rating(user_id, phase_id, vol, rating) VALUES(132456, 147, 448, 1389);
INSERT INTO user_rating(user_id, phase_id, vol, rating) VALUES(132456, 148, 428, 149);
INSERT INTO user_rating(user_id, phase_id, vol, rating) VALUES(132456, 149, 56, 1082);
INSERT INTO user_rating(user_id, phase_id, vol, rating) VALUES(132456, 150, 678, 1300);

INSERT INTO user_rank_type_lu(user_rank_type_id, user_rank_type_desc) VALUES(2, 'test rank');

INSERT INTO user_rank(user_id, phase_id, user_rank_type_id, percentile, rank) VALUES(132456, 112, 2, 92.2066, 1);
INSERT INTO user_rank(user_id, phase_id, user_rank_type_id, percentile, rank) VALUES(132456, 113, 2, 65.4464, 1);
INSERT INTO user_rank(user_id, phase_id, user_rank_type_id, percentile, rank) VALUES(132456, 114, 2, 90.3265, 1);
INSERT INTO user_rank(user_id, phase_id, user_rank_type_id, percentile, rank) VALUES(132456, 115, 2, 89.3959, 1);
INSERT INTO user_rank(user_id, phase_id, user_rank_type_id, percentile, rank) VALUES(132456, 116, 2, 72.8029, 1);
INSERT INTO user_rank(user_id, phase_id, user_rank_type_id, percentile, rank) VALUES(132456, 117, 2, 43.8223, 1);
INSERT INTO user_rank(user_id, phase_id, user_rank_type_id, percentile, rank) VALUES(132456, 118, 2, 95.6443, 1);
INSERT INTO user_rank(user_id, phase_id, user_rank_type_id, percentile, rank) VALUES(132456, 119, 2, 2.7691, 1);
INSERT INTO user_rank(user_id, phase_id, user_rank_type_id, percentile, rank) VALUES(132456, 120, 2, 83.208, 1);
INSERT INTO user_rank(user_id, phase_id, user_rank_type_id, percentile, rank) VALUES(132456, 121, 2, 38.1818, 1);
INSERT INTO user_rank(user_id, phase_id, user_rank_type_id, percentile, rank) VALUES(132456, 124, 2, 10.1238, 1);
INSERT INTO user_rank(user_id, phase_id, user_rank_type_id, percentile, rank) VALUES(132456, 125, 2, 28.0868, 1);
INSERT INTO user_rank(user_id, phase_id, user_rank_type_id, percentile, rank) VALUES(132456, 126, 2, 86.0765, 1);
INSERT INTO user_rank(user_id, phase_id, user_rank_type_id, percentile, rank) VALUES(132456, 127, 2, 34.109, 1);
INSERT INTO user_rank(user_id, phase_id, user_rank_type_id, percentile, rank) VALUES(132456, 128, 2, 4.0381, 1);
INSERT INTO user_rank(user_id, phase_id, user_rank_type_id, percentile, rank) VALUES(132456, 129, 2, 3.558, 1);
INSERT INTO user_rank(user_id, phase_id, user_rank_type_id, percentile, rank) VALUES(132456, 130, 2, 39.5218, 1);
INSERT INTO user_rank(user_id, phase_id, user_rank_type_id, percentile, rank) VALUES(132456, 131, 2, 0.3328, 1);
INSERT INTO user_rank(user_id, phase_id, user_rank_type_id, percentile, rank) VALUES(132456, 132, 2, 70.7303, 1);
INSERT INTO user_rank(user_id, phase_id, user_rank_type_id, percentile, rank) VALUES(132456, 133, 2, 35.6456, 1);
INSERT INTO user_rank(user_id, phase_id, user_rank_type_id, percentile, rank) VALUES(132456, 134, 2, 96.4383, 1);
INSERT INTO user_rank(user_id, phase_id, user_rank_type_id, percentile, rank) VALUES(132456, 135, 2, 39.2549, 1);
INSERT INTO user_rank(user_id, phase_id, user_rank_type_id, percentile, rank) VALUES(132456, 136, 2, 29.487, 1);
INSERT INTO user_rank(user_id, phase_id, user_rank_type_id, percentile, rank) VALUES(132456, 137, 2, 21.7916, 1);
INSERT INTO user_rank(user_id, phase_id, user_rank_type_id, percentile, rank) VALUES(132456, 138, 2, 68.9562, 1);
INSERT INTO user_rank(user_id, phase_id, user_rank_type_id, percentile, rank) VALUES(132456, 139, 2, 31.5656, 1);
INSERT INTO user_rank(user_id, phase_id, user_rank_type_id, percentile, rank) VALUES(132456, 140, 2, 82.0141, 1);
INSERT INTO user_rank(user_id, phase_id, user_rank_type_id, percentile, rank) VALUES(132456, 141, 2, 41.6022, 1);
INSERT INTO user_rank(user_id, phase_id, user_rank_type_id, percentile, rank) VALUES(132456, 142, 2, 82.2494, 1);
INSERT INTO user_rank(user_id, phase_id, user_rank_type_id, percentile, rank) VALUES(132456, 143, 2, 68.4148, 1);
INSERT INTO user_rank(user_id, phase_id, user_rank_type_id, percentile, rank) VALUES(132456, 145, 2, 72.6357, 1);
INSERT INTO user_rank(user_id, phase_id, user_rank_type_id, percentile, rank) VALUES(132456, 146, 2, 73.8788, 1);
INSERT INTO user_rank(user_id, phase_id, user_rank_type_id, percentile, rank) VALUES(132456, 147, 2, 29.1246, 1);
INSERT INTO user_rank(user_id, phase_id, user_rank_type_id, percentile, rank) VALUES(132456, 148, 2, 87.7754, 1);
INSERT INTO user_rank(user_id, phase_id, user_rank_type_id, percentile, rank) VALUES(132456, 149, 2, 95.7754, 1);
INSERT INTO user_rank(user_id, phase_id, user_rank_type_id, percentile, rank) VALUES(132456, 150, 2, 23.7754, 1);

INSERT INTO country_user_rank(user_id, phase_id, user_rank_type_id, country_code, rank) VALUES(132456, 112, 2, 10, 1);
INSERT INTO country_user_rank(user_id, phase_id, user_rank_type_id, country_code, rank) VALUES(132456, 113, 2, 10, 1);
INSERT INTO country_user_rank(user_id, phase_id, user_rank_type_id, country_code, rank) VALUES(132456, 114, 2, 10, 1);
INSERT INTO country_user_rank(user_id, phase_id, user_rank_type_id, country_code, rank) VALUES(132456, 115, 2, 10, 1);
INSERT INTO country_user_rank(user_id, phase_id, user_rank_type_id, country_code, rank) VALUES(132456, 116, 2, 10, 1);
INSERT INTO country_user_rank(user_id, phase_id, user_rank_type_id, country_code, rank) VALUES(132456, 117, 2, 10, 1);
INSERT INTO country_user_rank(user_id, phase_id, user_rank_type_id, country_code, rank) VALUES(132456, 118, 2, 10, 1);
INSERT INTO country_user_rank(user_id, phase_id, user_rank_type_id, country_code, rank) VALUES(132456, 119, 2, 10, 1);
INSERT INTO country_user_rank(user_id, phase_id, user_rank_type_id, country_code, rank) VALUES(132456, 120, 2, 10, 1);
INSERT INTO country_user_rank(user_id, phase_id, user_rank_type_id, country_code, rank) VALUES(132456, 121, 2, 10, 1);
INSERT INTO country_user_rank(user_id, phase_id, user_rank_type_id, country_code, rank) VALUES(132456, 124, 2, 10, 1);
INSERT INTO country_user_rank(user_id, phase_id, user_rank_type_id, country_code, rank) VALUES(132456, 125, 2, 10, 1);
INSERT INTO country_user_rank(user_id, phase_id, user_rank_type_id, country_code, rank) VALUES(132456, 126, 2, 10, 1);
INSERT INTO country_user_rank(user_id, phase_id, user_rank_type_id, country_code, rank) VALUES(132456, 127, 2, 10, 1);
INSERT INTO country_user_rank(user_id, phase_id, user_rank_type_id, country_code, rank) VALUES(132456, 128, 2, 10, 1);
INSERT INTO country_user_rank(user_id, phase_id, user_rank_type_id, country_code, rank) VALUES(132456, 129, 2, 10, 1);
INSERT INTO country_user_rank(user_id, phase_id, user_rank_type_id, country_code, rank) VALUES(132456, 130, 2, 10, 1);
INSERT INTO country_user_rank(user_id, phase_id, user_rank_type_id, country_code, rank) VALUES(132456, 131, 2, 10, 1);
INSERT INTO country_user_rank(user_id, phase_id, user_rank_type_id, country_code, rank) VALUES(132456, 132, 2, 10, 1);
INSERT INTO country_user_rank(user_id, phase_id, user_rank_type_id, country_code, rank) VALUES(132456, 133, 2, 10, 1);
INSERT INTO country_user_rank(user_id, phase_id, user_rank_type_id, country_code, rank) VALUES(132456, 134, 2, 10, 1);
INSERT INTO country_user_rank(user_id, phase_id, user_rank_type_id, country_code, rank) VALUES(132456, 135, 2, 10, 1);
INSERT INTO country_user_rank(user_id, phase_id, user_rank_type_id, country_code, rank) VALUES(132456, 136, 2, 10, 1);
INSERT INTO country_user_rank(user_id, phase_id, user_rank_type_id, country_code, rank) VALUES(132456, 137, 2, 10, 1);
INSERT INTO country_user_rank(user_id, phase_id, user_rank_type_id, country_code, rank) VALUES(132456, 138, 2, 10, 1);
INSERT INTO country_user_rank(user_id, phase_id, user_rank_type_id, country_code, rank) VALUES(132456, 139, 2, 10, 1);
INSERT INTO country_user_rank(user_id, phase_id, user_rank_type_id, country_code, rank) VALUES(132456, 140, 2, 10, 1);
INSERT INTO country_user_rank(user_id, phase_id, user_rank_type_id, country_code, rank) VALUES(132456, 141, 2, 10, 1);
INSERT INTO country_user_rank(user_id, phase_id, user_rank_type_id, country_code, rank) VALUES(132456, 142, 2, 10, 1);
INSERT INTO country_user_rank(user_id, phase_id, user_rank_type_id, country_code, rank) VALUES(132456, 143, 2, 10, 1);
INSERT INTO country_user_rank(user_id, phase_id, user_rank_type_id, country_code, rank) VALUES(132456, 145, 2, 10, 1);
INSERT INTO country_user_rank(user_id, phase_id, user_rank_type_id, country_code, rank) VALUES(132456, 146, 2, 10, 1);
INSERT INTO country_user_rank(user_id, phase_id, user_rank_type_id, country_code, rank) VALUES(132456, 147, 2, 10, 1);
INSERT INTO country_user_rank(user_id, phase_id, user_rank_type_id, country_code, rank) VALUES(132456, 148, 2, 10, 1);
INSERT INTO country_user_rank(user_id, phase_id, user_rank_type_id, country_code, rank) VALUES(132456, 149, 2, 10, 1);
INSERT INTO country_user_rank(user_id, phase_id, user_rank_type_id, country_code, rank) VALUES(132456, 150, 2, 10, 1);

INSERT INTO school_user_rank(user_id, phase_id, user_rank_type_id, rank, school_id) VALUES(132456, 112, 2, 1, 10);
INSERT INTO school_user_rank(user_id, phase_id, user_rank_type_id, rank, school_id) VALUES(132456, 113, 2, 1, 10);
INSERT INTO school_user_rank(user_id, phase_id, user_rank_type_id, rank, school_id) VALUES(132456, 114, 2, 1, 10);
INSERT INTO school_user_rank(user_id, phase_id, user_rank_type_id, rank, school_id) VALUES(132456, 115, 2, 1, 10);
INSERT INTO school_user_rank(user_id, phase_id, user_rank_type_id, rank, school_id) VALUES(132456, 116, 2, 1, 10);
INSERT INTO school_user_rank(user_id, phase_id, user_rank_type_id, rank, school_id) VALUES(132456, 117, 2, 1, 10);
INSERT INTO school_user_rank(user_id, phase_id, user_rank_type_id, rank, school_id) VALUES(132456, 118, 2, 1, 10);
INSERT INTO school_user_rank(user_id, phase_id, user_rank_type_id, rank, school_id) VALUES(132456, 119, 2, 1, 10);
INSERT INTO school_user_rank(user_id, phase_id, user_rank_type_id, rank, school_id) VALUES(132456, 120, 2, 1, 10);
INSERT INTO school_user_rank(user_id, phase_id, user_rank_type_id, rank, school_id) VALUES(132456, 121, 2, 1, 10);
INSERT INTO school_user_rank(user_id, phase_id, user_rank_type_id, rank, school_id) VALUES(132456, 124, 2, 1, 10);
INSERT INTO school_user_rank(user_id, phase_id, user_rank_type_id, rank, school_id) VALUES(132456, 125, 2, 1, 10);
INSERT INTO school_user_rank(user_id, phase_id, user_rank_type_id, rank, school_id) VALUES(132456, 126, 2, 1, 10);
INSERT INTO school_user_rank(user_id, phase_id, user_rank_type_id, rank, school_id) VALUES(132456, 127, 2, 1, 10);
INSERT INTO school_user_rank(user_id, phase_id, user_rank_type_id, rank, school_id) VALUES(132456, 128, 2, 1, 10);
INSERT INTO school_user_rank(user_id, phase_id, user_rank_type_id, rank, school_id) VALUES(132456, 129, 2, 1, 10);
INSERT INTO school_user_rank(user_id, phase_id, user_rank_type_id, rank, school_id) VALUES(132456, 130, 2, 1, 10);
INSERT INTO school_user_rank(user_id, phase_id, user_rank_type_id, rank, school_id) VALUES(132456, 131, 2, 1, 10);
INSERT INTO school_user_rank(user_id, phase_id, user_rank_type_id, rank, school_id) VALUES(132456, 132, 2, 1, 10);
INSERT INTO school_user_rank(user_id, phase_id, user_rank_type_id, rank, school_id) VALUES(132456, 133, 2, 1, 10);
INSERT INTO school_user_rank(user_id, phase_id, user_rank_type_id, rank, school_id) VALUES(132456, 134, 2, 1, 10);
INSERT INTO school_user_rank(user_id, phase_id, user_rank_type_id, rank, school_id) VALUES(132456, 135, 2, 1, 10);
INSERT INTO school_user_rank(user_id, phase_id, user_rank_type_id, rank, school_id) VALUES(132456, 136, 2, 1, 10);
INSERT INTO school_user_rank(user_id, phase_id, user_rank_type_id, rank, school_id) VALUES(132456, 137, 2, 1, 10);
INSERT INTO school_user_rank(user_id, phase_id, user_rank_type_id, rank, school_id) VALUES(132456, 138, 2, 1, 10);
INSERT INTO school_user_rank(user_id, phase_id, user_rank_type_id, rank, school_id) VALUES(132456, 139, 2, 1, 10);
INSERT INTO school_user_rank(user_id, phase_id, user_rank_type_id, rank, school_id) VALUES(132456, 140, 2, 1, 10);
INSERT INTO school_user_rank(user_id, phase_id, user_rank_type_id, rank, school_id) VALUES(132456, 141, 2, 1, 10);
INSERT INTO school_user_rank(user_id, phase_id, user_rank_type_id, rank, school_id) VALUES(132456, 142, 2, 1, 10);
INSERT INTO school_user_rank(user_id, phase_id, user_rank_type_id, rank, school_id) VALUES(132456, 143, 2, 1, 10);
INSERT INTO school_user_rank(user_id, phase_id, user_rank_type_id, rank, school_id) VALUES(132456, 145, 2, 1, 10);
INSERT INTO school_user_rank(user_id, phase_id, user_rank_type_id, rank, school_id) VALUES(132456, 146, 2, 1, 10);
INSERT INTO school_user_rank(user_id, phase_id, user_rank_type_id, rank, school_id) VALUES(132456, 147, 2, 1, 10);
INSERT INTO school_user_rank(user_id, phase_id, user_rank_type_id, rank, school_id) VALUES(132456, 148, 2, 1, 10);
INSERT INTO school_user_rank(user_id, phase_id, user_rank_type_id, rank, school_id) VALUES(132456, 149, 2, 1, 10);
INSERT INTO school_user_rank(user_id, phase_id, user_rank_type_id, rank, school_id) VALUES(132456, 150, 2, 1, 10);

INSERT INTO project(project_id, status_id, phase_id, phase_desc) VALUES(1001, 4, 112, 'Design');
INSERT INTO project(project_id, status_id, phase_id, phase_desc) VALUES(1002, 4, 112, 'Design');
INSERT INTO project(project_id, status_id, phase_id, phase_desc) VALUES(1003, 4, 112, 'Design');
INSERT INTO project(project_id, status_id, phase_id, phase_desc) VALUES(1004, 4, 112, 'Design');
INSERT INTO project(project_id, status_id, phase_id, phase_desc) VALUES(1005, 4, 112, 'Design');

INSERT INTO project_result(project_id, user_id, submit_ind, valid_submission_ind, final_score, placed, passed_review_ind, num_appeals, num_successful_appeals, new_rating) VALUES(1001, 132456, 1, 1, 89.63, 5, 1, 2, 1, 2896);
INSERT INTO project_result(project_id, user_id, submit_ind, valid_submission_ind, final_score, placed, passed_review_ind, num_appeals, num_successful_appeals, new_rating) VALUES(1002, 132456, 0, 0, 33.73, 0, 0, 7, 3, 316);
INSERT INTO project_result(project_id, user_id, submit_ind, valid_submission_ind, final_score, placed, passed_review_ind, num_appeals, num_successful_appeals, new_rating) VALUES(1003, 132456, 0, 0, 45.96, 0, 0, 9, 2, 2989);
INSERT INTO project_result(project_id, user_id, submit_ind, valid_submission_ind, final_score, placed, passed_review_ind, num_appeals, num_successful_appeals, new_rating) VALUES(1004, 132456, 1, 1, 56.35, 0, 0, 6, 2, 979);
INSERT INTO project_result(project_id, user_id, submit_ind, valid_submission_ind, final_score, placed, passed_review_ind, num_appeals, num_successful_appeals, new_rating) VALUES(1005, 132456, 1, 0, 68.93, 5, 0, 1, 0, 2082);

INSERT INTO project(project_id, status_id, phase_id, phase_desc) VALUES(1006, 4, 113, 'Development');
INSERT INTO project(project_id, status_id, phase_id, phase_desc) VALUES(1007, 4, 113, 'Development');
INSERT INTO project(project_id, status_id, phase_id, phase_desc) VALUES(1008, 4, 113, 'Development');
INSERT INTO project(project_id, status_id, phase_id, phase_desc) VALUES(1009, 4, 113, 'Development');
INSERT INTO project(project_id, status_id, phase_id, phase_desc) VALUES(1010, 4, 113, 'Development');

INSERT INTO project_result(project_id, user_id, submit_ind, valid_submission_ind, final_score, placed, passed_review_ind, num_appeals, num_successful_appeals, new_rating) VALUES(1006, 132456, 1, 1, 21.57, 4, 1, 5, 4, 585);
INSERT INTO project_result(project_id, user_id, submit_ind, valid_submission_ind, final_score, placed, passed_review_ind, num_appeals, num_successful_appeals, new_rating) VALUES(1007, 132456, 1, 1, 34.37, 4, 1, 3, 0, 1943);
INSERT INTO project_result(project_id, user_id, submit_ind, valid_submission_ind, final_score, placed, passed_review_ind, num_appeals, num_successful_appeals, new_rating) VALUES(1008, 132456, 1, 1, 87.74, 1, 1, 6, 3, 2696);
INSERT INTO project_result(project_id, user_id, submit_ind, valid_submission_ind, final_score, placed, passed_review_ind, num_appeals, num_successful_appeals, new_rating) VALUES(1009, 132456, 1, 0, 74.41, 4, 0, 3, 0, 1161);
INSERT INTO project_result(project_id, user_id, submit_ind, valid_submission_ind, final_score, placed, passed_review_ind, num_appeals, num_successful_appeals, new_rating) VALUES(1010, 132456, 0, 0, 17.91, 5, 0, 1, 0, 2129);

INSERT INTO project(project_id, status_id, phase_id, phase_desc) VALUES(1011, 4, 117, 'Specification');
INSERT INTO project(project_id, status_id, phase_id, phase_desc) VALUES(1012, 4, 117, 'Specification');
INSERT INTO project(project_id, status_id, phase_id, phase_desc) VALUES(1013, 4, 117, 'Specification');
INSERT INTO project(project_id, status_id, phase_id, phase_desc) VALUES(1014, 4, 117, 'Specification');
INSERT INTO project(project_id, status_id, phase_id, phase_desc) VALUES(1015, 4, 117, 'Specification');

INSERT INTO project_result(project_id, user_id, submit_ind, valid_submission_ind, final_score, placed, passed_review_ind, num_appeals, num_successful_appeals, new_rating) VALUES(1011, 132456, 0, 0, 55.91, 0, 0, 4, 2, 2465);
INSERT INTO project_result(project_id, user_id, submit_ind, valid_submission_ind, final_score, placed, passed_review_ind, num_appeals, num_successful_appeals, new_rating) VALUES(1012, 132456, 1, 0, 46.44, 5, 0, 5, 3, 1949);
INSERT INTO project_result(project_id, user_id, submit_ind, valid_submission_ind, final_score, placed, passed_review_ind, num_appeals, num_successful_appeals, new_rating) VALUES(1013, 132456, 1, 1, 71.29, 1, 1, 3, 2, 2458);
INSERT INTO project_result(project_id, user_id, submit_ind, valid_submission_ind, final_score, placed, passed_review_ind, num_appeals, num_successful_appeals, new_rating) VALUES(1014, 132456, 0, 0, 82.45, 2, 0, 6, 3, 1540);
INSERT INTO project_result(project_id, user_id, submit_ind, valid_submission_ind, final_score, placed, passed_review_ind, num_appeals, num_successful_appeals, new_rating) VALUES(1015, 132456, 1, 1, 87.33, 1, 1, 3, 1, 288);

INSERT INTO project(project_id, status_id, phase_id, phase_desc) VALUES(1016, 4, 118, 'Architecture');
INSERT INTO project(project_id, status_id, phase_id, phase_desc) VALUES(1017, 4, 118, 'Architecture');
INSERT INTO project(project_id, status_id, phase_id, phase_desc) VALUES(1018, 4, 118, 'Architecture');
INSERT INTO project(project_id, status_id, phase_id, phase_desc) VALUES(1019, 4, 118, 'Architecture');
INSERT INTO project(project_id, status_id, phase_id, phase_desc) VALUES(1020, 4, 118, 'Architecture');

INSERT INTO project_result(project_id, user_id, submit_ind, valid_submission_ind, final_score, placed, passed_review_ind, num_appeals, num_successful_appeals, new_rating) VALUES(1016, 132456, 1, 1, 28.46, 5, 1, 2, 0, 528);
INSERT INTO project_result(project_id, user_id, submit_ind, valid_submission_ind, final_score, placed, passed_review_ind, num_appeals, num_successful_appeals, new_rating) VALUES(1017, 132456, 0, 0, 20.31, 5, 0, 1, 0, 439);
INSERT INTO project_result(project_id, user_id, submit_ind, valid_submission_ind, final_score, placed, passed_review_ind, num_appeals, num_successful_appeals, new_rating) VALUES(1018, 132456, 1, 1, 48.19, 1, 1, 4, 0, 1878);
INSERT INTO project_result(project_id, user_id, submit_ind, valid_submission_ind, final_score, placed, passed_review_ind, num_appeals, num_successful_appeals, new_rating) VALUES(1019, 132456, 1, 0, 16.88, 0, 0, 4, 2, 1549);
INSERT INTO project_result(project_id, user_id, submit_ind, valid_submission_ind, final_score, placed, passed_review_ind, num_appeals, num_successful_appeals, new_rating) VALUES(1020, 132456, 1, 1, 90.98, 1, 1, 5, 2, 9);

INSERT INTO project(project_id, status_id, phase_id, phase_desc) VALUES(1021, 4, 120, 'Bug Hunt');
INSERT INTO project(project_id, status_id, phase_id, phase_desc) VALUES(1022, 4, 120, 'Bug Hunt');
INSERT INTO project(project_id, status_id, phase_id, phase_desc) VALUES(1023, 4, 120, 'Bug Hunt');
INSERT INTO project(project_id, status_id, phase_id, phase_desc) VALUES(1024, 4, 120, 'Bug Hunt');
INSERT INTO project(project_id, status_id, phase_id, phase_desc) VALUES(1025, 4, 120, 'Bug Hunt');

INSERT INTO project_result(project_id, user_id, submit_ind, valid_submission_ind, final_score, placed, passed_review_ind, num_appeals, num_successful_appeals, new_rating) VALUES(1021, 132456, 0, 0, 85.57, 4, 0, 5, 4, 3314);
INSERT INTO project_result(project_id, user_id, submit_ind, valid_submission_ind, final_score, placed, passed_review_ind, num_appeals, num_successful_appeals, new_rating) VALUES(1022, 132456, 0, 0, 43.9, 0, 0, 2, 0, 101);
INSERT INTO project_result(project_id, user_id, submit_ind, valid_submission_ind, final_score, placed, passed_review_ind, num_appeals, num_successful_appeals, new_rating) VALUES(1023, 132456, 0, 0, 7.06, 3, 0, 6, 1, 1121);
INSERT INTO project_result(project_id, user_id, submit_ind, valid_submission_ind, final_score, placed, passed_review_ind, num_appeals, num_successful_appeals, new_rating) VALUES(1024, 132456, 0, 0, 28.13, 3, 0, 4, 0, 2106);
INSERT INTO project_result(project_id, user_id, submit_ind, valid_submission_ind, final_score, placed, passed_review_ind, num_appeals, num_successful_appeals, new_rating) VALUES(1025, 132456, 0, 0, 90.88, 2, 0, 1, 0, 1836);

INSERT INTO project(project_id, status_id, phase_id, phase_desc) VALUES(1026, 4, 124, 'Test Suites');
INSERT INTO project(project_id, status_id, phase_id, phase_desc) VALUES(1027, 4, 124, 'Test Suites');
INSERT INTO project(project_id, status_id, phase_id, phase_desc) VALUES(1028, 4, 124, 'Test Suites');
INSERT INTO project(project_id, status_id, phase_id, phase_desc) VALUES(1029, 4, 124, 'Test Suites');
INSERT INTO project(project_id, status_id, phase_id, phase_desc) VALUES(1030, 4, 124, 'Test Suites');

INSERT INTO project_result(project_id, user_id, submit_ind, valid_submission_ind, final_score, placed, passed_review_ind, num_appeals, num_successful_appeals, new_rating) VALUES(1026, 132456, 1, 1, 50.11, 1, 1, 2, 0, 2924);
INSERT INTO project_result(project_id, user_id, submit_ind, valid_submission_ind, final_score, placed, passed_review_ind, num_appeals, num_successful_appeals, new_rating) VALUES(1027, 132456, 0, 0, 68.34, 5, 0, 4, 1, 1406);
INSERT INTO project_result(project_id, user_id, submit_ind, valid_submission_ind, final_score, placed, passed_review_ind, num_appeals, num_successful_appeals, new_rating) VALUES(1028, 132456, 1, 0, 60.58, 0, 0, 4, 0, 1873);
INSERT INTO project_result(project_id, user_id, submit_ind, valid_submission_ind, final_score, placed, passed_review_ind, num_appeals, num_successful_appeals, new_rating) VALUES(1029, 132456, 1, 1, 4.55, 1, 1, 5, 0, 257);
INSERT INTO project_result(project_id, user_id, submit_ind, valid_submission_ind, final_score, placed, passed_review_ind, num_appeals, num_successful_appeals, new_rating) VALUES(1030, 132456, 0, 0, 2.71, 5, 0, 4, 1, 935);

INSERT INTO project(project_id, status_id, phase_id, phase_desc) VALUES(1031, 4, 125, 'Assembly Competition');
INSERT INTO project(project_id, status_id, phase_id, phase_desc) VALUES(1032, 4, 125, 'Assembly Competition');
INSERT INTO project(project_id, status_id, phase_id, phase_desc) VALUES(1033, 4, 125, 'Assembly Competition');
INSERT INTO project(project_id, status_id, phase_id, phase_desc) VALUES(1034, 4, 125, 'Assembly Competition');
INSERT INTO project(project_id, status_id, phase_id, phase_desc) VALUES(1035, 4, 125, 'Assembly Competition');

INSERT INTO project_result(project_id, user_id, submit_ind, valid_submission_ind, final_score, placed, passed_review_ind, num_appeals, num_successful_appeals, new_rating) VALUES(1031, 132456, 1, 1, 98.57, 3, 0, 1, 0, 762);
INSERT INTO project_result(project_id, user_id, submit_ind, valid_submission_ind, final_score, placed, passed_review_ind, num_appeals, num_successful_appeals, new_rating) VALUES(1032, 132456, 1, 1, 20.92, 1, 1, 8, 2, 220);
INSERT INTO project_result(project_id, user_id, submit_ind, valid_submission_ind, final_score, placed, passed_review_ind, num_appeals, num_successful_appeals, new_rating) VALUES(1033, 132456, 1, 1, 34.46, 5, 0, 6, 5, 978);
INSERT INTO project_result(project_id, user_id, submit_ind, valid_submission_ind, final_score, placed, passed_review_ind, num_appeals, num_successful_appeals, new_rating) VALUES(1034, 132456, 0, 0, 88.2, 2, 0, 8, 7, 567);
INSERT INTO project_result(project_id, user_id, submit_ind, valid_submission_ind, final_score, placed, passed_review_ind, num_appeals, num_successful_appeals, new_rating) VALUES(1035, 132456, 1, 1, 6.79, 4, 1, 7, 2, 3231);

INSERT INTO project(project_id, status_id, phase_id, phase_desc) VALUES(1036, 4, 130, 'UI Prototypes');
INSERT INTO project(project_id, status_id, phase_id, phase_desc) VALUES(1037, 4, 130, 'UI Prototypes');
INSERT INTO project(project_id, status_id, phase_id, phase_desc) VALUES(1038, 4, 130, 'UI Prototypes');
INSERT INTO project(project_id, status_id, phase_id, phase_desc) VALUES(1039, 4, 130, 'UI Prototypes');
INSERT INTO project(project_id, status_id, phase_id, phase_desc) VALUES(1040, 4, 130, 'UI Prototypes');

INSERT INTO project_result(project_id, user_id, submit_ind, valid_submission_ind, final_score, placed, passed_review_ind, num_appeals, num_successful_appeals, new_rating) VALUES(1036, 132456, 0, 0, 57.67, 0, 0, 3, 0, 568);
INSERT INTO project_result(project_id, user_id, submit_ind, valid_submission_ind, final_score, placed, passed_review_ind, num_appeals, num_successful_appeals, new_rating) VALUES(1037, 132456, 1, 0, 10.58, 3, 0, 1, 0, 3495);
INSERT INTO project_result(project_id, user_id, submit_ind, valid_submission_ind, final_score, placed, passed_review_ind, num_appeals, num_successful_appeals, new_rating) VALUES(1038, 132456, 0, 0, 23.52, 4, 0, 10, 6, 59);
INSERT INTO project_result(project_id, user_id, submit_ind, valid_submission_ind, final_score, placed, passed_review_ind, num_appeals, num_successful_appeals, new_rating) VALUES(1039, 132456, 1, 0, 85.94, 2, 0, 6, 1, 470);
INSERT INTO project_result(project_id, user_id, submit_ind, valid_submission_ind, final_score, placed, passed_review_ind, num_appeals, num_successful_appeals, new_rating) VALUES(1040, 132456, 1, 0, 19.49, 2, 0, 4, 1, 3333);

INSERT INTO project(project_id, status_id, phase_id, phase_desc) VALUES(1041, 4, 134, 'Conceptualization');
INSERT INTO project(project_id, status_id, phase_id, phase_desc) VALUES(1042, 4, 134, 'Conceptualization');
INSERT INTO project(project_id, status_id, phase_id, phase_desc) VALUES(1043, 4, 134, 'Conceptualization');
INSERT INTO project(project_id, status_id, phase_id, phase_desc) VALUES(1044, 4, 134, 'Conceptualization');
INSERT INTO project(project_id, status_id, phase_id, phase_desc) VALUES(1045, 4, 134, 'Conceptualization');

INSERT INTO project_result(project_id, user_id, submit_ind, valid_submission_ind, final_score, placed, passed_review_ind, num_appeals, num_successful_appeals, new_rating) VALUES(1041, 132456, 1, 1, 47.84, 1, 1, 6, 0, 1045);
INSERT INTO project_result(project_id, user_id, submit_ind, valid_submission_ind, final_score, placed, passed_review_ind, num_appeals, num_successful_appeals, new_rating) VALUES(1042, 132456, 0, 0, 14.05, 5, 0, 5, 0, 2730);
INSERT INTO project_result(project_id, user_id, submit_ind, valid_submission_ind, final_score, placed, passed_review_ind, num_appeals, num_successful_appeals, new_rating) VALUES(1043, 132456, 1, 1, 71.92, 1, 1, 9, 6, 1846);
INSERT INTO project_result(project_id, user_id, submit_ind, valid_submission_ind, final_score, placed, passed_review_ind, num_appeals, num_successful_appeals, new_rating) VALUES(1044, 132456, 1, 1, 19.21, 1, 1, 3, 1, 947);
INSERT INTO project_result(project_id, user_id, submit_ind, valid_submission_ind, final_score, placed, passed_review_ind, num_appeals, num_successful_appeals, new_rating) VALUES(1045, 132456, 1, 1, 20.53, 5, 1, 7, 0, 998);

INSERT INTO project(project_id, status_id, phase_id, phase_desc) VALUES(1046, 4, 135, 'RIA Build');
INSERT INTO project(project_id, status_id, phase_id, phase_desc) VALUES(1047, 4, 135, 'RIA Build');
INSERT INTO project(project_id, status_id, phase_id, phase_desc) VALUES(1048, 4, 135, 'RIA Build');
INSERT INTO project(project_id, status_id, phase_id, phase_desc) VALUES(1049, 4, 135, 'RIA Build');
INSERT INTO project(project_id, status_id, phase_id, phase_desc) VALUES(1050, 4, 135, 'RIA Build');

INSERT INTO project_result(project_id, user_id, submit_ind, valid_submission_ind, final_score, placed, passed_review_ind, num_appeals, num_successful_appeals, new_rating) VALUES(1046, 132456, 1, 0, 57.08, 5, 0, 3, 1, 3345);
INSERT INTO project_result(project_id, user_id, submit_ind, valid_submission_ind, final_score, placed, passed_review_ind, num_appeals, num_successful_appeals, new_rating) VALUES(1047, 132456, 1, 1, 98.97, 5, 1, 10, 8, 1176);
INSERT INTO project_result(project_id, user_id, submit_ind, valid_submission_ind, final_score, placed, passed_review_ind, num_appeals, num_successful_appeals, new_rating) VALUES(1048, 132456, 1, 1, 93.46, 1, 1, 5, 2, 3480);
INSERT INTO project_result(project_id, user_id, submit_ind, valid_submission_ind, final_score, placed, passed_review_ind, num_appeals, num_successful_appeals, new_rating) VALUES(1049, 132456, 1, 1, 81.05, 5, 1, 5, 0, 3119);
INSERT INTO project_result(project_id, user_id, submit_ind, valid_submission_ind, final_score, placed, passed_review_ind, num_appeals, num_successful_appeals, new_rating) VALUES(1050, 132456, 0, 0, 60.95, 2, 0, 9, 5, 2402);

INSERT INTO project(project_id, status_id, phase_id, phase_desc) VALUES(1051, 4, 136, 'RIA Component');
INSERT INTO project(project_id, status_id, phase_id, phase_desc) VALUES(1052, 4, 136, 'RIA Component');
INSERT INTO project(project_id, status_id, phase_id, phase_desc) VALUES(1053, 4, 136, 'RIA Component');
INSERT INTO project(project_id, status_id, phase_id, phase_desc) VALUES(1054, 4, 136, 'RIA Component');
INSERT INTO project(project_id, status_id, phase_id, phase_desc) VALUES(1055, 4, 136, 'RIA Component');

INSERT INTO project_result(project_id, user_id, submit_ind, valid_submission_ind, final_score, placed, passed_review_ind, num_appeals, num_successful_appeals, new_rating) VALUES(1051, 132456, 0, 0, 9.11, 4, 0, 9, 6, 2628);
INSERT INTO project_result(project_id, user_id, submit_ind, valid_submission_ind, final_score, placed, passed_review_ind, num_appeals, num_successful_appeals, new_rating) VALUES(1052, 132456, 0, 0, 98.45, 0, 0, 7, 6, 79);
INSERT INTO project_result(project_id, user_id, submit_ind, valid_submission_ind, final_score, placed, passed_review_ind, num_appeals, num_successful_appeals, new_rating) VALUES(1053, 132456, 1, 0, 31.97, 2, 0, 7, 0, 2912);
INSERT INTO project_result(project_id, user_id, submit_ind, valid_submission_ind, final_score, placed, passed_review_ind, num_appeals, num_successful_appeals, new_rating) VALUES(1054, 132456, 0, 0, 17.34, 4, 0, 3, 1, 874);
INSERT INTO project_result(project_id, user_id, submit_ind, valid_submission_ind, final_score, placed, passed_review_ind, num_appeals, num_successful_appeals, new_rating) VALUES(1055, 132456, 1, 1, 86.09, 1, 1, 7, 6, 3418);

INSERT INTO project(project_id, status_id, phase_id, phase_desc) VALUES(1056, 4, 137, 'Test Scenarios');
INSERT INTO project(project_id, status_id, phase_id, phase_desc) VALUES(1057, 4, 137, 'Test Scenarios');
INSERT INTO project(project_id, status_id, phase_id, phase_desc) VALUES(1058, 4, 137, 'Test Scenarios');
INSERT INTO project(project_id, status_id, phase_id, phase_desc) VALUES(1059, 4, 137, 'Test Scenarios');
INSERT INTO project(project_id, status_id, phase_id, phase_desc) VALUES(1060, 4, 137, 'Test Scenarios');

INSERT INTO project_result(project_id, user_id, submit_ind, valid_submission_ind, final_score, placed, passed_review_ind, num_appeals, num_successful_appeals, new_rating) VALUES(1056, 132456, 0, 0, 19.49, 0, 0, 5, 1, 429);
INSERT INTO project_result(project_id, user_id, submit_ind, valid_submission_ind, final_score, placed, passed_review_ind, num_appeals, num_successful_appeals, new_rating) VALUES(1057, 132456, 1, 1, 46.81, 5, 1, 5, 4, 2141);
INSERT INTO project_result(project_id, user_id, submit_ind, valid_submission_ind, final_score, placed, passed_review_ind, num_appeals, num_successful_appeals, new_rating) VALUES(1058, 132456, 1, 1, 31.08, 3, 1, 7, 0, 1410);
INSERT INTO project_result(project_id, user_id, submit_ind, valid_submission_ind, final_score, placed, passed_review_ind, num_appeals, num_successful_appeals, new_rating) VALUES(1059, 132456, 1, 1, 49.2, 1, 1, 5, 2, 2514);
INSERT INTO project_result(project_id, user_id, submit_ind, valid_submission_ind, final_score, placed, passed_review_ind, num_appeals, num_successful_appeals, new_rating) VALUES(1060, 132456, 1, 0, 75.2, 5, 0, 1, 0, 515);

INSERT INTO project(project_id, status_id, phase_id, phase_desc) VALUES(1061, 4, 140, 'Copilot Posting');
INSERT INTO project(project_id, status_id, phase_id, phase_desc) VALUES(1062, 4, 140, 'Copilot Posting');
INSERT INTO project(project_id, status_id, phase_id, phase_desc) VALUES(1063, 4, 140, 'Copilot Posting');
INSERT INTO project(project_id, status_id, phase_id, phase_desc) VALUES(1064, 4, 140, 'Copilot Posting');
INSERT INTO project(project_id, status_id, phase_id, phase_desc) VALUES(1065, 4, 140, 'Copilot Posting');

INSERT INTO project_result(project_id, user_id, submit_ind, valid_submission_ind, final_score, placed, passed_review_ind, num_appeals, num_successful_appeals, new_rating) VALUES(1061, 132456, 1, 1, 67.03, 1, 1, 7, 1, 1604);
INSERT INTO project_result(project_id, user_id, submit_ind, valid_submission_ind, final_score, placed, passed_review_ind, num_appeals, num_successful_appeals, new_rating) VALUES(1062, 132456, 1, 1, 19.03, 1, 1, 7, 0, 2601);
INSERT INTO project_result(project_id, user_id, submit_ind, valid_submission_ind, final_score, placed, passed_review_ind, num_appeals, num_successful_appeals, new_rating) VALUES(1063, 132456, 1, 1, 82.26, 1, 1, 10, 6, 2627);
INSERT INTO project_result(project_id, user_id, submit_ind, valid_submission_ind, final_score, placed, passed_review_ind, num_appeals, num_successful_appeals, new_rating) VALUES(1064, 132456, 1, 1, 44.91, 2, 1, 2, 1, 1513);
INSERT INTO project_result(project_id, user_id, submit_ind, valid_submission_ind, final_score, placed, passed_review_ind, num_appeals, num_successful_appeals, new_rating) VALUES(1065, 132456, 0, 0, 85.75, 2, 0, 6, 2, 1418);

INSERT INTO project(project_id, status_id, phase_id, phase_desc) VALUES(1066, 4, 146, 'Content Creation');
INSERT INTO project(project_id, status_id, phase_id, phase_desc) VALUES(1067, 4, 146, 'Content Creation');
INSERT INTO project(project_id, status_id, phase_id, phase_desc) VALUES(1068, 4, 146, 'Content Creation');
INSERT INTO project(project_id, status_id, phase_id, phase_desc) VALUES(1069, 4, 146, 'Content Creation');
INSERT INTO project(project_id, status_id, phase_id, phase_desc) VALUES(1070, 4, 146, 'Content Creation');

INSERT INTO project_result(project_id, user_id, submit_ind, valid_submission_ind, final_score, placed, passed_review_ind, num_appeals, num_successful_appeals, new_rating) VALUES(1066, 132456, 0, 0, 87.87, 3, 0, 8, 3, 2001);
INSERT INTO project_result(project_id, user_id, submit_ind, valid_submission_ind, final_score, placed, passed_review_ind, num_appeals, num_successful_appeals, new_rating) VALUES(1067, 132456, 1, 1, 98.66, 1, 1, 10, 0, 329);
INSERT INTO project_result(project_id, user_id, submit_ind, valid_submission_ind, final_score, placed, passed_review_ind, num_appeals, num_successful_appeals, new_rating) VALUES(1068, 132456, 1, 0, 14.53, 4, 0, 6, 3, 2530);
INSERT INTO project_result(project_id, user_id, submit_ind, valid_submission_ind, final_score, placed, passed_review_ind, num_appeals, num_successful_appeals, new_rating) VALUES(1069, 132456, 1, 0, 84.56, 4, 0, 3, 1, 2685);
INSERT INTO project_result(project_id, user_id, submit_ind, valid_submission_ind, final_score, placed, passed_review_ind, num_appeals, num_successful_appeals, new_rating) VALUES(1070, 132456, 1, 1, 37.04, 2, 1, 8, 3, 3021);

INSERT INTO project(project_id, status_id, phase_id, phase_desc) VALUES(1071, 4, 147, 'Reporting');
INSERT INTO project(project_id, status_id, phase_id, phase_desc) VALUES(1072, 4, 147, 'Reporting');
INSERT INTO project(project_id, status_id, phase_id, phase_desc) VALUES(1073, 4, 147, 'Reporting');
INSERT INTO project(project_id, status_id, phase_id, phase_desc) VALUES(1074, 4, 147, 'Reporting');
INSERT INTO project(project_id, status_id, phase_id, phase_desc) VALUES(1075, 4, 147, 'Reporting');

INSERT INTO project_result(project_id, user_id, submit_ind, valid_submission_ind, final_score, placed, passed_review_ind, num_appeals, num_successful_appeals, new_rating) VALUES(1071, 132456, 1, 1, 46.2, 5, 1, 9, 1, 457);
INSERT INTO project_result(project_id, user_id, submit_ind, valid_submission_ind, final_score, placed, passed_review_ind, num_appeals, num_successful_appeals, new_rating) VALUES(1072, 132456, 0, 0, 78.58, 4, 0, 2, 1, 1619);
INSERT INTO project_result(project_id, user_id, submit_ind, valid_submission_ind, final_score, placed, passed_review_ind, num_appeals, num_successful_appeals, new_rating) VALUES(1073, 132456, 0, 0, 4.89, 2, 0, 6, 5, 3017);
INSERT INTO project_result(project_id, user_id, submit_ind, valid_submission_ind, final_score, placed, passed_review_ind, num_appeals, num_successful_appeals, new_rating) VALUES(1074, 132456, 0, 0, 22.41, 0, 0, 5, 4, 750);
INSERT INTO project_result(project_id, user_id, submit_ind, valid_submission_ind, final_score, placed, passed_review_ind, num_appeals, num_successful_appeals, new_rating) VALUES(1075, 132456, 0, 0, 20.14, 5, 0, 7, 2, 3270);

INSERT INTO project(project_id, status_id, phase_id, phase_desc) VALUES(1076, 4, 148, 'Marathon Match');
INSERT INTO project(project_id, status_id, phase_id, phase_desc) VALUES(1077, 4, 148, 'Marathon Match');
INSERT INTO project(project_id, status_id, phase_id, phase_desc) VALUES(1078, 4, 148, 'Marathon Match');
INSERT INTO project(project_id, status_id, phase_id, phase_desc) VALUES(1079, 4, 148, 'Marathon Match');
INSERT INTO project(project_id, status_id, phase_id, phase_desc) VALUES(1080, 4, 148, 'Marathon Match');

INSERT INTO project_result(project_id, user_id, submit_ind, valid_submission_ind, final_score, placed, passed_review_ind, num_appeals, num_successful_appeals, new_rating) VALUES(1076, 132456, 1, 1, 18.1, 1, 1, 10, 4, 906);
INSERT INTO project_result(project_id, user_id, submit_ind, valid_submission_ind, final_score, placed, passed_review_ind, num_appeals, num_successful_appeals, new_rating) VALUES(1077, 132456, 0, 0, 91.08, 2, 0, 3, 0, 176);
INSERT INTO project_result(project_id, user_id, submit_ind, valid_submission_ind, final_score, placed, passed_review_ind, num_appeals, num_successful_appeals, new_rating) VALUES(1078, 132456, 1, 1, 3.32, 1, 1, 1, 0, 1175);
INSERT INTO project_result(project_id, user_id, submit_ind, valid_submission_ind, final_score, placed, passed_review_ind, num_appeals, num_successful_appeals, new_rating) VALUES(1079, 132456, 1, 1, 85.66, 1, 1, 3, 0, 810);
INSERT INTO project_result(project_id, user_id, submit_ind, valid_submission_ind, final_score, placed, passed_review_ind, num_appeals, num_successful_appeals, new_rating) VALUES(1080, 132456, 0, 0, 3.51, 4, 0, 4, 1, 3300);

INSERT INTO project(project_id, status_id, phase_id, phase_desc) VALUES(1081, 4, 149, 'First2Finish');
INSERT INTO project(project_id, status_id, phase_id, phase_desc) VALUES(1082, 4, 149, 'First2Finish');
INSERT INTO project(project_id, status_id, phase_id, phase_desc) VALUES(1083, 4, 149, 'First2Finish');
INSERT INTO project(project_id, status_id, phase_id, phase_desc) VALUES(1084, 4, 149, 'First2Finish');
INSERT INTO project(project_id, status_id, phase_id, phase_desc) VALUES(1085, 4, 149, 'First2Finish');

INSERT INTO project_result(project_id, user_id, submit_ind, valid_submission_ind, final_score, placed, passed_review_ind, num_appeals, num_successful_appeals, new_rating) VALUES(1081, 132456, 0, 0, 74.46, 0, 0, 6, 5, 838);
INSERT INTO project_result(project_id, user_id, submit_ind, valid_submission_ind, final_score, placed, passed_review_ind, num_appeals, num_successful_appeals, new_rating) VALUES(1082, 132456, 1, 1, 37.69, 0, 1, 9, 3, 891);
INSERT INTO project_result(project_id, user_id, submit_ind, valid_submission_ind, final_score, placed, passed_review_ind, num_appeals, num_successful_appeals, new_rating) VALUES(1083, 132456, 1, 1, 63.1, 1, 1, 6, 3, 97);
INSERT INTO project_result(project_id, user_id, submit_ind, valid_submission_ind, final_score, placed, passed_review_ind, num_appeals, num_successful_appeals, new_rating) VALUES(1084, 132456, 0, 0, 70.53, 0, 0, 6, 4, 2667);
INSERT INTO project_result(project_id, user_id, submit_ind, valid_submission_ind, final_score, placed, passed_review_ind, num_appeals, num_successful_appeals, new_rating) VALUES(1085, 132456, 1, 1, 0.73, 5, 1, 2, 1, 462);

INSERT INTO project(project_id, status_id, phase_id, phase_desc) VALUES(1086, 4, 150, 'Code');
INSERT INTO project(project_id, status_id, phase_id, phase_desc) VALUES(1087, 4, 150, 'Code');
INSERT INTO project(project_id, status_id, phase_id, phase_desc) VALUES(1088, 4, 150, 'Code');
INSERT INTO project(project_id, status_id, phase_id, phase_desc) VALUES(1089, 4, 150, 'Code');
INSERT INTO project(project_id, status_id, phase_id, phase_desc) VALUES(1090, 4, 150, 'Code');

INSERT INTO project_result(project_id, user_id, submit_ind, valid_submission_ind, final_score, placed, passed_review_ind, num_appeals, num_successful_appeals, new_rating) VALUES(1086, 132456, 1, 1, 82.76, 0, 1, 3, 2, 2721);
INSERT INTO project_result(project_id, user_id, submit_ind, valid_submission_ind, final_score, placed, passed_review_ind, num_appeals, num_successful_appeals, new_rating) VALUES(1087, 132456, 1, 1, 17.49, 4, 1, 1, 0, 429);
INSERT INTO project_result(project_id, user_id, submit_ind, valid_submission_ind, final_score, placed, passed_review_ind, num_appeals, num_successful_appeals, new_rating) VALUES(1088, 132456, 1, 1, 3.98, 1, 1, 9, 5, 2564);
INSERT INTO project_result(project_id, user_id, submit_ind, valid_submission_ind, final_score, placed, passed_review_ind, num_appeals, num_successful_appeals, new_rating) VALUES(1089, 132456, 0, 0, 86.64, 3, 0, 10, 2, 3375);
INSERT INTO project_result(project_id, user_id, submit_ind, valid_submission_ind, final_score, placed, passed_review_ind, num_appeals, num_successful_appeals, new_rating) VALUES(1090, 132456, 1, 0, 8.72, 3, 0, 4, 1, 1834);


database tcs_catalog;

INSERT INTO 'informix'.project(project_id, project_status_id, project_category_id, create_user, create_date, modify_user, modify_date) VALUES(2000, 6, 9, 'heffan', CURRENT, 'heffan', CURRENT);
INSERT INTO 'informix'.project(project_id, project_status_id, project_category_id, create_user, create_date, modify_user, modify_date) VALUES(2001, 10, 36, 'heffan', CURRENT, 'heffan', CURRENT);
INSERT INTO 'informix'.project(project_id, project_status_id, project_category_id, create_user, create_date, modify_user, modify_date) VALUES(2002, 6, 25, 'heffan', CURRENT, 'heffan', CURRENT);
INSERT INTO 'informix'.project(project_id, project_status_id, project_category_id, create_user, create_date, modify_user, modify_date) VALUES(2003, 5, 19, 'heffan', CURRENT, 'heffan', CURRENT);
INSERT INTO 'informix'.project(project_id, project_status_id, project_category_id, create_user, create_date, modify_user, modify_date) VALUES(2004, 6, 2, 'heffan', CURRENT, 'heffan', CURRENT);
INSERT INTO 'informix'.project(project_id, project_status_id, project_category_id, create_user, create_date, modify_user, modify_date) VALUES(2005, 6, 13, 'heffan', CURRENT, 'heffan', CURRENT);
INSERT INTO 'informix'.project(project_id, project_status_id, project_category_id, create_user, create_date, modify_user, modify_date) VALUES(2006, 4, 35, 'heffan', CURRENT, 'heffan', CURRENT);
INSERT INTO 'informix'.project(project_id, project_status_id, project_category_id, create_user, create_date, modify_user, modify_date) VALUES(2007, 7, 14, 'heffan', CURRENT, 'heffan', CURRENT);
INSERT INTO 'informix'.project(project_id, project_status_id, project_category_id, create_user, create_date, modify_user, modify_date) VALUES(2008, 4, 6, 'heffan', CURRENT, 'heffan', CURRENT);
INSERT INTO 'informix'.project(project_id, project_status_id, project_category_id, create_user, create_date, modify_user, modify_date) VALUES(2009, 7, 1, 'heffan', CURRENT, 'heffan', CURRENT);
INSERT INTO 'informix'.project(project_id, project_status_id, project_category_id, create_user, create_date, modify_user, modify_date) VALUES(2010, 5, 26, 'heffan', CURRENT, 'heffan', CURRENT);
INSERT INTO 'informix'.project(project_id, project_status_id, project_category_id, create_user, create_date, modify_user, modify_date) VALUES(2011, 5, 6, 'heffan', CURRENT, 'heffan', CURRENT);
INSERT INTO 'informix'.project(project_id, project_status_id, project_category_id, create_user, create_date, modify_user, modify_date) VALUES(2012, 6, 29, 'heffan', CURRENT, 'heffan', CURRENT);
INSERT INTO 'informix'.project(project_id, project_status_id, project_category_id, create_user, create_date, modify_user, modify_date) VALUES(2013, 6, 6, 'heffan', CURRENT, 'heffan', CURRENT);
INSERT INTO 'informix'.project(project_id, project_status_id, project_category_id, create_user, create_date, modify_user, modify_date) VALUES(2014, 4, 36, 'heffan', CURRENT, 'heffan', CURRENT);
INSERT INTO 'informix'.project(project_id, project_status_id, project_category_id, create_user, create_date, modify_user, modify_date) VALUES(2015, 4, 29, 'heffan', CURRENT, 'heffan', CURRENT);
INSERT INTO 'informix'.project(project_id, project_status_id, project_category_id, create_user, create_date, modify_user, modify_date) VALUES(2016, 7, 19, 'heffan', CURRENT, 'heffan', CURRENT);
INSERT INTO 'informix'.project(project_id, project_status_id, project_category_id, create_user, create_date, modify_user, modify_date) VALUES(2017, 10, 29, 'heffan', CURRENT, 'heffan', CURRENT);
INSERT INTO 'informix'.project(project_id, project_status_id, project_category_id, create_user, create_date, modify_user, modify_date) VALUES(2018, 6, 35, 'heffan', CURRENT, 'heffan', CURRENT);
INSERT INTO 'informix'.project(project_id, project_status_id, project_category_id, create_user, create_date, modify_user, modify_date) VALUES(2019, 5, 24, 'heffan', CURRENT, 'heffan', CURRENT);
INSERT INTO 'informix'.project(project_id, project_status_id, project_category_id, create_user, create_date, modify_user, modify_date) VALUES(2020, 4, 2, 'heffan', CURRENT, 'heffan', CURRENT);
INSERT INTO 'informix'.project(project_id, project_status_id, project_category_id, create_user, create_date, modify_user, modify_date) VALUES(2021, 10, 24, 'heffan', CURRENT, 'heffan', CURRENT);
INSERT INTO 'informix'.project(project_id, project_status_id, project_category_id, create_user, create_date, modify_user, modify_date) VALUES(2022, 10, 19, 'heffan', CURRENT, 'heffan', CURRENT);
INSERT INTO 'informix'.project(project_id, project_status_id, project_category_id, create_user, create_date, modify_user, modify_date) VALUES(2023, 4, 9, 'heffan', CURRENT, 'heffan', CURRENT);
INSERT INTO 'informix'.project(project_id, project_status_id, project_category_id, create_user, create_date, modify_user, modify_date) VALUES(2024, 5, 19, 'heffan', CURRENT, 'heffan', CURRENT);
INSERT INTO 'informix'.project(project_id, project_status_id, project_category_id, create_user, create_date, modify_user, modify_date) VALUES(2025, 4, 1, 'heffan', CURRENT, 'heffan', CURRENT);
INSERT INTO 'informix'.project(project_id, project_status_id, project_category_id, create_user, create_date, modify_user, modify_date) VALUES(2026, 5, 14, 'heffan', CURRENT, 'heffan', CURRENT);
INSERT INTO 'informix'.project(project_id, project_status_id, project_category_id, create_user, create_date, modify_user, modify_date) VALUES(2027, 5, 2, 'heffan', CURRENT, 'heffan', CURRENT);
INSERT INTO 'informix'.project(project_id, project_status_id, project_category_id, create_user, create_date, modify_user, modify_date) VALUES(2028, 5, 26, 'heffan', CURRENT, 'heffan', CURRENT);
INSERT INTO 'informix'.project(project_id, project_status_id, project_category_id, create_user, create_date, modify_user, modify_date) VALUES(2029, 10, 39, 'heffan', CURRENT, 'heffan', CURRENT);
INSERT INTO 'informix'.project(project_id, project_status_id, project_category_id, create_user, create_date, modify_user, modify_date) VALUES(2030, 5, 19, 'heffan', CURRENT, 'heffan', CURRENT);
INSERT INTO 'informix'.project(project_id, project_status_id, project_category_id, create_user, create_date, modify_user, modify_date) VALUES(2031, 4, 6, 'heffan', CURRENT, 'heffan', CURRENT);
INSERT INTO 'informix'.project(project_id, project_status_id, project_category_id, create_user, create_date, modify_user, modify_date) VALUES(2032, 11, 26, 'heffan', CURRENT, 'heffan', CURRENT);
INSERT INTO 'informix'.project(project_id, project_status_id, project_category_id, create_user, create_date, modify_user, modify_date) VALUES(2033, 6, 19, 'heffan', CURRENT, 'heffan', CURRENT);
INSERT INTO 'informix'.project(project_id, project_status_id, project_category_id, create_user, create_date, modify_user, modify_date) VALUES(2034, 5, 39, 'heffan', CURRENT, 'heffan', CURRENT);
INSERT INTO 'informix'.project(project_id, project_status_id, project_category_id, create_user, create_date, modify_user, modify_date) VALUES(2035, 10, 13, 'heffan', CURRENT, 'heffan', CURRENT);
INSERT INTO 'informix'.project(project_id, project_status_id, project_category_id, create_user, create_date, modify_user, modify_date) VALUES(2036, 6, 26, 'heffan', CURRENT, 'heffan', CURRENT);
INSERT INTO 'informix'.project(project_id, project_status_id, project_category_id, create_user, create_date, modify_user, modify_date) VALUES(2037, 4, 36, 'heffan', CURRENT, 'heffan', CURRENT);
INSERT INTO 'informix'.project(project_id, project_status_id, project_category_id, create_user, create_date, modify_user, modify_date) VALUES(2038, 5, 19, 'heffan', CURRENT, 'heffan', CURRENT);
INSERT INTO 'informix'.project(project_id, project_status_id, project_category_id, create_user, create_date, modify_user, modify_date) VALUES(2039, 6, 24, 'heffan', CURRENT, 'heffan', CURRENT);
INSERT INTO 'informix'.project(project_id, project_status_id, project_category_id, create_user, create_date, modify_user, modify_date) VALUES(2040, 5, 35, 'heffan', CURRENT, 'heffan', CURRENT);
INSERT INTO 'informix'.project(project_id, project_status_id, project_category_id, create_user, create_date, modify_user, modify_date) VALUES(2041, 4, 2, 'heffan', CURRENT, 'heffan', CURRENT);
INSERT INTO 'informix'.project(project_id, project_status_id, project_category_id, create_user, create_date, modify_user, modify_date) VALUES(2042, 5, 9, 'heffan', CURRENT, 'heffan', CURRENT);
INSERT INTO 'informix'.project(project_id, project_status_id, project_category_id, create_user, create_date, modify_user, modify_date) VALUES(2043, 10, 29, 'heffan', CURRENT, 'heffan', CURRENT);
INSERT INTO 'informix'.project(project_id, project_status_id, project_category_id, create_user, create_date, modify_user, modify_date) VALUES(2044, 4, 23, 'heffan', CURRENT, 'heffan', CURRENT);
INSERT INTO 'informix'.project(project_id, project_status_id, project_category_id, create_user, create_date, modify_user, modify_date) VALUES(2045, 10, 19, 'heffan', CURRENT, 'heffan', CURRENT);
INSERT INTO 'informix'.project(project_id, project_status_id, project_category_id, create_user, create_date, modify_user, modify_date) VALUES(2046, 7, 26, 'heffan', CURRENT, 'heffan', CURRENT);
INSERT INTO 'informix'.project(project_id, project_status_id, project_category_id, create_user, create_date, modify_user, modify_date) VALUES(2047, 7, 14, 'heffan', CURRENT, 'heffan', CURRENT);
INSERT INTO 'informix'.project(project_id, project_status_id, project_category_id, create_user, create_date, modify_user, modify_date) VALUES(2048, 11, 2, 'heffan', CURRENT, 'heffan', CURRENT);
INSERT INTO 'informix'.project(project_id, project_status_id, project_category_id, create_user, create_date, modify_user, modify_date) VALUES(2049, 10, 6, 'heffan', CURRENT, 'heffan', CURRENT);

INSERT INTO 'informix'.resource(resource_id, resource_role_id, project_id, create_user, create_date, modify_user, modify_date) VALUES(2000, 14, 2000, 'heffan', CURRENT, 'heffan', CURRENT);
INSERT INTO 'informix'.resource(resource_id, resource_role_id, project_id, create_user, create_date, modify_user, modify_date) VALUES(2001, 14, 2001, 'heffan', CURRENT, 'heffan', CURRENT);
INSERT INTO 'informix'.resource(resource_id, resource_role_id, project_id, create_user, create_date, modify_user, modify_date) VALUES(2002, 14, 2002, 'heffan', CURRENT, 'heffan', CURRENT);
INSERT INTO 'informix'.resource(resource_id, resource_role_id, project_id, create_user, create_date, modify_user, modify_date) VALUES(2003, 14, 2003, 'heffan', CURRENT, 'heffan', CURRENT);
INSERT INTO 'informix'.resource(resource_id, resource_role_id, project_id, create_user, create_date, modify_user, modify_date) VALUES(2004, 14, 2004, 'heffan', CURRENT, 'heffan', CURRENT);
INSERT INTO 'informix'.resource(resource_id, resource_role_id, project_id, create_user, create_date, modify_user, modify_date) VALUES(2005, 14, 2005, 'heffan', CURRENT, 'heffan', CURRENT);
INSERT INTO 'informix'.resource(resource_id, resource_role_id, project_id, create_user, create_date, modify_user, modify_date) VALUES(2006, 14, 2006, 'heffan', CURRENT, 'heffan', CURRENT);
INSERT INTO 'informix'.resource(resource_id, resource_role_id, project_id, create_user, create_date, modify_user, modify_date) VALUES(2007, 14, 2007, 'heffan', CURRENT, 'heffan', CURRENT);
INSERT INTO 'informix'.resource(resource_id, resource_role_id, project_id, create_user, create_date, modify_user, modify_date) VALUES(2008, 14, 2008, 'heffan', CURRENT, 'heffan', CURRENT);
INSERT INTO 'informix'.resource(resource_id, resource_role_id, project_id, create_user, create_date, modify_user, modify_date) VALUES(2009, 14, 2009, 'heffan', CURRENT, 'heffan', CURRENT);
INSERT INTO 'informix'.resource(resource_id, resource_role_id, project_id, create_user, create_date, modify_user, modify_date) VALUES(2010, 14, 2010, 'heffan', CURRENT, 'heffan', CURRENT);
INSERT INTO 'informix'.resource(resource_id, resource_role_id, project_id, create_user, create_date, modify_user, modify_date) VALUES(2011, 14, 2011, 'heffan', CURRENT, 'heffan', CURRENT);
INSERT INTO 'informix'.resource(resource_id, resource_role_id, project_id, create_user, create_date, modify_user, modify_date) VALUES(2012, 14, 2012, 'heffan', CURRENT, 'heffan', CURRENT);
INSERT INTO 'informix'.resource(resource_id, resource_role_id, project_id, create_user, create_date, modify_user, modify_date) VALUES(2013, 14, 2013, 'heffan', CURRENT, 'heffan', CURRENT);
INSERT INTO 'informix'.resource(resource_id, resource_role_id, project_id, create_user, create_date, modify_user, modify_date) VALUES(2014, 14, 2014, 'heffan', CURRENT, 'heffan', CURRENT);
INSERT INTO 'informix'.resource(resource_id, resource_role_id, project_id, create_user, create_date, modify_user, modify_date) VALUES(2015, 14, 2015, 'heffan', CURRENT, 'heffan', CURRENT);
INSERT INTO 'informix'.resource(resource_id, resource_role_id, project_id, create_user, create_date, modify_user, modify_date) VALUES(2016, 14, 2016, 'heffan', CURRENT, 'heffan', CURRENT);
INSERT INTO 'informix'.resource(resource_id, resource_role_id, project_id, create_user, create_date, modify_user, modify_date) VALUES(2017, 14, 2017, 'heffan', CURRENT, 'heffan', CURRENT);
INSERT INTO 'informix'.resource(resource_id, resource_role_id, project_id, create_user, create_date, modify_user, modify_date) VALUES(2018, 14, 2018, 'heffan', CURRENT, 'heffan', CURRENT);
INSERT INTO 'informix'.resource(resource_id, resource_role_id, project_id, create_user, create_date, modify_user, modify_date) VALUES(2019, 14, 2019, 'heffan', CURRENT, 'heffan', CURRENT);
INSERT INTO 'informix'.resource(resource_id, resource_role_id, project_id, create_user, create_date, modify_user, modify_date) VALUES(2020, 14, 2020, 'heffan', CURRENT, 'heffan', CURRENT);
INSERT INTO 'informix'.resource(resource_id, resource_role_id, project_id, create_user, create_date, modify_user, modify_date) VALUES(2021, 14, 2021, 'heffan', CURRENT, 'heffan', CURRENT);
INSERT INTO 'informix'.resource(resource_id, resource_role_id, project_id, create_user, create_date, modify_user, modify_date) VALUES(2022, 14, 2022, 'heffan', CURRENT, 'heffan', CURRENT);
INSERT INTO 'informix'.resource(resource_id, resource_role_id, project_id, create_user, create_date, modify_user, modify_date) VALUES(2023, 14, 2023, 'heffan', CURRENT, 'heffan', CURRENT);
INSERT INTO 'informix'.resource(resource_id, resource_role_id, project_id, create_user, create_date, modify_user, modify_date) VALUES(2024, 14, 2024, 'heffan', CURRENT, 'heffan', CURRENT);
INSERT INTO 'informix'.resource(resource_id, resource_role_id, project_id, create_user, create_date, modify_user, modify_date) VALUES(2025, 14, 2025, 'heffan', CURRENT, 'heffan', CURRENT);
INSERT INTO 'informix'.resource(resource_id, resource_role_id, project_id, create_user, create_date, modify_user, modify_date) VALUES(2026, 14, 2026, 'heffan', CURRENT, 'heffan', CURRENT);
INSERT INTO 'informix'.resource(resource_id, resource_role_id, project_id, create_user, create_date, modify_user, modify_date) VALUES(2027, 14, 2027, 'heffan', CURRENT, 'heffan', CURRENT);
INSERT INTO 'informix'.resource(resource_id, resource_role_id, project_id, create_user, create_date, modify_user, modify_date) VALUES(2028, 14, 2028, 'heffan', CURRENT, 'heffan', CURRENT);
INSERT INTO 'informix'.resource(resource_id, resource_role_id, project_id, create_user, create_date, modify_user, modify_date) VALUES(2029, 14, 2029, 'heffan', CURRENT, 'heffan', CURRENT);
INSERT INTO 'informix'.resource(resource_id, resource_role_id, project_id, create_user, create_date, modify_user, modify_date) VALUES(2030, 14, 2030, 'heffan', CURRENT, 'heffan', CURRENT);
INSERT INTO 'informix'.resource(resource_id, resource_role_id, project_id, create_user, create_date, modify_user, modify_date) VALUES(2031, 14, 2031, 'heffan', CURRENT, 'heffan', CURRENT);
INSERT INTO 'informix'.resource(resource_id, resource_role_id, project_id, create_user, create_date, modify_user, modify_date) VALUES(2032, 14, 2032, 'heffan', CURRENT, 'heffan', CURRENT);
INSERT INTO 'informix'.resource(resource_id, resource_role_id, project_id, create_user, create_date, modify_user, modify_date) VALUES(2033, 14, 2033, 'heffan', CURRENT, 'heffan', CURRENT);
INSERT INTO 'informix'.resource(resource_id, resource_role_id, project_id, create_user, create_date, modify_user, modify_date) VALUES(2034, 14, 2034, 'heffan', CURRENT, 'heffan', CURRENT);
INSERT INTO 'informix'.resource(resource_id, resource_role_id, project_id, create_user, create_date, modify_user, modify_date) VALUES(2035, 14, 2035, 'heffan', CURRENT, 'heffan', CURRENT);
INSERT INTO 'informix'.resource(resource_id, resource_role_id, project_id, create_user, create_date, modify_user, modify_date) VALUES(2036, 14, 2036, 'heffan', CURRENT, 'heffan', CURRENT);
INSERT INTO 'informix'.resource(resource_id, resource_role_id, project_id, create_user, create_date, modify_user, modify_date) VALUES(2037, 14, 2037, 'heffan', CURRENT, 'heffan', CURRENT);
INSERT INTO 'informix'.resource(resource_id, resource_role_id, project_id, create_user, create_date, modify_user, modify_date) VALUES(2038, 14, 2038, 'heffan', CURRENT, 'heffan', CURRENT);
INSERT INTO 'informix'.resource(resource_id, resource_role_id, project_id, create_user, create_date, modify_user, modify_date) VALUES(2039, 14, 2039, 'heffan', CURRENT, 'heffan', CURRENT);
INSERT INTO 'informix'.resource(resource_id, resource_role_id, project_id, create_user, create_date, modify_user, modify_date) VALUES(2040, 14, 2040, 'heffan', CURRENT, 'heffan', CURRENT);
INSERT INTO 'informix'.resource(resource_id, resource_role_id, project_id, create_user, create_date, modify_user, modify_date) VALUES(2041, 14, 2041, 'heffan', CURRENT, 'heffan', CURRENT);
INSERT INTO 'informix'.resource(resource_id, resource_role_id, project_id, create_user, create_date, modify_user, modify_date) VALUES(2042, 14, 2042, 'heffan', CURRENT, 'heffan', CURRENT);
INSERT INTO 'informix'.resource(resource_id, resource_role_id, project_id, create_user, create_date, modify_user, modify_date) VALUES(2043, 14, 2043, 'heffan', CURRENT, 'heffan', CURRENT);
INSERT INTO 'informix'.resource(resource_id, resource_role_id, project_id, create_user, create_date, modify_user, modify_date) VALUES(2044, 14, 2044, 'heffan', CURRENT, 'heffan', CURRENT);
INSERT INTO 'informix'.resource(resource_id, resource_role_id, project_id, create_user, create_date, modify_user, modify_date) VALUES(2045, 14, 2045, 'heffan', CURRENT, 'heffan', CURRENT);
INSERT INTO 'informix'.resource(resource_id, resource_role_id, project_id, create_user, create_date, modify_user, modify_date) VALUES(2046, 14, 2046, 'heffan', CURRENT, 'heffan', CURRENT);
INSERT INTO 'informix'.resource(resource_id, resource_role_id, project_id, create_user, create_date, modify_user, modify_date) VALUES(2047, 14, 2047, 'heffan', CURRENT, 'heffan', CURRENT);
INSERT INTO 'informix'.resource(resource_id, resource_role_id, project_id, create_user, create_date, modify_user, modify_date) VALUES(2048, 14, 2048, 'heffan', CURRENT, 'heffan', CURRENT);
INSERT INTO 'informix'.resource(resource_id, resource_role_id, project_id, create_user, create_date, modify_user, modify_date) VALUES(2049, 14, 2049, 'heffan', CURRENT, 'heffan', CURRENT);

INSERT INTO 'informix'.resource_info(resource_id, resource_info_type_id, value, create_user, create_date, modify_user, modify_date) VALUES(2000, 1, 132456, 'heffan', CURRENT, 'heffan', CURRENT);
INSERT INTO 'informix'.resource_info(resource_id, resource_info_type_id, value, create_user, create_date, modify_user, modify_date) VALUES(2001, 1, 132456, 'heffan', CURRENT, 'heffan', CURRENT);
INSERT INTO 'informix'.resource_info(resource_id, resource_info_type_id, value, create_user, create_date, modify_user, modify_date) VALUES(2002, 1, 132456, 'heffan', CURRENT, 'heffan', CURRENT);
INSERT INTO 'informix'.resource_info(resource_id, resource_info_type_id, value, create_user, create_date, modify_user, modify_date) VALUES(2003, 1, 132456, 'heffan', CURRENT, 'heffan', CURRENT);
INSERT INTO 'informix'.resource_info(resource_id, resource_info_type_id, value, create_user, create_date, modify_user, modify_date) VALUES(2004, 1, 132456, 'heffan', CURRENT, 'heffan', CURRENT);
INSERT INTO 'informix'.resource_info(resource_id, resource_info_type_id, value, create_user, create_date, modify_user, modify_date) VALUES(2005, 1, 132456, 'heffan', CURRENT, 'heffan', CURRENT);
INSERT INTO 'informix'.resource_info(resource_id, resource_info_type_id, value, create_user, create_date, modify_user, modify_date) VALUES(2006, 1, 132456, 'heffan', CURRENT, 'heffan', CURRENT);
INSERT INTO 'informix'.resource_info(resource_id, resource_info_type_id, value, create_user, create_date, modify_user, modify_date) VALUES(2007, 1, 132456, 'heffan', CURRENT, 'heffan', CURRENT);
INSERT INTO 'informix'.resource_info(resource_id, resource_info_type_id, value, create_user, create_date, modify_user, modify_date) VALUES(2008, 1, 132456, 'heffan', CURRENT, 'heffan', CURRENT);
INSERT INTO 'informix'.resource_info(resource_id, resource_info_type_id, value, create_user, create_date, modify_user, modify_date) VALUES(2009, 1, 132456, 'heffan', CURRENT, 'heffan', CURRENT);
INSERT INTO 'informix'.resource_info(resource_id, resource_info_type_id, value, create_user, create_date, modify_user, modify_date) VALUES(2010, 1, 132456, 'heffan', CURRENT, 'heffan', CURRENT);
INSERT INTO 'informix'.resource_info(resource_id, resource_info_type_id, value, create_user, create_date, modify_user, modify_date) VALUES(2011, 1, 132456, 'heffan', CURRENT, 'heffan', CURRENT);
INSERT INTO 'informix'.resource_info(resource_id, resource_info_type_id, value, create_user, create_date, modify_user, modify_date) VALUES(2012, 1, 132456, 'heffan', CURRENT, 'heffan', CURRENT);
INSERT INTO 'informix'.resource_info(resource_id, resource_info_type_id, value, create_user, create_date, modify_user, modify_date) VALUES(2013, 1, 132456, 'heffan', CURRENT, 'heffan', CURRENT);
INSERT INTO 'informix'.resource_info(resource_id, resource_info_type_id, value, create_user, create_date, modify_user, modify_date) VALUES(2014, 1, 132456, 'heffan', CURRENT, 'heffan', CURRENT);
INSERT INTO 'informix'.resource_info(resource_id, resource_info_type_id, value, create_user, create_date, modify_user, modify_date) VALUES(2015, 1, 132456, 'heffan', CURRENT, 'heffan', CURRENT);
INSERT INTO 'informix'.resource_info(resource_id, resource_info_type_id, value, create_user, create_date, modify_user, modify_date) VALUES(2016, 1, 132456, 'heffan', CURRENT, 'heffan', CURRENT);
INSERT INTO 'informix'.resource_info(resource_id, resource_info_type_id, value, create_user, create_date, modify_user, modify_date) VALUES(2017, 1, 132456, 'heffan', CURRENT, 'heffan', CURRENT);
INSERT INTO 'informix'.resource_info(resource_id, resource_info_type_id, value, create_user, create_date, modify_user, modify_date) VALUES(2018, 1, 132456, 'heffan', CURRENT, 'heffan', CURRENT);
INSERT INTO 'informix'.resource_info(resource_id, resource_info_type_id, value, create_user, create_date, modify_user, modify_date) VALUES(2019, 1, 132456, 'heffan', CURRENT, 'heffan', CURRENT);
INSERT INTO 'informix'.resource_info(resource_id, resource_info_type_id, value, create_user, create_date, modify_user, modify_date) VALUES(2020, 1, 132456, 'heffan', CURRENT, 'heffan', CURRENT);
INSERT INTO 'informix'.resource_info(resource_id, resource_info_type_id, value, create_user, create_date, modify_user, modify_date) VALUES(2021, 1, 132456, 'heffan', CURRENT, 'heffan', CURRENT);
INSERT INTO 'informix'.resource_info(resource_id, resource_info_type_id, value, create_user, create_date, modify_user, modify_date) VALUES(2022, 1, 132456, 'heffan', CURRENT, 'heffan', CURRENT);
INSERT INTO 'informix'.resource_info(resource_id, resource_info_type_id, value, create_user, create_date, modify_user, modify_date) VALUES(2023, 1, 132456, 'heffan', CURRENT, 'heffan', CURRENT);
INSERT INTO 'informix'.resource_info(resource_id, resource_info_type_id, value, create_user, create_date, modify_user, modify_date) VALUES(2024, 1, 132456, 'heffan', CURRENT, 'heffan', CURRENT);
INSERT INTO 'informix'.resource_info(resource_id, resource_info_type_id, value, create_user, create_date, modify_user, modify_date) VALUES(2025, 1, 132456, 'heffan', CURRENT, 'heffan', CURRENT);
INSERT INTO 'informix'.resource_info(resource_id, resource_info_type_id, value, create_user, create_date, modify_user, modify_date) VALUES(2026, 1, 132456, 'heffan', CURRENT, 'heffan', CURRENT);
INSERT INTO 'informix'.resource_info(resource_id, resource_info_type_id, value, create_user, create_date, modify_user, modify_date) VALUES(2027, 1, 132456, 'heffan', CURRENT, 'heffan', CURRENT);
INSERT INTO 'informix'.resource_info(resource_id, resource_info_type_id, value, create_user, create_date, modify_user, modify_date) VALUES(2028, 1, 132456, 'heffan', CURRENT, 'heffan', CURRENT);
INSERT INTO 'informix'.resource_info(resource_id, resource_info_type_id, value, create_user, create_date, modify_user, modify_date) VALUES(2029, 1, 132456, 'heffan', CURRENT, 'heffan', CURRENT);
INSERT INTO 'informix'.resource_info(resource_id, resource_info_type_id, value, create_user, create_date, modify_user, modify_date) VALUES(2030, 1, 132456, 'heffan', CURRENT, 'heffan', CURRENT);
INSERT INTO 'informix'.resource_info(resource_id, resource_info_type_id, value, create_user, create_date, modify_user, modify_date) VALUES(2031, 1, 132456, 'heffan', CURRENT, 'heffan', CURRENT);
INSERT INTO 'informix'.resource_info(resource_id, resource_info_type_id, value, create_user, create_date, modify_user, modify_date) VALUES(2032, 1, 132456, 'heffan', CURRENT, 'heffan', CURRENT);
INSERT INTO 'informix'.resource_info(resource_id, resource_info_type_id, value, create_user, create_date, modify_user, modify_date) VALUES(2033, 1, 132456, 'heffan', CURRENT, 'heffan', CURRENT);
INSERT INTO 'informix'.resource_info(resource_id, resource_info_type_id, value, create_user, create_date, modify_user, modify_date) VALUES(2034, 1, 132456, 'heffan', CURRENT, 'heffan', CURRENT);
INSERT INTO 'informix'.resource_info(resource_id, resource_info_type_id, value, create_user, create_date, modify_user, modify_date) VALUES(2035, 1, 132456, 'heffan', CURRENT, 'heffan', CURRENT);
INSERT INTO 'informix'.resource_info(resource_id, resource_info_type_id, value, create_user, create_date, modify_user, modify_date) VALUES(2036, 1, 132456, 'heffan', CURRENT, 'heffan', CURRENT);
INSERT INTO 'informix'.resource_info(resource_id, resource_info_type_id, value, create_user, create_date, modify_user, modify_date) VALUES(2037, 1, 132456, 'heffan', CURRENT, 'heffan', CURRENT);
INSERT INTO 'informix'.resource_info(resource_id, resource_info_type_id, value, create_user, create_date, modify_user, modify_date) VALUES(2038, 1, 132456, 'heffan', CURRENT, 'heffan', CURRENT);
INSERT INTO 'informix'.resource_info(resource_id, resource_info_type_id, value, create_user, create_date, modify_user, modify_date) VALUES(2039, 1, 132456, 'heffan', CURRENT, 'heffan', CURRENT);
INSERT INTO 'informix'.resource_info(resource_id, resource_info_type_id, value, create_user, create_date, modify_user, modify_date) VALUES(2040, 1, 132456, 'heffan', CURRENT, 'heffan', CURRENT);
INSERT INTO 'informix'.resource_info(resource_id, resource_info_type_id, value, create_user, create_date, modify_user, modify_date) VALUES(2041, 1, 132456, 'heffan', CURRENT, 'heffan', CURRENT);
INSERT INTO 'informix'.resource_info(resource_id, resource_info_type_id, value, create_user, create_date, modify_user, modify_date) VALUES(2042, 1, 132456, 'heffan', CURRENT, 'heffan', CURRENT);
INSERT INTO 'informix'.resource_info(resource_id, resource_info_type_id, value, create_user, create_date, modify_user, modify_date) VALUES(2043, 1, 132456, 'heffan', CURRENT, 'heffan', CURRENT);
INSERT INTO 'informix'.resource_info(resource_id, resource_info_type_id, value, create_user, create_date, modify_user, modify_date) VALUES(2044, 1, 132456, 'heffan', CURRENT, 'heffan', CURRENT);
INSERT INTO 'informix'.resource_info(resource_id, resource_info_type_id, value, create_user, create_date, modify_user, modify_date) VALUES(2045, 1, 132456, 'heffan', CURRENT, 'heffan', CURRENT);
INSERT INTO 'informix'.resource_info(resource_id, resource_info_type_id, value, create_user, create_date, modify_user, modify_date) VALUES(2046, 1, 132456, 'heffan', CURRENT, 'heffan', CURRENT);
INSERT INTO 'informix'.resource_info(resource_id, resource_info_type_id, value, create_user, create_date, modify_user, modify_date) VALUES(2047, 1, 132456, 'heffan', CURRENT, 'heffan', CURRENT);
INSERT INTO 'informix'.resource_info(resource_id, resource_info_type_id, value, create_user, create_date, modify_user, modify_date) VALUES(2048, 1, 132456, 'heffan', CURRENT, 'heffan', CURRENT);
INSERT INTO 'informix'.resource_info(resource_id, resource_info_type_id, value, create_user, create_date, modify_user, modify_date) VALUES(2049, 1, 132456, 'heffan', CURRENT, 'heffan', CURRENT);

INSERT INTO 'informix'.project(project_id, project_status_id, project_category_id, create_user, create_date, modify_user, modify_date) VALUES(3001, 7, 19, 'heffan', CURRENT, 'heffan', CURRENT);
INSERT INTO 'informix'.linked_project_xref(source_project_id, dest_project_id, link_type_id) VALUES(2001, 3001, 5);
INSERT INTO 'informix'.project(project_id, project_status_id, project_category_id, create_user, create_date, modify_user, modify_date) VALUES(3002, 7, 36, 'heffan', CURRENT, 'heffan', CURRENT);
INSERT INTO 'informix'.linked_project_xref(source_project_id, dest_project_id, link_type_id) VALUES(2002, 3002, 5);
INSERT INTO 'informix'.project(project_id, project_status_id, project_category_id, create_user, create_date, modify_user, modify_date) VALUES(3018, 6, 39, 'heffan', CURRENT, 'heffan', CURRENT);
INSERT INTO 'informix'.linked_project_xref(source_project_id, dest_project_id, link_type_id) VALUES(2018, 3018, 5);
INSERT INTO 'informix'.project(project_id, project_status_id, project_category_id, create_user, create_date, modify_user, modify_date) VALUES(3020, 5, 19, 'heffan', CURRENT, 'heffan', CURRENT);
INSERT INTO 'informix'.linked_project_xref(source_project_id, dest_project_id, link_type_id) VALUES(2020, 3020, 5);

INSERT INTO 'informix'.reviewer_rating(project_id, user_id, review_date, rating) VALUES(2000, 132456, '2013-11-16 11:26:52', 2252);
INSERT INTO 'informix'.reviewer_rating(project_id, user_id, review_date, rating) VALUES(2001, 132456, '2013-11-15 11:26:52', 2451);
INSERT INTO 'informix'.reviewer_rating(project_id, user_id, review_date, rating) VALUES(2002, 132456, '2013-11-14 11:26:52', 2399);
INSERT INTO 'informix'.reviewer_rating(project_id, user_id, review_date, rating) VALUES(2003, 132456, '2013-11-13 11:26:52', 1520);
INSERT INTO 'informix'.reviewer_rating(project_id, user_id, review_date, rating) VALUES(2004, 132456, '2013-11-12 11:26:52', 1906);
INSERT INTO 'informix'.reviewer_rating(project_id, user_id, review_date, rating) VALUES(2005, 132456, '2013-11-11 11:26:52', 247);
INSERT INTO 'informix'.reviewer_rating(project_id, user_id, review_date, rating) VALUES(2006, 132456, '2013-11-10 11:26:52', 290);
INSERT INTO 'informix'.reviewer_rating(project_id, user_id, review_date, rating) VALUES(2007, 132456, '2013-11-09 11:26:52', 2374);
INSERT INTO 'informix'.reviewer_rating(project_id, user_id, review_date, rating) VALUES(2008, 132456, '2013-11-08 11:26:52', 832);
INSERT INTO 'informix'.reviewer_rating(project_id, user_id, review_date, rating) VALUES(2009, 132456, '2013-11-07 11:26:52', 1348);
INSERT INTO 'informix'.reviewer_rating(project_id, user_id, review_date, rating) VALUES(2010, 132456, '2013-11-06 11:26:52', 319);
INSERT INTO 'informix'.reviewer_rating(project_id, user_id, review_date, rating) VALUES(2011, 132456, '2013-11-05 11:26:52', 569);
INSERT INTO 'informix'.reviewer_rating(project_id, user_id, review_date, rating) VALUES(2012, 132456, '2013-11-04 11:26:52', 429);
INSERT INTO 'informix'.reviewer_rating(project_id, user_id, review_date, rating) VALUES(2013, 132456, '2013-11-03 11:26:52', 997);
INSERT INTO 'informix'.reviewer_rating(project_id, user_id, review_date, rating) VALUES(2014, 132456, '2013-11-02 11:26:52', 1741);
INSERT INTO 'informix'.reviewer_rating(project_id, user_id, review_date, rating) VALUES(2015, 132456, '2013-11-01 11:26:52', 1570);
INSERT INTO 'informix'.reviewer_rating(project_id, user_id, review_date, rating) VALUES(2016, 132456, '2013-10-31 11:26:52', 220);
INSERT INTO 'informix'.reviewer_rating(project_id, user_id, review_date, rating) VALUES(2017, 132456, '2013-10-30 11:26:52', 1879);
INSERT INTO 'informix'.reviewer_rating(project_id, user_id, review_date, rating) VALUES(2018, 132456, '2013-10-29 11:26:52', 1988);
INSERT INTO 'informix'.reviewer_rating(project_id, user_id, review_date, rating) VALUES(2019, 132456, '2013-10-28 11:26:52', 2285);
INSERT INTO 'informix'.reviewer_rating(project_id, user_id, review_date, rating) VALUES(2020, 132456, '2013-10-27 11:26:52', 103);
INSERT INTO 'informix'.reviewer_rating(project_id, user_id, review_date, rating) VALUES(2021, 132456, '2013-10-26 11:26:52', 1844);
INSERT INTO 'informix'.reviewer_rating(project_id, user_id, review_date, rating) VALUES(2022, 132456, '2013-10-25 11:26:52', 368);
INSERT INTO 'informix'.reviewer_rating(project_id, user_id, review_date, rating) VALUES(2023, 132456, '2013-10-24 11:26:52', 737);
INSERT INTO 'informix'.reviewer_rating(project_id, user_id, review_date, rating) VALUES(2024, 132456, '2013-10-23 11:26:52', 1698);
INSERT INTO 'informix'.reviewer_rating(project_id, user_id, review_date, rating) VALUES(2025, 132456, '2013-10-22 11:26:52', 1102);
INSERT INTO 'informix'.reviewer_rating(project_id, user_id, review_date, rating) VALUES(2026, 132456, '2013-10-21 11:26:52', 339);
INSERT INTO 'informix'.reviewer_rating(project_id, user_id, review_date, rating) VALUES(2027, 132456, '2013-10-20 11:26:52', 2168);
INSERT INTO 'informix'.reviewer_rating(project_id, user_id, review_date, rating) VALUES(2028, 132456, '2013-10-19 11:26:52', 1741);
INSERT INTO 'informix'.reviewer_rating(project_id, user_id, review_date, rating) VALUES(2029, 132456, '2013-10-18 11:26:52', 2171);
INSERT INTO 'informix'.reviewer_rating(project_id, user_id, review_date, rating) VALUES(2030, 132456, '2013-10-17 11:26:52', 1705);
INSERT INTO 'informix'.reviewer_rating(project_id, user_id, review_date, rating) VALUES(2031, 132456, '2013-10-16 11:26:52', 1485);
INSERT INTO 'informix'.reviewer_rating(project_id, user_id, review_date, rating) VALUES(2032, 132456, '2013-10-15 11:26:52', 785);
INSERT INTO 'informix'.reviewer_rating(project_id, user_id, review_date, rating) VALUES(2033, 132456, '2013-10-14 11:26:52', 633);
INSERT INTO 'informix'.reviewer_rating(project_id, user_id, review_date, rating) VALUES(2034, 132456, '2013-10-13 11:26:52', 132);
INSERT INTO 'informix'.reviewer_rating(project_id, user_id, review_date, rating) VALUES(2035, 132456, '2013-10-12 11:26:52', 1048);
INSERT INTO 'informix'.reviewer_rating(project_id, user_id, review_date, rating) VALUES(2036, 132456, '2013-10-11 11:26:52', 656);
INSERT INTO 'informix'.reviewer_rating(project_id, user_id, review_date, rating) VALUES(2037, 132456, '2013-10-10 11:26:52', 1018);
INSERT INTO 'informix'.reviewer_rating(project_id, user_id, review_date, rating) VALUES(2038, 132456, '2013-10-09 11:26:52', 1670);
INSERT INTO 'informix'.reviewer_rating(project_id, user_id, review_date, rating) VALUES(2039, 132456, '2013-10-08 11:26:52', 1625);
INSERT INTO 'informix'.reviewer_rating(project_id, user_id, review_date, rating) VALUES(2040, 132456, '2013-10-07 11:26:52', 1353);
INSERT INTO 'informix'.reviewer_rating(project_id, user_id, review_date, rating) VALUES(2041, 132456, '2013-10-06 11:26:52', 1350);
INSERT INTO 'informix'.reviewer_rating(project_id, user_id, review_date, rating) VALUES(2042, 132456, '2013-10-05 11:26:52', 2143);
INSERT INTO 'informix'.reviewer_rating(project_id, user_id, review_date, rating) VALUES(2043, 132456, '2013-10-04 11:26:52', 1714);
INSERT INTO 'informix'.reviewer_rating(project_id, user_id, review_date, rating) VALUES(2044, 132456, '2013-10-03 11:26:52', 882);
INSERT INTO 'informix'.reviewer_rating(project_id, user_id, review_date, rating) VALUES(2045, 132456, '2013-10-02 11:26:52', 2224);
INSERT INTO 'informix'.reviewer_rating(project_id, user_id, review_date, rating) VALUES(2046, 132456, '2013-10-01 11:26:52', 784);
INSERT INTO 'informix'.reviewer_rating(project_id, user_id, review_date, rating) VALUES(2047, 132456, '2013-09-30 11:26:52', 323);
INSERT INTO 'informix'.reviewer_rating(project_id, user_id, review_date, rating) VALUES(2048, 132456, '2013-09-29 11:26:52', 1094);
INSERT INTO 'informix'.reviewer_rating(project_id, user_id, review_date, rating) VALUES(2049, 132456, '2013-09-28 11:26:52', 1444);

