INSERT INTO project (project_id, project_status_id, project_category_id, create_user, create_date, modify_user, modify_date, tc_direct_project_id, project_studio_spec_id) VALUES (30214500, 7, 2, 132456, CURRENT, 132456, CURRENT, 30214501, null);
INSERT INTO project_info (project_id, project_info_type_id, value, create_user, create_date, modify_user, modify_date) VALUES (30214500, 6, 'this is software PAST contest 46', 132456, CURRENT, 132456, CURRENT);
INSERT INTO project_info (project_id, project_info_type_id, value, create_user, create_date, modify_user, modify_date) VALUES (30214500, 26, 'On', 132456, CURRENT, 132456, CURRENT);
INSERT INTO project_info (project_id, project_info_type_id, value, create_user, create_date, modify_user, modify_date) VALUES (30214500, 30, '510.0', 132456, CURRENT, 132456, CURRENT);
INSERT INTO project_info (project_id, project_info_type_id, value, create_user, create_date, modify_user, modify_date) VALUES (30214500, 70, 'bc', 132456, CURRENT, 132456, CURRENT);
INSERT INTO prize (prize_id, place, prize_amount, prize_type_id, project_id, number_of_submissions, create_user, create_date, modify_user, modify_date) VALUES (30214502, 1, 1450, 15, 30214500, 1, 132456, CURRENT, 132456, CURRENT);
INSERT INTO prize (prize_id, place, prize_amount, prize_type_id, project_id, number_of_submissions, create_user, create_date, modify_user, modify_date) VALUES (30214503, 2, 950, 15, 30214500, 1, 132456, CURRENT, 132456, CURRENT);
INSERT INTO project_phase (project_phase_id, project_id, phase_type_id, phase_status_id, fixed_start_time, scheduled_start_time, scheduled_end_time, actual_start_time, actual_end_time, duration, create_user, create_date, modify_user, modify_date) VALUES (30214504, 30214500, 1, 3, CURRENT + -44640 UNITS MINUTE, CURRENT + -44639 UNITS MINUTE, CURRENT + -41760 UNITS MINUTE, CURRENT + -44639 UNITS MINUTE, CURRENT + -41760 UNITS MINUTE, 172800000, 132456, CURRENT, 132456, CURRENT);
INSERT INTO project_phase (project_phase_id, project_id, phase_type_id, phase_status_id, fixed_start_time, scheduled_start_time, scheduled_end_time, actual_start_time, actual_end_time, duration, create_user, create_date, modify_user, modify_date) VALUES (30214505, 30214500, 2, 2, null, CURRENT + -44640 UNITS MINUTE, CURRENT + -36000 UNITS MINUTE, CURRENT + -44640 UNITS MINUTE, null, 518400000, 132456, CURRENT, 132456, CURRENT);
INSERT INTO project_phase (project_phase_id, project_id, phase_type_id, phase_status_id, fixed_start_time, scheduled_start_time, scheduled_end_time, actual_start_time, actual_end_time, duration, create_user, create_date, modify_user, modify_date) VALUES (30214506, 30214500, 3, 1, null, CURRENT + -36000 UNITS MINUTE, CURRENT + -35280 UNITS MINUTE, null, null, 43200000, 132456, CURRENT, 132456, CURRENT);
INSERT INTO project_phase (project_phase_id, project_id, phase_type_id, phase_status_id, fixed_start_time, scheduled_start_time, scheduled_end_time, actual_start_time, actual_end_time, duration, create_user, create_date, modify_user, modify_date) VALUES (30214507, 30214500, 4, 1, null, CURRENT + -35280 UNITS MINUTE, CURRENT + -26640 UNITS MINUTE, null, null, 518400000, 132456, CURRENT, 132456, CURRENT);
INSERT INTO resource (resource_id, resource_role_id, project_id, project_phase_id, create_user, create_date, modify_user, modify_date) VALUES (30214508, 1, 30214500, 30214505, 132456, CURRENT, 132456, CURRENT);
INSERT INTO upload (upload_id, project_id, resource_id, upload_type_id, upload_status_id, parameter, create_user, create_date, modify_user, modify_date, project_phase_id) VALUES (30214509, 30214500, 30214508, 1, 1, '30010038_30010845_30010535.zip', 132458, '2013-07-10 18:27:31', 132458, CURRENT, 30214505);
INSERT INTO submission (submission_id, upload_id, submission_status_id, screening_score, initial_score, final_score, placement, submission_type_id, create_user, create_date, modify_user, modify_date, prize_id) VALUES (30214510, 30214509, 1, 100, 80, 90, 1, 1, 132458, CURRENT, 132458, CURRENT, null);
INSERT INTO project (project_id, project_status_id, project_category_id, create_user, create_date, modify_user, modify_date, tc_direct_project_id, project_studio_spec_id) VALUES (30214600, 7, 1, 132456, CURRENT, 132456, CURRENT, 30214601, null);
INSERT INTO project_info (project_id, project_info_type_id, value, create_user, create_date, modify_user, modify_date) VALUES (30214600, 6, 'this is software PAST contest 47', 132456, CURRENT, 132456, CURRENT);
INSERT INTO project_info (project_id, project_info_type_id, value, create_user, create_date, modify_user, modify_date) VALUES (30214600, 26, 'On', 132456, CURRENT, 132456, CURRENT);
INSERT INTO project_info (project_id, project_info_type_id, value, create_user, create_date, modify_user, modify_date) VALUES (30214600, 30, '510.0', 132456, CURRENT, 132456, CURRENT);
INSERT INTO project_info (project_id, project_info_type_id, value, create_user, create_date, modify_user, modify_date) VALUES (30214600, 70, 'cd', 132456, CURRENT, 132456, CURRENT);
INSERT INTO prize (prize_id, place, prize_amount, prize_type_id, project_id, number_of_submissions, create_user, create_date, modify_user, modify_date) VALUES (30214602, 1, 1460, 15, 30214600, 1, 132456, CURRENT, 132456, CURRENT);
INSERT INTO prize (prize_id, place, prize_amount, prize_type_id, project_id, number_of_submissions, create_user, create_date, modify_user, modify_date) VALUES (30214603, 2, 960, 15, 30214600, 1, 132456, CURRENT, 132456, CURRENT);
INSERT INTO project_phase (project_phase_id, project_id, phase_type_id, phase_status_id, fixed_start_time, scheduled_start_time, scheduled_end_time, actual_start_time, actual_end_time, duration, create_user, create_date, modify_user, modify_date) VALUES (30214604, 30214600, 1, 3, CURRENT + -44640 UNITS MINUTE, CURRENT + -44639 UNITS MINUTE, CURRENT + -41760 UNITS MINUTE, CURRENT + -44639 UNITS MINUTE, CURRENT + -41760 UNITS MINUTE, 172800000, 132456, CURRENT, 132456, CURRENT);
INSERT INTO project_phase (project_phase_id, project_id, phase_type_id, phase_status_id, fixed_start_time, scheduled_start_time, scheduled_end_time, actual_start_time, actual_end_time, duration, create_user, create_date, modify_user, modify_date) VALUES (30214605, 30214600, 2, 2, null, CURRENT + -44640 UNITS MINUTE, CURRENT + -36000 UNITS MINUTE, CURRENT + -44640 UNITS MINUTE, null, 518400000, 132456, CURRENT, 132456, CURRENT);
INSERT INTO project_phase (project_phase_id, project_id, phase_type_id, phase_status_id, fixed_start_time, scheduled_start_time, scheduled_end_time, actual_start_time, actual_end_time, duration, create_user, create_date, modify_user, modify_date) VALUES (30214606, 30214600, 3, 1, null, CURRENT + -36000 UNITS MINUTE, CURRENT + -35280 UNITS MINUTE, null, null, 43200000, 132456, CURRENT, 132456, CURRENT);
INSERT INTO project_phase (project_phase_id, project_id, phase_type_id, phase_status_id, fixed_start_time, scheduled_start_time, scheduled_end_time, actual_start_time, actual_end_time, duration, create_user, create_date, modify_user, modify_date) VALUES (30214607, 30214600, 4, 1, null, CURRENT + -35280 UNITS MINUTE, CURRENT + -26640 UNITS MINUTE, null, null, 518400000, 132456, CURRENT, 132456, CURRENT);
INSERT INTO resource (resource_id, resource_role_id, project_id, project_phase_id, create_user, create_date, modify_user, modify_date) VALUES (30214608, 1, 30214600, 30214605, 132456, CURRENT, 132456, CURRENT);
INSERT INTO upload (upload_id, project_id, resource_id, upload_type_id, upload_status_id, parameter, create_user, create_date, modify_user, modify_date, project_phase_id) VALUES (30214609, 30214600, 30214608, 1, 1, '30010038_30010845_30010535.zip', 132458, '2013-07-10 18:27:31', 132458, CURRENT, 30214605);
INSERT INTO submission (submission_id, upload_id, submission_status_id, screening_score, initial_score, final_score, placement, submission_type_id, create_user, create_date, modify_user, modify_date, prize_id) VALUES (30214610, 30214609, 1, 100, 80, 90, 1, 1, 132458, CURRENT, 132458, CURRENT, null);
INSERT INTO project (project_id, project_status_id, project_category_id, create_user, create_date, modify_user, modify_date, tc_direct_project_id, project_studio_spec_id) VALUES (30214700, 7, 2, 132456, CURRENT, 132456, CURRENT, 30214701, null);
INSERT INTO project_info (project_id, project_info_type_id, value, create_user, create_date, modify_user, modify_date) VALUES (30214700, 6, 'this is software PAST contest 48', 132456, CURRENT, 132456, CURRENT);
INSERT INTO project_info (project_id, project_info_type_id, value, create_user, create_date, modify_user, modify_date) VALUES (30214700, 26, 'On', 132456, CURRENT, 132456, CURRENT);
INSERT INTO project_info (project_id, project_info_type_id, value, create_user, create_date, modify_user, modify_date) VALUES (30214700, 30, '510.0', 132456, CURRENT, 132456, CURRENT);
INSERT INTO project_info (project_id, project_info_type_id, value, create_user, create_date, modify_user, modify_date) VALUES (30214700, 70, 'de', 132456, CURRENT, 132456, CURRENT);
INSERT INTO prize (prize_id, place, prize_amount, prize_type_id, project_id, number_of_submissions, create_user, create_date, modify_user, modify_date) VALUES (30214702, 1, 1470, 15, 30214700, 1, 132456, CURRENT, 132456, CURRENT);
INSERT INTO prize (prize_id, place, prize_amount, prize_type_id, project_id, number_of_submissions, create_user, create_date, modify_user, modify_date) VALUES (30214703, 2, 970, 15, 30214700, 1, 132456, CURRENT, 132456, CURRENT);
INSERT INTO project_phase (project_phase_id, project_id, phase_type_id, phase_status_id, fixed_start_time, scheduled_start_time, scheduled_end_time, actual_start_time, actual_end_time, duration, create_user, create_date, modify_user, modify_date) VALUES (30214704, 30214700, 1, 3, CURRENT + -44640 UNITS MINUTE, CURRENT + -44639 UNITS MINUTE, CURRENT + -41760 UNITS MINUTE, CURRENT + -44639 UNITS MINUTE, CURRENT + -41760 UNITS MINUTE, 172800000, 132456, CURRENT, 132456, CURRENT);
INSERT INTO project_phase (project_phase_id, project_id, phase_type_id, phase_status_id, fixed_start_time, scheduled_start_time, scheduled_end_time, actual_start_time, actual_end_time, duration, create_user, create_date, modify_user, modify_date) VALUES (30214705, 30214700, 2, 2, null, CURRENT + -44640 UNITS MINUTE, CURRENT + -36000 UNITS MINUTE, CURRENT + -44640 UNITS MINUTE, null, 518400000, 132456, CURRENT, 132456, CURRENT);
INSERT INTO project_phase (project_phase_id, project_id, phase_type_id, phase_status_id, fixed_start_time, scheduled_start_time, scheduled_end_time, actual_start_time, actual_end_time, duration, create_user, create_date, modify_user, modify_date) VALUES (30214706, 30214700, 3, 1, null, CURRENT + -36000 UNITS MINUTE, CURRENT + -35280 UNITS MINUTE, null, null, 43200000, 132456, CURRENT, 132456, CURRENT);
INSERT INTO project_phase (project_phase_id, project_id, phase_type_id, phase_status_id, fixed_start_time, scheduled_start_time, scheduled_end_time, actual_start_time, actual_end_time, duration, create_user, create_date, modify_user, modify_date) VALUES (30214707, 30214700, 4, 1, null, CURRENT + -35280 UNITS MINUTE, CURRENT + -26640 UNITS MINUTE, null, null, 518400000, 132456, CURRENT, 132456, CURRENT);
INSERT INTO resource (resource_id, resource_role_id, project_id, project_phase_id, create_user, create_date, modify_user, modify_date) VALUES (30214708, 1, 30214700, 30214705, 132456, CURRENT, 132456, CURRENT);
INSERT INTO upload (upload_id, project_id, resource_id, upload_type_id, upload_status_id, parameter, create_user, create_date, modify_user, modify_date, project_phase_id) VALUES (30214709, 30214700, 30214708, 1, 1, '30010038_30010845_30010535.zip', 132458, '2013-07-10 18:27:31', 132458, CURRENT, 30214705);
INSERT INTO submission (submission_id, upload_id, submission_status_id, screening_score, initial_score, final_score, placement, submission_type_id, create_user, create_date, modify_user, modify_date, prize_id) VALUES (30214710, 30214709, 1, 100, 80, 90, 1, 1, 132458, CURRENT, 132458, CURRENT, null);
INSERT INTO project (project_id, project_status_id, project_category_id, create_user, create_date, modify_user, modify_date, tc_direct_project_id, project_studio_spec_id) VALUES (30214800, 7, 1, 132456, CURRENT, 132456, CURRENT, 30214801, null);
INSERT INTO project_info (project_id, project_info_type_id, value, create_user, create_date, modify_user, modify_date) VALUES (30214800, 6, 'this is software PAST contest 49', 132456, CURRENT, 132456, CURRENT);
INSERT INTO project_info (project_id, project_info_type_id, value, create_user, create_date, modify_user, modify_date) VALUES (30214800, 26, 'On', 132456, CURRENT, 132456, CURRENT);
INSERT INTO project_info (project_id, project_info_type_id, value, create_user, create_date, modify_user, modify_date) VALUES (30214800, 30, '510.0', 132456, CURRENT, 132456, CURRENT);
INSERT INTO project_info (project_id, project_info_type_id, value, create_user, create_date, modify_user, modify_date) VALUES (30214800, 70, 'ab', 132456, CURRENT, 132456, CURRENT);
INSERT INTO prize (prize_id, place, prize_amount, prize_type_id, project_id, number_of_submissions, create_user, create_date, modify_user, modify_date) VALUES (30214802, 1, 1480, 15, 30214800, 1, 132456, CURRENT, 132456, CURRENT);
INSERT INTO prize (prize_id, place, prize_amount, prize_type_id, project_id, number_of_submissions, create_user, create_date, modify_user, modify_date) VALUES (30214803, 2, 980, 15, 30214800, 1, 132456, CURRENT, 132456, CURRENT);
INSERT INTO project_phase (project_phase_id, project_id, phase_type_id, phase_status_id, fixed_start_time, scheduled_start_time, scheduled_end_time, actual_start_time, actual_end_time, duration, create_user, create_date, modify_user, modify_date) VALUES (30214804, 30214800, 1, 3, CURRENT + -44640 UNITS MINUTE, CURRENT + -44639 UNITS MINUTE, CURRENT + -41760 UNITS MINUTE, CURRENT + -44639 UNITS MINUTE, CURRENT + -41760 UNITS MINUTE, 172800000, 132456, CURRENT, 132456, CURRENT);
INSERT INTO project_phase (project_phase_id, project_id, phase_type_id, phase_status_id, fixed_start_time, scheduled_start_time, scheduled_end_time, actual_start_time, actual_end_time, duration, create_user, create_date, modify_user, modify_date) VALUES (30214805, 30214800, 2, 2, null, CURRENT + -44640 UNITS MINUTE, CURRENT + -36000 UNITS MINUTE, CURRENT + -44640 UNITS MINUTE, null, 518400000, 132456, CURRENT, 132456, CURRENT);
INSERT INTO project_phase (project_phase_id, project_id, phase_type_id, phase_status_id, fixed_start_time, scheduled_start_time, scheduled_end_time, actual_start_time, actual_end_time, duration, create_user, create_date, modify_user, modify_date) VALUES (30214806, 30214800, 3, 1, null, CURRENT + -36000 UNITS MINUTE, CURRENT + -35280 UNITS MINUTE, null, null, 43200000, 132456, CURRENT, 132456, CURRENT);
INSERT INTO project_phase (project_phase_id, project_id, phase_type_id, phase_status_id, fixed_start_time, scheduled_start_time, scheduled_end_time, actual_start_time, actual_end_time, duration, create_user, create_date, modify_user, modify_date) VALUES (30214807, 30214800, 4, 1, null, CURRENT + -35280 UNITS MINUTE, CURRENT + -26640 UNITS MINUTE, null, null, 518400000, 132456, CURRENT, 132456, CURRENT);
INSERT INTO resource (resource_id, resource_role_id, project_id, project_phase_id, create_user, create_date, modify_user, modify_date) VALUES (30214808, 1, 30214800, 30214805, 132456, CURRENT, 132456, CURRENT);
INSERT INTO upload (upload_id, project_id, resource_id, upload_type_id, upload_status_id, parameter, create_user, create_date, modify_user, modify_date, project_phase_id) VALUES (30214809, 30214800, 30214808, 1, 1, '30010038_30010845_30010535.zip', 132458, '2013-07-10 18:27:31', 132458, CURRENT, 30214805);
INSERT INTO submission (submission_id, upload_id, submission_status_id, screening_score, initial_score, final_score, placement, submission_type_id, create_user, create_date, modify_user, modify_date, prize_id) VALUES (30214810, 30214809, 1, 100, 80, 90, 1, 1, 132458, CURRENT, 132458, CURRENT, null);
INSERT INTO project (project_id, project_status_id, project_category_id, create_user, create_date, modify_user, modify_date, tc_direct_project_id, project_studio_spec_id) VALUES (30214900, 7, 2, 132456, CURRENT, 132456, CURRENT, 30214901, null);
INSERT INTO project_info (project_id, project_info_type_id, value, create_user, create_date, modify_user, modify_date) VALUES (30214900, 6, 'this is software PAST contest 50', 132456, CURRENT, 132456, CURRENT);
INSERT INTO project_info (project_id, project_info_type_id, value, create_user, create_date, modify_user, modify_date) VALUES (30214900, 26, 'On', 132456, CURRENT, 132456, CURRENT);
INSERT INTO project_info (project_id, project_info_type_id, value, create_user, create_date, modify_user, modify_date) VALUES (30214900, 30, '510.0', 132456, CURRENT, 132456, CURRENT);
INSERT INTO project_info (project_id, project_info_type_id, value, create_user, create_date, modify_user, modify_date) VALUES (30214900, 70, 'bc', 132456, CURRENT, 132456, CURRENT);
INSERT INTO prize (prize_id, place, prize_amount, prize_type_id, project_id, number_of_submissions, create_user, create_date, modify_user, modify_date) VALUES (30214902, 1, 1490, 15, 30214900, 1, 132456, CURRENT, 132456, CURRENT);
INSERT INTO prize (prize_id, place, prize_amount, prize_type_id, project_id, number_of_submissions, create_user, create_date, modify_user, modify_date) VALUES (30214903, 2, 990, 15, 30214900, 1, 132456, CURRENT, 132456, CURRENT);
INSERT INTO project_phase (project_phase_id, project_id, phase_type_id, phase_status_id, fixed_start_time, scheduled_start_time, scheduled_end_time, actual_start_time, actual_end_time, duration, create_user, create_date, modify_user, modify_date) VALUES (30214904, 30214900, 1, 3, CURRENT + -44640 UNITS MINUTE, CURRENT + -44639 UNITS MINUTE, CURRENT + -41760 UNITS MINUTE, CURRENT + -44639 UNITS MINUTE, CURRENT + -41760 UNITS MINUTE, 172800000, 132456, CURRENT, 132456, CURRENT);
INSERT INTO project_phase (project_phase_id, project_id, phase_type_id, phase_status_id, fixed_start_time, scheduled_start_time, scheduled_end_time, actual_start_time, actual_end_time, duration, create_user, create_date, modify_user, modify_date) VALUES (30214905, 30214900, 2, 2, null, CURRENT + -44640 UNITS MINUTE, CURRENT + -36000 UNITS MINUTE, CURRENT + -44640 UNITS MINUTE, null, 518400000, 132456, CURRENT, 132456, CURRENT);
INSERT INTO project_phase (project_phase_id, project_id, phase_type_id, phase_status_id, fixed_start_time, scheduled_start_time, scheduled_end_time, actual_start_time, actual_end_time, duration, create_user, create_date, modify_user, modify_date) VALUES (30214906, 30214900, 3, 1, null, CURRENT + -36000 UNITS MINUTE, CURRENT + -35280 UNITS MINUTE, null, null, 43200000, 132456, CURRENT, 132456, CURRENT);
INSERT INTO project_phase (project_phase_id, project_id, phase_type_id, phase_status_id, fixed_start_time, scheduled_start_time, scheduled_end_time, actual_start_time, actual_end_time, duration, create_user, create_date, modify_user, modify_date) VALUES (30214907, 30214900, 4, 1, null, CURRENT + -35280 UNITS MINUTE, CURRENT + -26640 UNITS MINUTE, null, null, 518400000, 132456, CURRENT, 132456, CURRENT);
INSERT INTO resource (resource_id, resource_role_id, project_id, project_phase_id, create_user, create_date, modify_user, modify_date) VALUES (30214908, 1, 30214900, 30214905, 132456, CURRENT, 132456, CURRENT);
INSERT INTO upload (upload_id, project_id, resource_id, upload_type_id, upload_status_id, parameter, create_user, create_date, modify_user, modify_date, project_phase_id) VALUES (30214909, 30214900, 30214908, 1, 1, '30010038_30010845_30010535.zip', 132458, '2013-07-10 18:27:31', 132458, CURRENT, 30214905);
INSERT INTO submission (submission_id, upload_id, submission_status_id, screening_score, initial_score, final_score, placement, submission_type_id, create_user, create_date, modify_user, modify_date, prize_id) VALUES (30214910, 30214909, 1, 100, 80, 90, 1, 1, 132458, CURRENT, 132458, CURRENT, null);
