INSERT INTO project (project_id, project_status_id, project_category_id, create_user, create_date, modify_user, modify_date, tc_direct_project_id, project_studio_spec_id) VALUES (30211500, 7, 2, 132456, CURRENT, 132456, CURRENT, 30211501, null);
INSERT INTO project_info (project_id, project_info_type_id, value, create_user, create_date, modify_user, modify_date) VALUES (30211500, 6, 'this is software PAST contest 16', 132456, CURRENT, 132456, CURRENT);
INSERT INTO project_info (project_id, project_info_type_id, value, create_user, create_date, modify_user, modify_date) VALUES (30211500, 26, 'On', 132456, CURRENT, 132456, CURRENT);
INSERT INTO project_info (project_id, project_info_type_id, value, create_user, create_date, modify_user, modify_date) VALUES (30211500, 30, '510.0', 132456, CURRENT, 132456, CURRENT);
INSERT INTO project_info (project_id, project_info_type_id, value, create_user, create_date, modify_user, modify_date) VALUES (30211500, 70, 'de', 132456, CURRENT, 132456, CURRENT);
INSERT INTO prize (prize_id, place, prize_amount, prize_type_id, project_id, number_of_submissions, create_user, create_date, modify_user, modify_date) VALUES (30211502, 1, 1150, 15, 30211500, 1, 132456, CURRENT, 132456, CURRENT);
INSERT INTO prize (prize_id, place, prize_amount, prize_type_id, project_id, number_of_submissions, create_user, create_date, modify_user, modify_date) VALUES (30211503, 2, 650, 15, 30211500, 1, 132456, CURRENT, 132456, CURRENT);
INSERT INTO project_phase (project_phase_id, project_id, phase_type_id, phase_status_id, fixed_start_time, scheduled_start_time, scheduled_end_time, actual_start_time, actual_end_time, duration, create_user, create_date, modify_user, modify_date) VALUES (30211504, 30211500, 1, 3, CURRENT + -44640 UNITS MINUTE, CURRENT + -44639 UNITS MINUTE, CURRENT + -41760 UNITS MINUTE, CURRENT + -44639 UNITS MINUTE, CURRENT + -41760 UNITS MINUTE, 172800000, 132456, CURRENT, 132456, CURRENT);
INSERT INTO project_phase (project_phase_id, project_id, phase_type_id, phase_status_id, fixed_start_time, scheduled_start_time, scheduled_end_time, actual_start_time, actual_end_time, duration, create_user, create_date, modify_user, modify_date) VALUES (30211505, 30211500, 2, 2, null, CURRENT + -44640 UNITS MINUTE, CURRENT + -36000 UNITS MINUTE, CURRENT + -44640 UNITS MINUTE, null, 518400000, 132456, CURRENT, 132456, CURRENT);
INSERT INTO project_phase (project_phase_id, project_id, phase_type_id, phase_status_id, fixed_start_time, scheduled_start_time, scheduled_end_time, actual_start_time, actual_end_time, duration, create_user, create_date, modify_user, modify_date) VALUES (30211506, 30211500, 3, 1, null, CURRENT + -36000 UNITS MINUTE, CURRENT + -35280 UNITS MINUTE, null, null, 43200000, 132456, CURRENT, 132456, CURRENT);
INSERT INTO project_phase (project_phase_id, project_id, phase_type_id, phase_status_id, fixed_start_time, scheduled_start_time, scheduled_end_time, actual_start_time, actual_end_time, duration, create_user, create_date, modify_user, modify_date) VALUES (30211507, 30211500, 4, 1, null, CURRENT + -35280 UNITS MINUTE, CURRENT + -26640 UNITS MINUTE, null, null, 518400000, 132456, CURRENT, 132456, CURRENT);
INSERT INTO resource (resource_id, resource_role_id, project_id, project_phase_id, create_user, create_date, modify_user, modify_date) VALUES (30211508, 1, 30211500, 30211505, 132456, CURRENT, 132456, CURRENT);
INSERT INTO upload (upload_id, project_id, resource_id, upload_type_id, upload_status_id, parameter, create_user, create_date, modify_user, modify_date, project_phase_id) VALUES (30211509, 30211500, 30211508, 1, 1, '30010038_30010845_30010535.zip', 132458, '2013-07-10 18:27:31', 132458, CURRENT, 30211505);
INSERT INTO submission (submission_id, upload_id, submission_status_id, screening_score, initial_score, final_score, placement, submission_type_id, create_user, create_date, modify_user, modify_date, prize_id) VALUES (30211510, 30211509, 1, 100, 80, 90, 1, 1, 132458, CURRENT, 132458, CURRENT, null);
INSERT INTO project (project_id, project_status_id, project_category_id, create_user, create_date, modify_user, modify_date, tc_direct_project_id, project_studio_spec_id) VALUES (30211600, 7, 1, 132456, CURRENT, 132456, CURRENT, 30211601, null);
INSERT INTO project_info (project_id, project_info_type_id, value, create_user, create_date, modify_user, modify_date) VALUES (30211600, 6, 'this is software PAST contest 17', 132456, CURRENT, 132456, CURRENT);
INSERT INTO project_info (project_id, project_info_type_id, value, create_user, create_date, modify_user, modify_date) VALUES (30211600, 26, 'On', 132456, CURRENT, 132456, CURRENT);
INSERT INTO project_info (project_id, project_info_type_id, value, create_user, create_date, modify_user, modify_date) VALUES (30211600, 30, '510.0', 132456, CURRENT, 132456, CURRENT);
INSERT INTO project_info (project_id, project_info_type_id, value, create_user, create_date, modify_user, modify_date) VALUES (30211600, 70, 'ab', 132456, CURRENT, 132456, CURRENT);
INSERT INTO prize (prize_id, place, prize_amount, prize_type_id, project_id, number_of_submissions, create_user, create_date, modify_user, modify_date) VALUES (30211602, 1, 1160, 15, 30211600, 1, 132456, CURRENT, 132456, CURRENT);
INSERT INTO prize (prize_id, place, prize_amount, prize_type_id, project_id, number_of_submissions, create_user, create_date, modify_user, modify_date) VALUES (30211603, 2, 660, 15, 30211600, 1, 132456, CURRENT, 132456, CURRENT);
INSERT INTO project_phase (project_phase_id, project_id, phase_type_id, phase_status_id, fixed_start_time, scheduled_start_time, scheduled_end_time, actual_start_time, actual_end_time, duration, create_user, create_date, modify_user, modify_date) VALUES (30211604, 30211600, 1, 3, CURRENT + -44640 UNITS MINUTE, CURRENT + -44639 UNITS MINUTE, CURRENT + -41760 UNITS MINUTE, CURRENT + -44639 UNITS MINUTE, CURRENT + -41760 UNITS MINUTE, 172800000, 132456, CURRENT, 132456, CURRENT);
INSERT INTO project_phase (project_phase_id, project_id, phase_type_id, phase_status_id, fixed_start_time, scheduled_start_time, scheduled_end_time, actual_start_time, actual_end_time, duration, create_user, create_date, modify_user, modify_date) VALUES (30211605, 30211600, 2, 2, null, CURRENT + -44640 UNITS MINUTE, CURRENT + -36000 UNITS MINUTE, CURRENT + -44640 UNITS MINUTE, null, 518400000, 132456, CURRENT, 132456, CURRENT);
INSERT INTO project_phase (project_phase_id, project_id, phase_type_id, phase_status_id, fixed_start_time, scheduled_start_time, scheduled_end_time, actual_start_time, actual_end_time, duration, create_user, create_date, modify_user, modify_date) VALUES (30211606, 30211600, 3, 1, null, CURRENT + -36000 UNITS MINUTE, CURRENT + -35280 UNITS MINUTE, null, null, 43200000, 132456, CURRENT, 132456, CURRENT);
INSERT INTO project_phase (project_phase_id, project_id, phase_type_id, phase_status_id, fixed_start_time, scheduled_start_time, scheduled_end_time, actual_start_time, actual_end_time, duration, create_user, create_date, modify_user, modify_date) VALUES (30211607, 30211600, 4, 1, null, CURRENT + -35280 UNITS MINUTE, CURRENT + -26640 UNITS MINUTE, null, null, 518400000, 132456, CURRENT, 132456, CURRENT);
INSERT INTO resource (resource_id, resource_role_id, project_id, project_phase_id, create_user, create_date, modify_user, modify_date) VALUES (30211608, 1, 30211600, 30211605, 132456, CURRENT, 132456, CURRENT);
INSERT INTO upload (upload_id, project_id, resource_id, upload_type_id, upload_status_id, parameter, create_user, create_date, modify_user, modify_date, project_phase_id) VALUES (30211609, 30211600, 30211608, 1, 1, '30010038_30010845_30010535.zip', 132458, '2013-07-10 18:27:31', 132458, CURRENT, 30211605);
INSERT INTO submission (submission_id, upload_id, submission_status_id, screening_score, initial_score, final_score, placement, submission_type_id, create_user, create_date, modify_user, modify_date, prize_id) VALUES (30211610, 30211609, 1, 100, 80, 90, 1, 1, 132458, CURRENT, 132458, CURRENT, null);
INSERT INTO project (project_id, project_status_id, project_category_id, create_user, create_date, modify_user, modify_date, tc_direct_project_id, project_studio_spec_id) VALUES (30211700, 7, 2, 132456, CURRENT, 132456, CURRENT, 30211701, null);
INSERT INTO project_info (project_id, project_info_type_id, value, create_user, create_date, modify_user, modify_date) VALUES (30211700, 6, 'this is software PAST contest 18', 132456, CURRENT, 132456, CURRENT);
INSERT INTO project_info (project_id, project_info_type_id, value, create_user, create_date, modify_user, modify_date) VALUES (30211700, 26, 'On', 132456, CURRENT, 132456, CURRENT);
INSERT INTO project_info (project_id, project_info_type_id, value, create_user, create_date, modify_user, modify_date) VALUES (30211700, 30, '510.0', 132456, CURRENT, 132456, CURRENT);
INSERT INTO project_info (project_id, project_info_type_id, value, create_user, create_date, modify_user, modify_date) VALUES (30211700, 70, 'bc', 132456, CURRENT, 132456, CURRENT);
INSERT INTO prize (prize_id, place, prize_amount, prize_type_id, project_id, number_of_submissions, create_user, create_date, modify_user, modify_date) VALUES (30211702, 1, 1170, 15, 30211700, 1, 132456, CURRENT, 132456, CURRENT);
INSERT INTO prize (prize_id, place, prize_amount, prize_type_id, project_id, number_of_submissions, create_user, create_date, modify_user, modify_date) VALUES (30211703, 2, 670, 15, 30211700, 1, 132456, CURRENT, 132456, CURRENT);
INSERT INTO project_phase (project_phase_id, project_id, phase_type_id, phase_status_id, fixed_start_time, scheduled_start_time, scheduled_end_time, actual_start_time, actual_end_time, duration, create_user, create_date, modify_user, modify_date) VALUES (30211704, 30211700, 1, 3, CURRENT + -44640 UNITS MINUTE, CURRENT + -44639 UNITS MINUTE, CURRENT + -41760 UNITS MINUTE, CURRENT + -44639 UNITS MINUTE, CURRENT + -41760 UNITS MINUTE, 172800000, 132456, CURRENT, 132456, CURRENT);
INSERT INTO project_phase (project_phase_id, project_id, phase_type_id, phase_status_id, fixed_start_time, scheduled_start_time, scheduled_end_time, actual_start_time, actual_end_time, duration, create_user, create_date, modify_user, modify_date) VALUES (30211705, 30211700, 2, 2, null, CURRENT + -44640 UNITS MINUTE, CURRENT + -36000 UNITS MINUTE, CURRENT + -44640 UNITS MINUTE, null, 518400000, 132456, CURRENT, 132456, CURRENT);
INSERT INTO project_phase (project_phase_id, project_id, phase_type_id, phase_status_id, fixed_start_time, scheduled_start_time, scheduled_end_time, actual_start_time, actual_end_time, duration, create_user, create_date, modify_user, modify_date) VALUES (30211706, 30211700, 3, 1, null, CURRENT + -36000 UNITS MINUTE, CURRENT + -35280 UNITS MINUTE, null, null, 43200000, 132456, CURRENT, 132456, CURRENT);
INSERT INTO project_phase (project_phase_id, project_id, phase_type_id, phase_status_id, fixed_start_time, scheduled_start_time, scheduled_end_time, actual_start_time, actual_end_time, duration, create_user, create_date, modify_user, modify_date) VALUES (30211707, 30211700, 4, 1, null, CURRENT + -35280 UNITS MINUTE, CURRENT + -26640 UNITS MINUTE, null, null, 518400000, 132456, CURRENT, 132456, CURRENT);
INSERT INTO resource (resource_id, resource_role_id, project_id, project_phase_id, create_user, create_date, modify_user, modify_date) VALUES (30211708, 1, 30211700, 30211705, 132456, CURRENT, 132456, CURRENT);
INSERT INTO upload (upload_id, project_id, resource_id, upload_type_id, upload_status_id, parameter, create_user, create_date, modify_user, modify_date, project_phase_id) VALUES (30211709, 30211700, 30211708, 1, 1, '30010038_30010845_30010535.zip', 132458, '2013-07-10 18:27:31', 132458, CURRENT, 30211705);
INSERT INTO submission (submission_id, upload_id, submission_status_id, screening_score, initial_score, final_score, placement, submission_type_id, create_user, create_date, modify_user, modify_date, prize_id) VALUES (30211710, 30211709, 1, 100, 80, 90, 1, 1, 132458, CURRENT, 132458, CURRENT, null);
INSERT INTO project (project_id, project_status_id, project_category_id, create_user, create_date, modify_user, modify_date, tc_direct_project_id, project_studio_spec_id) VALUES (30211800, 7, 1, 132456, CURRENT, 132456, CURRENT, 30211801, null);
INSERT INTO project_info (project_id, project_info_type_id, value, create_user, create_date, modify_user, modify_date) VALUES (30211800, 6, 'this is software PAST contest 19', 132456, CURRENT, 132456, CURRENT);
INSERT INTO project_info (project_id, project_info_type_id, value, create_user, create_date, modify_user, modify_date) VALUES (30211800, 26, 'On', 132456, CURRENT, 132456, CURRENT);
INSERT INTO project_info (project_id, project_info_type_id, value, create_user, create_date, modify_user, modify_date) VALUES (30211800, 30, '510.0', 132456, CURRENT, 132456, CURRENT);
INSERT INTO project_info (project_id, project_info_type_id, value, create_user, create_date, modify_user, modify_date) VALUES (30211800, 70, 'cd', 132456, CURRENT, 132456, CURRENT);
INSERT INTO prize (prize_id, place, prize_amount, prize_type_id, project_id, number_of_submissions, create_user, create_date, modify_user, modify_date) VALUES (30211802, 1, 1180, 15, 30211800, 1, 132456, CURRENT, 132456, CURRENT);
INSERT INTO prize (prize_id, place, prize_amount, prize_type_id, project_id, number_of_submissions, create_user, create_date, modify_user, modify_date) VALUES (30211803, 2, 680, 15, 30211800, 1, 132456, CURRENT, 132456, CURRENT);
INSERT INTO project_phase (project_phase_id, project_id, phase_type_id, phase_status_id, fixed_start_time, scheduled_start_time, scheduled_end_time, actual_start_time, actual_end_time, duration, create_user, create_date, modify_user, modify_date) VALUES (30211804, 30211800, 1, 3, CURRENT + -44640 UNITS MINUTE, CURRENT + -44639 UNITS MINUTE, CURRENT + -41760 UNITS MINUTE, CURRENT + -44639 UNITS MINUTE, CURRENT + -41760 UNITS MINUTE, 172800000, 132456, CURRENT, 132456, CURRENT);
INSERT INTO project_phase (project_phase_id, project_id, phase_type_id, phase_status_id, fixed_start_time, scheduled_start_time, scheduled_end_time, actual_start_time, actual_end_time, duration, create_user, create_date, modify_user, modify_date) VALUES (30211805, 30211800, 2, 2, null, CURRENT + -44640 UNITS MINUTE, CURRENT + -36000 UNITS MINUTE, CURRENT + -44640 UNITS MINUTE, null, 518400000, 132456, CURRENT, 132456, CURRENT);
INSERT INTO project_phase (project_phase_id, project_id, phase_type_id, phase_status_id, fixed_start_time, scheduled_start_time, scheduled_end_time, actual_start_time, actual_end_time, duration, create_user, create_date, modify_user, modify_date) VALUES (30211806, 30211800, 3, 1, null, CURRENT + -36000 UNITS MINUTE, CURRENT + -35280 UNITS MINUTE, null, null, 43200000, 132456, CURRENT, 132456, CURRENT);
INSERT INTO project_phase (project_phase_id, project_id, phase_type_id, phase_status_id, fixed_start_time, scheduled_start_time, scheduled_end_time, actual_start_time, actual_end_time, duration, create_user, create_date, modify_user, modify_date) VALUES (30211807, 30211800, 4, 1, null, CURRENT + -35280 UNITS MINUTE, CURRENT + -26640 UNITS MINUTE, null, null, 518400000, 132456, CURRENT, 132456, CURRENT);
INSERT INTO resource (resource_id, resource_role_id, project_id, project_phase_id, create_user, create_date, modify_user, modify_date) VALUES (30211808, 1, 30211800, 30211805, 132456, CURRENT, 132456, CURRENT);
INSERT INTO upload (upload_id, project_id, resource_id, upload_type_id, upload_status_id, parameter, create_user, create_date, modify_user, modify_date, project_phase_id) VALUES (30211809, 30211800, 30211808, 1, 1, '30010038_30010845_30010535.zip', 132458, '2013-07-10 18:27:31', 132458, CURRENT, 30211805);
INSERT INTO submission (submission_id, upload_id, submission_status_id, screening_score, initial_score, final_score, placement, submission_type_id, create_user, create_date, modify_user, modify_date, prize_id) VALUES (30211810, 30211809, 1, 100, 80, 90, 1, 1, 132458, CURRENT, 132458, CURRENT, null);
INSERT INTO project (project_id, project_status_id, project_category_id, create_user, create_date, modify_user, modify_date, tc_direct_project_id, project_studio_spec_id) VALUES (30211900, 7, 2, 132456, CURRENT, 132456, CURRENT, 30211901, null);
INSERT INTO project_info (project_id, project_info_type_id, value, create_user, create_date, modify_user, modify_date) VALUES (30211900, 6, 'this is software PAST contest 20', 132456, CURRENT, 132456, CURRENT);
INSERT INTO project_info (project_id, project_info_type_id, value, create_user, create_date, modify_user, modify_date) VALUES (30211900, 26, 'On', 132456, CURRENT, 132456, CURRENT);
INSERT INTO project_info (project_id, project_info_type_id, value, create_user, create_date, modify_user, modify_date) VALUES (30211900, 30, '510.0', 132456, CURRENT, 132456, CURRENT);
INSERT INTO project_info (project_id, project_info_type_id, value, create_user, create_date, modify_user, modify_date) VALUES (30211900, 70, 'de', 132456, CURRENT, 132456, CURRENT);
INSERT INTO prize (prize_id, place, prize_amount, prize_type_id, project_id, number_of_submissions, create_user, create_date, modify_user, modify_date) VALUES (30211902, 1, 1190, 15, 30211900, 1, 132456, CURRENT, 132456, CURRENT);
INSERT INTO prize (prize_id, place, prize_amount, prize_type_id, project_id, number_of_submissions, create_user, create_date, modify_user, modify_date) VALUES (30211903, 2, 690, 15, 30211900, 1, 132456, CURRENT, 132456, CURRENT);
INSERT INTO project_phase (project_phase_id, project_id, phase_type_id, phase_status_id, fixed_start_time, scheduled_start_time, scheduled_end_time, actual_start_time, actual_end_time, duration, create_user, create_date, modify_user, modify_date) VALUES (30211904, 30211900, 1, 3, CURRENT + -44640 UNITS MINUTE, CURRENT + -44639 UNITS MINUTE, CURRENT + -41760 UNITS MINUTE, CURRENT + -44639 UNITS MINUTE, CURRENT + -41760 UNITS MINUTE, 172800000, 132456, CURRENT, 132456, CURRENT);
INSERT INTO project_phase (project_phase_id, project_id, phase_type_id, phase_status_id, fixed_start_time, scheduled_start_time, scheduled_end_time, actual_start_time, actual_end_time, duration, create_user, create_date, modify_user, modify_date) VALUES (30211905, 30211900, 2, 2, null, CURRENT + -44640 UNITS MINUTE, CURRENT + -36000 UNITS MINUTE, CURRENT + -44640 UNITS MINUTE, null, 518400000, 132456, CURRENT, 132456, CURRENT);
INSERT INTO project_phase (project_phase_id, project_id, phase_type_id, phase_status_id, fixed_start_time, scheduled_start_time, scheduled_end_time, actual_start_time, actual_end_time, duration, create_user, create_date, modify_user, modify_date) VALUES (30211906, 30211900, 3, 1, null, CURRENT + -36000 UNITS MINUTE, CURRENT + -35280 UNITS MINUTE, null, null, 43200000, 132456, CURRENT, 132456, CURRENT);
INSERT INTO project_phase (project_phase_id, project_id, phase_type_id, phase_status_id, fixed_start_time, scheduled_start_time, scheduled_end_time, actual_start_time, actual_end_time, duration, create_user, create_date, modify_user, modify_date) VALUES (30211907, 30211900, 4, 1, null, CURRENT + -35280 UNITS MINUTE, CURRENT + -26640 UNITS MINUTE, null, null, 518400000, 132456, CURRENT, 132456, CURRENT);
INSERT INTO resource (resource_id, resource_role_id, project_id, project_phase_id, create_user, create_date, modify_user, modify_date) VALUES (30211908, 1, 30211900, 30211905, 132456, CURRENT, 132456, CURRENT);
INSERT INTO upload (upload_id, project_id, resource_id, upload_type_id, upload_status_id, parameter, create_user, create_date, modify_user, modify_date, project_phase_id) VALUES (30211909, 30211900, 30211908, 1, 1, '30010038_30010845_30010535.zip', 132458, '2013-07-10 18:27:31', 132458, CURRENT, 30211905);
INSERT INTO submission (submission_id, upload_id, submission_status_id, screening_score, initial_score, final_score, placement, submission_type_id, create_user, create_date, modify_user, modify_date, prize_id) VALUES (30211910, 30211909, 1, 100, 80, 90, 1, 1, 132458, CURRENT, 132458, CURRENT, null);
INSERT INTO project (project_id, project_status_id, project_category_id, create_user, create_date, modify_user, modify_date, tc_direct_project_id, project_studio_spec_id) VALUES (30212000, 7, 1, 132456, CURRENT, 132456, CURRENT, 30212001, null);
INSERT INTO project_info (project_id, project_info_type_id, value, create_user, create_date, modify_user, modify_date) VALUES (30212000, 6, 'this is software PAST contest 21', 132456, CURRENT, 132456, CURRENT);
INSERT INTO project_info (project_id, project_info_type_id, value, create_user, create_date, modify_user, modify_date) VALUES (30212000, 26, 'On', 132456, CURRENT, 132456, CURRENT);
INSERT INTO project_info (project_id, project_info_type_id, value, create_user, create_date, modify_user, modify_date) VALUES (30212000, 30, '510.0', 132456, CURRENT, 132456, CURRENT);
INSERT INTO project_info (project_id, project_info_type_id, value, create_user, create_date, modify_user, modify_date) VALUES (30212000, 70, 'ab', 132456, CURRENT, 132456, CURRENT);
INSERT INTO prize (prize_id, place, prize_amount, prize_type_id, project_id, number_of_submissions, create_user, create_date, modify_user, modify_date) VALUES (30212002, 1, 1200, 15, 30212000, 1, 132456, CURRENT, 132456, CURRENT);
INSERT INTO prize (prize_id, place, prize_amount, prize_type_id, project_id, number_of_submissions, create_user, create_date, modify_user, modify_date) VALUES (30212003, 2, 700, 15, 30212000, 1, 132456, CURRENT, 132456, CURRENT);
INSERT INTO project_phase (project_phase_id, project_id, phase_type_id, phase_status_id, fixed_start_time, scheduled_start_time, scheduled_end_time, actual_start_time, actual_end_time, duration, create_user, create_date, modify_user, modify_date) VALUES (30212004, 30212000, 1, 3, CURRENT + -44640 UNITS MINUTE, CURRENT + -44639 UNITS MINUTE, CURRENT + -41760 UNITS MINUTE, CURRENT + -44639 UNITS MINUTE, CURRENT + -41760 UNITS MINUTE, 172800000, 132456, CURRENT, 132456, CURRENT);
INSERT INTO project_phase (project_phase_id, project_id, phase_type_id, phase_status_id, fixed_start_time, scheduled_start_time, scheduled_end_time, actual_start_time, actual_end_time, duration, create_user, create_date, modify_user, modify_date) VALUES (30212005, 30212000, 2, 2, null, CURRENT + -44640 UNITS MINUTE, CURRENT + -36000 UNITS MINUTE, CURRENT + -44640 UNITS MINUTE, null, 518400000, 132456, CURRENT, 132456, CURRENT);
INSERT INTO project_phase (project_phase_id, project_id, phase_type_id, phase_status_id, fixed_start_time, scheduled_start_time, scheduled_end_time, actual_start_time, actual_end_time, duration, create_user, create_date, modify_user, modify_date) VALUES (30212006, 30212000, 3, 1, null, CURRENT + -36000 UNITS MINUTE, CURRENT + -35280 UNITS MINUTE, null, null, 43200000, 132456, CURRENT, 132456, CURRENT);
INSERT INTO project_phase (project_phase_id, project_id, phase_type_id, phase_status_id, fixed_start_time, scheduled_start_time, scheduled_end_time, actual_start_time, actual_end_time, duration, create_user, create_date, modify_user, modify_date) VALUES (30212007, 30212000, 4, 1, null, CURRENT + -35280 UNITS MINUTE, CURRENT + -26640 UNITS MINUTE, null, null, 518400000, 132456, CURRENT, 132456, CURRENT);
INSERT INTO resource (resource_id, resource_role_id, project_id, project_phase_id, create_user, create_date, modify_user, modify_date) VALUES (30212008, 1, 30212000, 30212005, 132456, CURRENT, 132456, CURRENT);
INSERT INTO upload (upload_id, project_id, resource_id, upload_type_id, upload_status_id, parameter, create_user, create_date, modify_user, modify_date, project_phase_id) VALUES (30212009, 30212000, 30212008, 1, 1, '30010038_30010845_30010535.zip', 132458, '2013-07-10 18:27:31', 132458, CURRENT, 30212005);
INSERT INTO submission (submission_id, upload_id, submission_status_id, screening_score, initial_score, final_score, placement, submission_type_id, create_user, create_date, modify_user, modify_date, prize_id) VALUES (30212010, 30212009, 1, 100, 80, 90, 1, 1, 132458, CURRENT, 132458, CURRENT, null);
INSERT INTO project (project_id, project_status_id, project_category_id, create_user, create_date, modify_user, modify_date, tc_direct_project_id, project_studio_spec_id) VALUES (30212100, 7, 2, 132456, CURRENT, 132456, CURRENT, 30212101, null);
INSERT INTO project_info (project_id, project_info_type_id, value, create_user, create_date, modify_user, modify_date) VALUES (30212100, 6, 'this is software PAST contest 22', 132456, CURRENT, 132456, CURRENT);
INSERT INTO project_info (project_id, project_info_type_id, value, create_user, create_date, modify_user, modify_date) VALUES (30212100, 26, 'On', 132456, CURRENT, 132456, CURRENT);
INSERT INTO project_info (project_id, project_info_type_id, value, create_user, create_date, modify_user, modify_date) VALUES (30212100, 30, '510.0', 132456, CURRENT, 132456, CURRENT);
INSERT INTO project_info (project_id, project_info_type_id, value, create_user, create_date, modify_user, modify_date) VALUES (30212100, 70, 'bc', 132456, CURRENT, 132456, CURRENT);
INSERT INTO prize (prize_id, place, prize_amount, prize_type_id, project_id, number_of_submissions, create_user, create_date, modify_user, modify_date) VALUES (30212102, 1, 1210, 15, 30212100, 1, 132456, CURRENT, 132456, CURRENT);
INSERT INTO prize (prize_id, place, prize_amount, prize_type_id, project_id, number_of_submissions, create_user, create_date, modify_user, modify_date) VALUES (30212103, 2, 710, 15, 30212100, 1, 132456, CURRENT, 132456, CURRENT);
INSERT INTO project_phase (project_phase_id, project_id, phase_type_id, phase_status_id, fixed_start_time, scheduled_start_time, scheduled_end_time, actual_start_time, actual_end_time, duration, create_user, create_date, modify_user, modify_date) VALUES (30212104, 30212100, 1, 3, CURRENT + -44640 UNITS MINUTE, CURRENT + -44639 UNITS MINUTE, CURRENT + -41760 UNITS MINUTE, CURRENT + -44639 UNITS MINUTE, CURRENT + -41760 UNITS MINUTE, 172800000, 132456, CURRENT, 132456, CURRENT);
INSERT INTO project_phase (project_phase_id, project_id, phase_type_id, phase_status_id, fixed_start_time, scheduled_start_time, scheduled_end_time, actual_start_time, actual_end_time, duration, create_user, create_date, modify_user, modify_date) VALUES (30212105, 30212100, 2, 2, null, CURRENT + -44640 UNITS MINUTE, CURRENT + -36000 UNITS MINUTE, CURRENT + -44640 UNITS MINUTE, null, 518400000, 132456, CURRENT, 132456, CURRENT);
INSERT INTO project_phase (project_phase_id, project_id, phase_type_id, phase_status_id, fixed_start_time, scheduled_start_time, scheduled_end_time, actual_start_time, actual_end_time, duration, create_user, create_date, modify_user, modify_date) VALUES (30212106, 30212100, 3, 1, null, CURRENT + -36000 UNITS MINUTE, CURRENT + -35280 UNITS MINUTE, null, null, 43200000, 132456, CURRENT, 132456, CURRENT);
INSERT INTO project_phase (project_phase_id, project_id, phase_type_id, phase_status_id, fixed_start_time, scheduled_start_time, scheduled_end_time, actual_start_time, actual_end_time, duration, create_user, create_date, modify_user, modify_date) VALUES (30212107, 30212100, 4, 1, null, CURRENT + -35280 UNITS MINUTE, CURRENT + -26640 UNITS MINUTE, null, null, 518400000, 132456, CURRENT, 132456, CURRENT);
INSERT INTO resource (resource_id, resource_role_id, project_id, project_phase_id, create_user, create_date, modify_user, modify_date) VALUES (30212108, 1, 30212100, 30212105, 132456, CURRENT, 132456, CURRENT);
INSERT INTO upload (upload_id, project_id, resource_id, upload_type_id, upload_status_id, parameter, create_user, create_date, modify_user, modify_date, project_phase_id) VALUES (30212109, 30212100, 30212108, 1, 1, '30010038_30010845_30010535.zip', 132458, '2013-07-10 18:27:31', 132458, CURRENT, 30212105);
INSERT INTO submission (submission_id, upload_id, submission_status_id, screening_score, initial_score, final_score, placement, submission_type_id, create_user, create_date, modify_user, modify_date, prize_id) VALUES (30212110, 30212109, 1, 100, 80, 90, 1, 1, 132458, CURRENT, 132458, CURRENT, null);
INSERT INTO project (project_id, project_status_id, project_category_id, create_user, create_date, modify_user, modify_date, tc_direct_project_id, project_studio_spec_id) VALUES (30212200, 7, 1, 132456, CURRENT, 132456, CURRENT, 30212201, null);
INSERT INTO project_info (project_id, project_info_type_id, value, create_user, create_date, modify_user, modify_date) VALUES (30212200, 6, 'this is software PAST contest 23', 132456, CURRENT, 132456, CURRENT);
INSERT INTO project_info (project_id, project_info_type_id, value, create_user, create_date, modify_user, modify_date) VALUES (30212200, 26, 'On', 132456, CURRENT, 132456, CURRENT);
INSERT INTO project_info (project_id, project_info_type_id, value, create_user, create_date, modify_user, modify_date) VALUES (30212200, 30, '510.0', 132456, CURRENT, 132456, CURRENT);
INSERT INTO project_info (project_id, project_info_type_id, value, create_user, create_date, modify_user, modify_date) VALUES (30212200, 70, 'cd', 132456, CURRENT, 132456, CURRENT);
INSERT INTO prize (prize_id, place, prize_amount, prize_type_id, project_id, number_of_submissions, create_user, create_date, modify_user, modify_date) VALUES (30212202, 1, 1220, 15, 30212200, 1, 132456, CURRENT, 132456, CURRENT);
INSERT INTO prize (prize_id, place, prize_amount, prize_type_id, project_id, number_of_submissions, create_user, create_date, modify_user, modify_date) VALUES (30212203, 2, 720, 15, 30212200, 1, 132456, CURRENT, 132456, CURRENT);
INSERT INTO project_phase (project_phase_id, project_id, phase_type_id, phase_status_id, fixed_start_time, scheduled_start_time, scheduled_end_time, actual_start_time, actual_end_time, duration, create_user, create_date, modify_user, modify_date) VALUES (30212204, 30212200, 1, 3, CURRENT + -44640 UNITS MINUTE, CURRENT + -44639 UNITS MINUTE, CURRENT + -41760 UNITS MINUTE, CURRENT + -44639 UNITS MINUTE, CURRENT + -41760 UNITS MINUTE, 172800000, 132456, CURRENT, 132456, CURRENT);
INSERT INTO project_phase (project_phase_id, project_id, phase_type_id, phase_status_id, fixed_start_time, scheduled_start_time, scheduled_end_time, actual_start_time, actual_end_time, duration, create_user, create_date, modify_user, modify_date) VALUES (30212205, 30212200, 2, 2, null, CURRENT + -44640 UNITS MINUTE, CURRENT + -36000 UNITS MINUTE, CURRENT + -44640 UNITS MINUTE, null, 518400000, 132456, CURRENT, 132456, CURRENT);
INSERT INTO project_phase (project_phase_id, project_id, phase_type_id, phase_status_id, fixed_start_time, scheduled_start_time, scheduled_end_time, actual_start_time, actual_end_time, duration, create_user, create_date, modify_user, modify_date) VALUES (30212206, 30212200, 3, 1, null, CURRENT + -36000 UNITS MINUTE, CURRENT + -35280 UNITS MINUTE, null, null, 43200000, 132456, CURRENT, 132456, CURRENT);
INSERT INTO project_phase (project_phase_id, project_id, phase_type_id, phase_status_id, fixed_start_time, scheduled_start_time, scheduled_end_time, actual_start_time, actual_end_time, duration, create_user, create_date, modify_user, modify_date) VALUES (30212207, 30212200, 4, 1, null, CURRENT + -35280 UNITS MINUTE, CURRENT + -26640 UNITS MINUTE, null, null, 518400000, 132456, CURRENT, 132456, CURRENT);
INSERT INTO resource (resource_id, resource_role_id, project_id, project_phase_id, create_user, create_date, modify_user, modify_date) VALUES (30212208, 1, 30212200, 30212205, 132456, CURRENT, 132456, CURRENT);
INSERT INTO upload (upload_id, project_id, resource_id, upload_type_id, upload_status_id, parameter, create_user, create_date, modify_user, modify_date, project_phase_id) VALUES (30212209, 30212200, 30212208, 1, 1, '30010038_30010845_30010535.zip', 132458, '2013-07-10 18:27:31', 132458, CURRENT, 30212205);
INSERT INTO submission (submission_id, upload_id, submission_status_id, screening_score, initial_score, final_score, placement, submission_type_id, create_user, create_date, modify_user, modify_date, prize_id) VALUES (30212210, 30212209, 1, 100, 80, 90, 1, 1, 132458, CURRENT, 132458, CURRENT, null);
INSERT INTO project (project_id, project_status_id, project_category_id, create_user, create_date, modify_user, modify_date, tc_direct_project_id, project_studio_spec_id) VALUES (30212300, 7, 2, 132456, CURRENT, 132456, CURRENT, 30212301, null);
INSERT INTO project_info (project_id, project_info_type_id, value, create_user, create_date, modify_user, modify_date) VALUES (30212300, 6, 'this is software PAST contest 24', 132456, CURRENT, 132456, CURRENT);
INSERT INTO project_info (project_id, project_info_type_id, value, create_user, create_date, modify_user, modify_date) VALUES (30212300, 26, 'On', 132456, CURRENT, 132456, CURRENT);
INSERT INTO project_info (project_id, project_info_type_id, value, create_user, create_date, modify_user, modify_date) VALUES (30212300, 30, '510.0', 132456, CURRENT, 132456, CURRENT);
INSERT INTO project_info (project_id, project_info_type_id, value, create_user, create_date, modify_user, modify_date) VALUES (30212300, 70, 'de', 132456, CURRENT, 132456, CURRENT);
INSERT INTO prize (prize_id, place, prize_amount, prize_type_id, project_id, number_of_submissions, create_user, create_date, modify_user, modify_date) VALUES (30212302, 1, 1230, 15, 30212300, 1, 132456, CURRENT, 132456, CURRENT);
INSERT INTO prize (prize_id, place, prize_amount, prize_type_id, project_id, number_of_submissions, create_user, create_date, modify_user, modify_date) VALUES (30212303, 2, 730, 15, 30212300, 1, 132456, CURRENT, 132456, CURRENT);
INSERT INTO project_phase (project_phase_id, project_id, phase_type_id, phase_status_id, fixed_start_time, scheduled_start_time, scheduled_end_time, actual_start_time, actual_end_time, duration, create_user, create_date, modify_user, modify_date) VALUES (30212304, 30212300, 1, 3, CURRENT + -44640 UNITS MINUTE, CURRENT + -44639 UNITS MINUTE, CURRENT + -41760 UNITS MINUTE, CURRENT + -44639 UNITS MINUTE, CURRENT + -41760 UNITS MINUTE, 172800000, 132456, CURRENT, 132456, CURRENT);
INSERT INTO project_phase (project_phase_id, project_id, phase_type_id, phase_status_id, fixed_start_time, scheduled_start_time, scheduled_end_time, actual_start_time, actual_end_time, duration, create_user, create_date, modify_user, modify_date) VALUES (30212305, 30212300, 2, 2, null, CURRENT + -44640 UNITS MINUTE, CURRENT + -36000 UNITS MINUTE, CURRENT + -44640 UNITS MINUTE, null, 518400000, 132456, CURRENT, 132456, CURRENT);
INSERT INTO project_phase (project_phase_id, project_id, phase_type_id, phase_status_id, fixed_start_time, scheduled_start_time, scheduled_end_time, actual_start_time, actual_end_time, duration, create_user, create_date, modify_user, modify_date) VALUES (30212306, 30212300, 3, 1, null, CURRENT + -36000 UNITS MINUTE, CURRENT + -35280 UNITS MINUTE, null, null, 43200000, 132456, CURRENT, 132456, CURRENT);
INSERT INTO project_phase (project_phase_id, project_id, phase_type_id, phase_status_id, fixed_start_time, scheduled_start_time, scheduled_end_time, actual_start_time, actual_end_time, duration, create_user, create_date, modify_user, modify_date) VALUES (30212307, 30212300, 4, 1, null, CURRENT + -35280 UNITS MINUTE, CURRENT + -26640 UNITS MINUTE, null, null, 518400000, 132456, CURRENT, 132456, CURRENT);
INSERT INTO resource (resource_id, resource_role_id, project_id, project_phase_id, create_user, create_date, modify_user, modify_date) VALUES (30212308, 1, 30212300, 30212305, 132456, CURRENT, 132456, CURRENT);
INSERT INTO upload (upload_id, project_id, resource_id, upload_type_id, upload_status_id, parameter, create_user, create_date, modify_user, modify_date, project_phase_id) VALUES (30212309, 30212300, 30212308, 1, 1, '30010038_30010845_30010535.zip', 132458, '2013-07-10 18:27:31', 132458, CURRENT, 30212305);
INSERT INTO submission (submission_id, upload_id, submission_status_id, screening_score, initial_score, final_score, placement, submission_type_id, create_user, create_date, modify_user, modify_date, prize_id) VALUES (30212310, 30212309, 1, 100, 80, 90, 1, 1, 132458, CURRENT, 132458, CURRENT, null);
INSERT INTO project (project_id, project_status_id, project_category_id, create_user, create_date, modify_user, modify_date, tc_direct_project_id, project_studio_spec_id) VALUES (30212400, 7, 1, 132456, CURRENT, 132456, CURRENT, 30212401, null);
INSERT INTO project_info (project_id, project_info_type_id, value, create_user, create_date, modify_user, modify_date) VALUES (30212400, 6, 'this is software PAST contest 25', 132456, CURRENT, 132456, CURRENT);
INSERT INTO project_info (project_id, project_info_type_id, value, create_user, create_date, modify_user, modify_date) VALUES (30212400, 26, 'On', 132456, CURRENT, 132456, CURRENT);
INSERT INTO project_info (project_id, project_info_type_id, value, create_user, create_date, modify_user, modify_date) VALUES (30212400, 30, '510.0', 132456, CURRENT, 132456, CURRENT);
INSERT INTO project_info (project_id, project_info_type_id, value, create_user, create_date, modify_user, modify_date) VALUES (30212400, 70, 'ab', 132456, CURRENT, 132456, CURRENT);
INSERT INTO prize (prize_id, place, prize_amount, prize_type_id, project_id, number_of_submissions, create_user, create_date, modify_user, modify_date) VALUES (30212402, 1, 1240, 15, 30212400, 1, 132456, CURRENT, 132456, CURRENT);
INSERT INTO prize (prize_id, place, prize_amount, prize_type_id, project_id, number_of_submissions, create_user, create_date, modify_user, modify_date) VALUES (30212403, 2, 740, 15, 30212400, 1, 132456, CURRENT, 132456, CURRENT);
INSERT INTO project_phase (project_phase_id, project_id, phase_type_id, phase_status_id, fixed_start_time, scheduled_start_time, scheduled_end_time, actual_start_time, actual_end_time, duration, create_user, create_date, modify_user, modify_date) VALUES (30212404, 30212400, 1, 3, CURRENT + -44640 UNITS MINUTE, CURRENT + -44639 UNITS MINUTE, CURRENT + -41760 UNITS MINUTE, CURRENT + -44639 UNITS MINUTE, CURRENT + -41760 UNITS MINUTE, 172800000, 132456, CURRENT, 132456, CURRENT);
INSERT INTO project_phase (project_phase_id, project_id, phase_type_id, phase_status_id, fixed_start_time, scheduled_start_time, scheduled_end_time, actual_start_time, actual_end_time, duration, create_user, create_date, modify_user, modify_date) VALUES (30212405, 30212400, 2, 2, null, CURRENT + -44640 UNITS MINUTE, CURRENT + -36000 UNITS MINUTE, CURRENT + -44640 UNITS MINUTE, null, 518400000, 132456, CURRENT, 132456, CURRENT);
INSERT INTO project_phase (project_phase_id, project_id, phase_type_id, phase_status_id, fixed_start_time, scheduled_start_time, scheduled_end_time, actual_start_time, actual_end_time, duration, create_user, create_date, modify_user, modify_date) VALUES (30212406, 30212400, 3, 1, null, CURRENT + -36000 UNITS MINUTE, CURRENT + -35280 UNITS MINUTE, null, null, 43200000, 132456, CURRENT, 132456, CURRENT);
INSERT INTO project_phase (project_phase_id, project_id, phase_type_id, phase_status_id, fixed_start_time, scheduled_start_time, scheduled_end_time, actual_start_time, actual_end_time, duration, create_user, create_date, modify_user, modify_date) VALUES (30212407, 30212400, 4, 1, null, CURRENT + -35280 UNITS MINUTE, CURRENT + -26640 UNITS MINUTE, null, null, 518400000, 132456, CURRENT, 132456, CURRENT);
INSERT INTO resource (resource_id, resource_role_id, project_id, project_phase_id, create_user, create_date, modify_user, modify_date) VALUES (30212408, 1, 30212400, 30212405, 132456, CURRENT, 132456, CURRENT);
INSERT INTO upload (upload_id, project_id, resource_id, upload_type_id, upload_status_id, parameter, create_user, create_date, modify_user, modify_date, project_phase_id) VALUES (30212409, 30212400, 30212408, 1, 1, '30010038_30010845_30010535.zip', 132458, '2013-07-10 18:27:31', 132458, CURRENT, 30212405);
INSERT INTO submission (submission_id, upload_id, submission_status_id, screening_score, initial_score, final_score, placement, submission_type_id, create_user, create_date, modify_user, modify_date, prize_id) VALUES (30212410, 30212409, 1, 100, 80, 90, 1, 1, 132458, CURRENT, 132458, CURRENT, null);
INSERT INTO project (project_id, project_status_id, project_category_id, create_user, create_date, modify_user, modify_date, tc_direct_project_id, project_studio_spec_id) VALUES (30212500, 7, 2, 132456, CURRENT, 132456, CURRENT, 30212501, null);
INSERT INTO project_info (project_id, project_info_type_id, value, create_user, create_date, modify_user, modify_date) VALUES (30212500, 6, 'this is software PAST contest 26', 132456, CURRENT, 132456, CURRENT);
INSERT INTO project_info (project_id, project_info_type_id, value, create_user, create_date, modify_user, modify_date) VALUES (30212500, 26, 'On', 132456, CURRENT, 132456, CURRENT);
INSERT INTO project_info (project_id, project_info_type_id, value, create_user, create_date, modify_user, modify_date) VALUES (30212500, 30, '510.0', 132456, CURRENT, 132456, CURRENT);
INSERT INTO project_info (project_id, project_info_type_id, value, create_user, create_date, modify_user, modify_date) VALUES (30212500, 70, 'bc', 132456, CURRENT, 132456, CURRENT);
INSERT INTO prize (prize_id, place, prize_amount, prize_type_id, project_id, number_of_submissions, create_user, create_date, modify_user, modify_date) VALUES (30212502, 1, 1250, 15, 30212500, 1, 132456, CURRENT, 132456, CURRENT);
INSERT INTO prize (prize_id, place, prize_amount, prize_type_id, project_id, number_of_submissions, create_user, create_date, modify_user, modify_date) VALUES (30212503, 2, 750, 15, 30212500, 1, 132456, CURRENT, 132456, CURRENT);
INSERT INTO project_phase (project_phase_id, project_id, phase_type_id, phase_status_id, fixed_start_time, scheduled_start_time, scheduled_end_time, actual_start_time, actual_end_time, duration, create_user, create_date, modify_user, modify_date) VALUES (30212504, 30212500, 1, 3, CURRENT + -44640 UNITS MINUTE, CURRENT + -44639 UNITS MINUTE, CURRENT + -41760 UNITS MINUTE, CURRENT + -44639 UNITS MINUTE, CURRENT + -41760 UNITS MINUTE, 172800000, 132456, CURRENT, 132456, CURRENT);
INSERT INTO project_phase (project_phase_id, project_id, phase_type_id, phase_status_id, fixed_start_time, scheduled_start_time, scheduled_end_time, actual_start_time, actual_end_time, duration, create_user, create_date, modify_user, modify_date) VALUES (30212505, 30212500, 2, 2, null, CURRENT + -44640 UNITS MINUTE, CURRENT + -36000 UNITS MINUTE, CURRENT + -44640 UNITS MINUTE, null, 518400000, 132456, CURRENT, 132456, CURRENT);
INSERT INTO project_phase (project_phase_id, project_id, phase_type_id, phase_status_id, fixed_start_time, scheduled_start_time, scheduled_end_time, actual_start_time, actual_end_time, duration, create_user, create_date, modify_user, modify_date) VALUES (30212506, 30212500, 3, 1, null, CURRENT + -36000 UNITS MINUTE, CURRENT + -35280 UNITS MINUTE, null, null, 43200000, 132456, CURRENT, 132456, CURRENT);
INSERT INTO project_phase (project_phase_id, project_id, phase_type_id, phase_status_id, fixed_start_time, scheduled_start_time, scheduled_end_time, actual_start_time, actual_end_time, duration, create_user, create_date, modify_user, modify_date) VALUES (30212507, 30212500, 4, 1, null, CURRENT + -35280 UNITS MINUTE, CURRENT + -26640 UNITS MINUTE, null, null, 518400000, 132456, CURRENT, 132456, CURRENT);
INSERT INTO resource (resource_id, resource_role_id, project_id, project_phase_id, create_user, create_date, modify_user, modify_date) VALUES (30212508, 1, 30212500, 30212505, 132456, CURRENT, 132456, CURRENT);
INSERT INTO upload (upload_id, project_id, resource_id, upload_type_id, upload_status_id, parameter, create_user, create_date, modify_user, modify_date, project_phase_id) VALUES (30212509, 30212500, 30212508, 1, 1, '30010038_30010845_30010535.zip', 132458, '2013-07-10 18:27:31', 132458, CURRENT, 30212505);
INSERT INTO submission (submission_id, upload_id, submission_status_id, screening_score, initial_score, final_score, placement, submission_type_id, create_user, create_date, modify_user, modify_date, prize_id) VALUES (30212510, 30212509, 1, 100, 80, 90, 1, 1, 132458, CURRENT, 132458, CURRENT, null);
INSERT INTO project (project_id, project_status_id, project_category_id, create_user, create_date, modify_user, modify_date, tc_direct_project_id, project_studio_spec_id) VALUES (30212600, 7, 1, 132456, CURRENT, 132456, CURRENT, 30212601, null);
INSERT INTO project_info (project_id, project_info_type_id, value, create_user, create_date, modify_user, modify_date) VALUES (30212600, 6, 'this is software PAST contest 27', 132456, CURRENT, 132456, CURRENT);
INSERT INTO project_info (project_id, project_info_type_id, value, create_user, create_date, modify_user, modify_date) VALUES (30212600, 26, 'On', 132456, CURRENT, 132456, CURRENT);
INSERT INTO project_info (project_id, project_info_type_id, value, create_user, create_date, modify_user, modify_date) VALUES (30212600, 30, '510.0', 132456, CURRENT, 132456, CURRENT);
INSERT INTO project_info (project_id, project_info_type_id, value, create_user, create_date, modify_user, modify_date) VALUES (30212600, 70, 'cd', 132456, CURRENT, 132456, CURRENT);
INSERT INTO prize (prize_id, place, prize_amount, prize_type_id, project_id, number_of_submissions, create_user, create_date, modify_user, modify_date) VALUES (30212602, 1, 1260, 15, 30212600, 1, 132456, CURRENT, 132456, CURRENT);
INSERT INTO prize (prize_id, place, prize_amount, prize_type_id, project_id, number_of_submissions, create_user, create_date, modify_user, modify_date) VALUES (30212603, 2, 760, 15, 30212600, 1, 132456, CURRENT, 132456, CURRENT);
INSERT INTO project_phase (project_phase_id, project_id, phase_type_id, phase_status_id, fixed_start_time, scheduled_start_time, scheduled_end_time, actual_start_time, actual_end_time, duration, create_user, create_date, modify_user, modify_date) VALUES (30212604, 30212600, 1, 3, CURRENT + -44640 UNITS MINUTE, CURRENT + -44639 UNITS MINUTE, CURRENT + -41760 UNITS MINUTE, CURRENT + -44639 UNITS MINUTE, CURRENT + -41760 UNITS MINUTE, 172800000, 132456, CURRENT, 132456, CURRENT);
INSERT INTO project_phase (project_phase_id, project_id, phase_type_id, phase_status_id, fixed_start_time, scheduled_start_time, scheduled_end_time, actual_start_time, actual_end_time, duration, create_user, create_date, modify_user, modify_date) VALUES (30212605, 30212600, 2, 2, null, CURRENT + -44640 UNITS MINUTE, CURRENT + -36000 UNITS MINUTE, CURRENT + -44640 UNITS MINUTE, null, 518400000, 132456, CURRENT, 132456, CURRENT);
INSERT INTO project_phase (project_phase_id, project_id, phase_type_id, phase_status_id, fixed_start_time, scheduled_start_time, scheduled_end_time, actual_start_time, actual_end_time, duration, create_user, create_date, modify_user, modify_date) VALUES (30212606, 30212600, 3, 1, null, CURRENT + -36000 UNITS MINUTE, CURRENT + -35280 UNITS MINUTE, null, null, 43200000, 132456, CURRENT, 132456, CURRENT);
INSERT INTO project_phase (project_phase_id, project_id, phase_type_id, phase_status_id, fixed_start_time, scheduled_start_time, scheduled_end_time, actual_start_time, actual_end_time, duration, create_user, create_date, modify_user, modify_date) VALUES (30212607, 30212600, 4, 1, null, CURRENT + -35280 UNITS MINUTE, CURRENT + -26640 UNITS MINUTE, null, null, 518400000, 132456, CURRENT, 132456, CURRENT);
INSERT INTO resource (resource_id, resource_role_id, project_id, project_phase_id, create_user, create_date, modify_user, modify_date) VALUES (30212608, 1, 30212600, 30212605, 132456, CURRENT, 132456, CURRENT);
INSERT INTO upload (upload_id, project_id, resource_id, upload_type_id, upload_status_id, parameter, create_user, create_date, modify_user, modify_date, project_phase_id) VALUES (30212609, 30212600, 30212608, 1, 1, '30010038_30010845_30010535.zip', 132458, '2013-07-10 18:27:31', 132458, CURRENT, 30212605);
INSERT INTO submission (submission_id, upload_id, submission_status_id, screening_score, initial_score, final_score, placement, submission_type_id, create_user, create_date, modify_user, modify_date, prize_id) VALUES (30212610, 30212609, 1, 100, 80, 90, 1, 1, 132458, CURRENT, 132458, CURRENT, null);
INSERT INTO project (project_id, project_status_id, project_category_id, create_user, create_date, modify_user, modify_date, tc_direct_project_id, project_studio_spec_id) VALUES (30212700, 7, 2, 132456, CURRENT, 132456, CURRENT, 30212701, null);
INSERT INTO project_info (project_id, project_info_type_id, value, create_user, create_date, modify_user, modify_date) VALUES (30212700, 6, 'this is software PAST contest 28', 132456, CURRENT, 132456, CURRENT);
INSERT INTO project_info (project_id, project_info_type_id, value, create_user, create_date, modify_user, modify_date) VALUES (30212700, 26, 'On', 132456, CURRENT, 132456, CURRENT);
INSERT INTO project_info (project_id, project_info_type_id, value, create_user, create_date, modify_user, modify_date) VALUES (30212700, 30, '510.0', 132456, CURRENT, 132456, CURRENT);
INSERT INTO project_info (project_id, project_info_type_id, value, create_user, create_date, modify_user, modify_date) VALUES (30212700, 70, 'de', 132456, CURRENT, 132456, CURRENT);
INSERT INTO prize (prize_id, place, prize_amount, prize_type_id, project_id, number_of_submissions, create_user, create_date, modify_user, modify_date) VALUES (30212702, 1, 1270, 15, 30212700, 1, 132456, CURRENT, 132456, CURRENT);
INSERT INTO prize (prize_id, place, prize_amount, prize_type_id, project_id, number_of_submissions, create_user, create_date, modify_user, modify_date) VALUES (30212703, 2, 770, 15, 30212700, 1, 132456, CURRENT, 132456, CURRENT);
INSERT INTO project_phase (project_phase_id, project_id, phase_type_id, phase_status_id, fixed_start_time, scheduled_start_time, scheduled_end_time, actual_start_time, actual_end_time, duration, create_user, create_date, modify_user, modify_date) VALUES (30212704, 30212700, 1, 3, CURRENT + -44640 UNITS MINUTE, CURRENT + -44639 UNITS MINUTE, CURRENT + -41760 UNITS MINUTE, CURRENT + -44639 UNITS MINUTE, CURRENT + -41760 UNITS MINUTE, 172800000, 132456, CURRENT, 132456, CURRENT);
INSERT INTO project_phase (project_phase_id, project_id, phase_type_id, phase_status_id, fixed_start_time, scheduled_start_time, scheduled_end_time, actual_start_time, actual_end_time, duration, create_user, create_date, modify_user, modify_date) VALUES (30212705, 30212700, 2, 2, null, CURRENT + -44640 UNITS MINUTE, CURRENT + -36000 UNITS MINUTE, CURRENT + -44640 UNITS MINUTE, null, 518400000, 132456, CURRENT, 132456, CURRENT);
INSERT INTO project_phase (project_phase_id, project_id, phase_type_id, phase_status_id, fixed_start_time, scheduled_start_time, scheduled_end_time, actual_start_time, actual_end_time, duration, create_user, create_date, modify_user, modify_date) VALUES (30212706, 30212700, 3, 1, null, CURRENT + -36000 UNITS MINUTE, CURRENT + -35280 UNITS MINUTE, null, null, 43200000, 132456, CURRENT, 132456, CURRENT);
INSERT INTO project_phase (project_phase_id, project_id, phase_type_id, phase_status_id, fixed_start_time, scheduled_start_time, scheduled_end_time, actual_start_time, actual_end_time, duration, create_user, create_date, modify_user, modify_date) VALUES (30212707, 30212700, 4, 1, null, CURRENT + -35280 UNITS MINUTE, CURRENT + -26640 UNITS MINUTE, null, null, 518400000, 132456, CURRENT, 132456, CURRENT);
INSERT INTO resource (resource_id, resource_role_id, project_id, project_phase_id, create_user, create_date, modify_user, modify_date) VALUES (30212708, 1, 30212700, 30212705, 132456, CURRENT, 132456, CURRENT);
INSERT INTO upload (upload_id, project_id, resource_id, upload_type_id, upload_status_id, parameter, create_user, create_date, modify_user, modify_date, project_phase_id) VALUES (30212709, 30212700, 30212708, 1, 1, '30010038_30010845_30010535.zip', 132458, '2013-07-10 18:27:31', 132458, CURRENT, 30212705);
INSERT INTO submission (submission_id, upload_id, submission_status_id, screening_score, initial_score, final_score, placement, submission_type_id, create_user, create_date, modify_user, modify_date, prize_id) VALUES (30212710, 30212709, 1, 100, 80, 90, 1, 1, 132458, CURRENT, 132458, CURRENT, null);
INSERT INTO project (project_id, project_status_id, project_category_id, create_user, create_date, modify_user, modify_date, tc_direct_project_id, project_studio_spec_id) VALUES (30212800, 7, 1, 132456, CURRENT, 132456, CURRENT, 30212801, null);
INSERT INTO project_info (project_id, project_info_type_id, value, create_user, create_date, modify_user, modify_date) VALUES (30212800, 6, 'this is software PAST contest 29', 132456, CURRENT, 132456, CURRENT);
INSERT INTO project_info (project_id, project_info_type_id, value, create_user, create_date, modify_user, modify_date) VALUES (30212800, 26, 'On', 132456, CURRENT, 132456, CURRENT);
INSERT INTO project_info (project_id, project_info_type_id, value, create_user, create_date, modify_user, modify_date) VALUES (30212800, 30, '510.0', 132456, CURRENT, 132456, CURRENT);
INSERT INTO project_info (project_id, project_info_type_id, value, create_user, create_date, modify_user, modify_date) VALUES (30212800, 70, 'ab', 132456, CURRENT, 132456, CURRENT);
INSERT INTO prize (prize_id, place, prize_amount, prize_type_id, project_id, number_of_submissions, create_user, create_date, modify_user, modify_date) VALUES (30212802, 1, 1280, 15, 30212800, 1, 132456, CURRENT, 132456, CURRENT);
INSERT INTO prize (prize_id, place, prize_amount, prize_type_id, project_id, number_of_submissions, create_user, create_date, modify_user, modify_date) VALUES (30212803, 2, 780, 15, 30212800, 1, 132456, CURRENT, 132456, CURRENT);
INSERT INTO project_phase (project_phase_id, project_id, phase_type_id, phase_status_id, fixed_start_time, scheduled_start_time, scheduled_end_time, actual_start_time, actual_end_time, duration, create_user, create_date, modify_user, modify_date) VALUES (30212804, 30212800, 1, 3, CURRENT + -44640 UNITS MINUTE, CURRENT + -44639 UNITS MINUTE, CURRENT + -41760 UNITS MINUTE, CURRENT + -44639 UNITS MINUTE, CURRENT + -41760 UNITS MINUTE, 172800000, 132456, CURRENT, 132456, CURRENT);
INSERT INTO project_phase (project_phase_id, project_id, phase_type_id, phase_status_id, fixed_start_time, scheduled_start_time, scheduled_end_time, actual_start_time, actual_end_time, duration, create_user, create_date, modify_user, modify_date) VALUES (30212805, 30212800, 2, 2, null, CURRENT + -44640 UNITS MINUTE, CURRENT + -36000 UNITS MINUTE, CURRENT + -44640 UNITS MINUTE, null, 518400000, 132456, CURRENT, 132456, CURRENT);
INSERT INTO project_phase (project_phase_id, project_id, phase_type_id, phase_status_id, fixed_start_time, scheduled_start_time, scheduled_end_time, actual_start_time, actual_end_time, duration, create_user, create_date, modify_user, modify_date) VALUES (30212806, 30212800, 3, 1, null, CURRENT + -36000 UNITS MINUTE, CURRENT + -35280 UNITS MINUTE, null, null, 43200000, 132456, CURRENT, 132456, CURRENT);
INSERT INTO project_phase (project_phase_id, project_id, phase_type_id, phase_status_id, fixed_start_time, scheduled_start_time, scheduled_end_time, actual_start_time, actual_end_time, duration, create_user, create_date, modify_user, modify_date) VALUES (30212807, 30212800, 4, 1, null, CURRENT + -35280 UNITS MINUTE, CURRENT + -26640 UNITS MINUTE, null, null, 518400000, 132456, CURRENT, 132456, CURRENT);
INSERT INTO resource (resource_id, resource_role_id, project_id, project_phase_id, create_user, create_date, modify_user, modify_date) VALUES (30212808, 1, 30212800, 30212805, 132456, CURRENT, 132456, CURRENT);
INSERT INTO upload (upload_id, project_id, resource_id, upload_type_id, upload_status_id, parameter, create_user, create_date, modify_user, modify_date, project_phase_id) VALUES (30212809, 30212800, 30212808, 1, 1, '30010038_30010845_30010535.zip', 132458, '2013-07-10 18:27:31', 132458, CURRENT, 30212805);
INSERT INTO submission (submission_id, upload_id, submission_status_id, screening_score, initial_score, final_score, placement, submission_type_id, create_user, create_date, modify_user, modify_date, prize_id) VALUES (30212810, 30212809, 1, 100, 80, 90, 1, 1, 132458, CURRENT, 132458, CURRENT, null);
INSERT INTO project (project_id, project_status_id, project_category_id, create_user, create_date, modify_user, modify_date, tc_direct_project_id, project_studio_spec_id) VALUES (30212900, 7, 2, 132456, CURRENT, 132456, CURRENT, 30212901, null);
INSERT INTO project_info (project_id, project_info_type_id, value, create_user, create_date, modify_user, modify_date) VALUES (30212900, 6, 'this is software PAST contest 30', 132456, CURRENT, 132456, CURRENT);
INSERT INTO project_info (project_id, project_info_type_id, value, create_user, create_date, modify_user, modify_date) VALUES (30212900, 26, 'On', 132456, CURRENT, 132456, CURRENT);
INSERT INTO project_info (project_id, project_info_type_id, value, create_user, create_date, modify_user, modify_date) VALUES (30212900, 30, '510.0', 132456, CURRENT, 132456, CURRENT);
INSERT INTO project_info (project_id, project_info_type_id, value, create_user, create_date, modify_user, modify_date) VALUES (30212900, 70, 'bc', 132456, CURRENT, 132456, CURRENT);
INSERT INTO prize (prize_id, place, prize_amount, prize_type_id, project_id, number_of_submissions, create_user, create_date, modify_user, modify_date) VALUES (30212902, 1, 1290, 15, 30212900, 1, 132456, CURRENT, 132456, CURRENT);
INSERT INTO prize (prize_id, place, prize_amount, prize_type_id, project_id, number_of_submissions, create_user, create_date, modify_user, modify_date) VALUES (30212903, 2, 790, 15, 30212900, 1, 132456, CURRENT, 132456, CURRENT);
INSERT INTO project_phase (project_phase_id, project_id, phase_type_id, phase_status_id, fixed_start_time, scheduled_start_time, scheduled_end_time, actual_start_time, actual_end_time, duration, create_user, create_date, modify_user, modify_date) VALUES (30212904, 30212900, 1, 3, CURRENT + -44640 UNITS MINUTE, CURRENT + -44639 UNITS MINUTE, CURRENT + -41760 UNITS MINUTE, CURRENT + -44639 UNITS MINUTE, CURRENT + -41760 UNITS MINUTE, 172800000, 132456, CURRENT, 132456, CURRENT);
INSERT INTO project_phase (project_phase_id, project_id, phase_type_id, phase_status_id, fixed_start_time, scheduled_start_time, scheduled_end_time, actual_start_time, actual_end_time, duration, create_user, create_date, modify_user, modify_date) VALUES (30212905, 30212900, 2, 2, null, CURRENT + -44640 UNITS MINUTE, CURRENT + -36000 UNITS MINUTE, CURRENT + -44640 UNITS MINUTE, null, 518400000, 132456, CURRENT, 132456, CURRENT);
INSERT INTO project_phase (project_phase_id, project_id, phase_type_id, phase_status_id, fixed_start_time, scheduled_start_time, scheduled_end_time, actual_start_time, actual_end_time, duration, create_user, create_date, modify_user, modify_date) VALUES (30212906, 30212900, 3, 1, null, CURRENT + -36000 UNITS MINUTE, CURRENT + -35280 UNITS MINUTE, null, null, 43200000, 132456, CURRENT, 132456, CURRENT);
INSERT INTO project_phase (project_phase_id, project_id, phase_type_id, phase_status_id, fixed_start_time, scheduled_start_time, scheduled_end_time, actual_start_time, actual_end_time, duration, create_user, create_date, modify_user, modify_date) VALUES (30212907, 30212900, 4, 1, null, CURRENT + -35280 UNITS MINUTE, CURRENT + -26640 UNITS MINUTE, null, null, 518400000, 132456, CURRENT, 132456, CURRENT);
INSERT INTO resource (resource_id, resource_role_id, project_id, project_phase_id, create_user, create_date, modify_user, modify_date) VALUES (30212908, 1, 30212900, 30212905, 132456, CURRENT, 132456, CURRENT);
INSERT INTO upload (upload_id, project_id, resource_id, upload_type_id, upload_status_id, parameter, create_user, create_date, modify_user, modify_date, project_phase_id) VALUES (30212909, 30212900, 30212908, 1, 1, '30010038_30010845_30010535.zip', 132458, '2013-07-10 18:27:31', 132458, CURRENT, 30212905);
INSERT INTO submission (submission_id, upload_id, submission_status_id, screening_score, initial_score, final_score, placement, submission_type_id, create_user, create_date, modify_user, modify_date, prize_id) VALUES (30212910, 30212909, 1, 100, 80, 90, 1, 1, 132458, CURRENT, 132458, CURRENT, null);
