INSERT INTO project_studio_specification (project_studio_spec_id, goals, target_audience, branding_guidelines, disliked_design_websites, other_instructions, winning_criteria, submitters_locked_between_rounds, round_one_introduction, round_two_introduction, colors, fonts, layout_and_size, contest_introduction, contest_description, content_requirements, general_feedback, create_user, create_date, modify_user, modify_date) VALUES (30323900, '', '', '', '', '', '', 'f', '', '', '', '', '', '<p>Contest Introduction for Client 30323901 Billing Account 3 Project 2 Print/Presentation Contest 774</p>', '<p>Contest Description for Client 30323901 Billing Account 3 Project 2 Print/Presentation Contest 774</p>', 'null', 'null', 132456, CURRENT, 132456, CURRENT);
INSERT INTO project (project_id, project_status_id, project_category_id, create_user, create_date, modify_user, modify_date, tc_direct_project_id, project_studio_spec_id) VALUES (30323902, 2, 22, 132456, CURRENT, 132456, CURRENT, 30323903, 30323900);
INSERT INTO project_info (project_id, project_info_type_id, value, create_user, create_date, modify_user, modify_date) VALUES (30323902, 6, 'this is studio UPCOMING contest 40', 132456, CURRENT, 132456, CURRENT);
INSERT INTO project_info (project_id, project_info_type_id, value, create_user, create_date, modify_user, modify_date) VALUES (30323902, 26, 'On', 132456, CURRENT, 132456, CURRENT);
INSERT INTO project_info (project_id, project_info_type_id, value, create_user, create_date, modify_user, modify_date) VALUES (30323902, 30, '510.0', 132456, CURRENT, 132456, CURRENT);
INSERT INTO project_info (project_id, project_info_type_id, value, create_user, create_date, modify_user, modify_date) VALUES (30323902, 7, '1.0', 132456, CURRENT, 132456, CURRENT);
INSERT INTO project_info (project_id, project_info_type_id, value, create_user, create_date, modify_user, modify_date) VALUES (30323902, 70, 'de', 132456, CURRENT, 132456, CURRENT);
INSERT INTO prize (prize_id, place, prize_amount, prize_type_id, project_id, number_of_submissions, create_user, create_date, modify_user, modify_date) VALUES (30323904, 1, 1390, 15, 30323902, 1, 132456, CURRENT, 132456, CURRENT);
INSERT INTO prize (prize_id, place, prize_amount, prize_type_id, project_id, number_of_submissions, create_user, create_date, modify_user, modify_date) VALUES (30323905, 2, 890, 15, 30323902, 1, 132456, CURRENT, 132456, CURRENT);
INSERT INTO prize (prize_id, place, prize_amount, prize_type_id, project_id, number_of_submissions, create_user, create_date, modify_user, modify_date) VALUES (30323906, 3, 490, 15, 30323902, 1, 132456, CURRENT, 132456, CURRENT);
INSERT INTO project_phase (project_phase_id, project_id, phase_type_id, phase_status_id, fixed_start_time, scheduled_start_time, scheduled_end_time, actual_start_time, actual_end_time, duration, create_user, create_date, modify_user, modify_date) VALUES (30323907, 30323902, 1, 3, CURRENT + 44640 UNITS MINUTE, CURRENT + 44640 UNITS MINUTE, CURRENT + 41760 UNITS MINUTE, CURRENT + 44639 UNITS MINUTE, CURRENT + 41760 UNITS MINUTE, 172800000, 132456, CURRENT, 132456, CURRENT);
INSERT INTO project_phase (project_phase_id, project_id, phase_type_id, phase_status_id, fixed_start_time, scheduled_start_time, scheduled_end_time, actual_start_time, actual_end_time, duration, create_user, create_date, modify_user, modify_date) VALUES (30323908, 30323902, 2, 2, null, CURRENT + 44640 UNITS MINUTE, CURRENT + 36000 UNITS MINUTE, CURRENT + 44640 UNITS MINUTE, null, 518400000, 132456, CURRENT, 132456, CURRENT);

INSERT INTO project_studio_specification (project_studio_spec_id, goals, target_audience, branding_guidelines, disliked_design_websites, other_instructions, winning_criteria, submitters_locked_between_rounds, round_one_introduction, round_two_introduction, colors, fonts, layout_and_size, contest_introduction, contest_description, content_requirements, general_feedback, create_user, create_date, modify_user, modify_date) VALUES (30324000, '', '', '', '', '', '', 'f', '', '', '', '', '', '<p>Contest Introduction for Client 30324001 Billing Account 3 Project 2 Print/Presentation Contest 774</p>', '<p>Contest Description for Client 30324001 Billing Account 3 Project 2 Print/Presentation Contest 774</p>', 'null', 'null', 132456, CURRENT, 132456, CURRENT);
INSERT INTO project (project_id, project_status_id, project_category_id, create_user, create_date, modify_user, modify_date, tc_direct_project_id, project_studio_spec_id) VALUES (30324002, 2, 21, 132456, CURRENT, 132456, CURRENT, 30324003, 30324000);
INSERT INTO project_info (project_id, project_info_type_id, value, create_user, create_date, modify_user, modify_date) VALUES (30324002, 6, 'this is studio UPCOMING contest 41', 132456, CURRENT, 132456, CURRENT);
INSERT INTO project_info (project_id, project_info_type_id, value, create_user, create_date, modify_user, modify_date) VALUES (30324002, 26, 'On', 132456, CURRENT, 132456, CURRENT);
INSERT INTO project_info (project_id, project_info_type_id, value, create_user, create_date, modify_user, modify_date) VALUES (30324002, 30, '510.0', 132456, CURRENT, 132456, CURRENT);
INSERT INTO project_info (project_id, project_info_type_id, value, create_user, create_date, modify_user, modify_date) VALUES (30324002, 7, '1.0', 132456, CURRENT, 132456, CURRENT);
INSERT INTO project_info (project_id, project_info_type_id, value, create_user, create_date, modify_user, modify_date) VALUES (30324002, 70, 'ab', 132456, CURRENT, 132456, CURRENT);
INSERT INTO prize (prize_id, place, prize_amount, prize_type_id, project_id, number_of_submissions, create_user, create_date, modify_user, modify_date) VALUES (30324004, 1, 1400, 15, 30324002, 1, 132456, CURRENT, 132456, CURRENT);
INSERT INTO prize (prize_id, place, prize_amount, prize_type_id, project_id, number_of_submissions, create_user, create_date, modify_user, modify_date) VALUES (30324005, 2, 900, 15, 30324002, 1, 132456, CURRENT, 132456, CURRENT);
INSERT INTO prize (prize_id, place, prize_amount, prize_type_id, project_id, number_of_submissions, create_user, create_date, modify_user, modify_date) VALUES (30324006, 3, 500, 15, 30324002, 1, 132456, CURRENT, 132456, CURRENT);
INSERT INTO project_phase (project_phase_id, project_id, phase_type_id, phase_status_id, fixed_start_time, scheduled_start_time, scheduled_end_time, actual_start_time, actual_end_time, duration, create_user, create_date, modify_user, modify_date) VALUES (30324007, 30324002, 1, 3, CURRENT + 44640 UNITS MINUTE, CURRENT + 44640 UNITS MINUTE, CURRENT + 41760 UNITS MINUTE, CURRENT + 44639 UNITS MINUTE, CURRENT + 41760 UNITS MINUTE, 172800000, 132456, CURRENT, 132456, CURRENT);
INSERT INTO project_phase (project_phase_id, project_id, phase_type_id, phase_status_id, fixed_start_time, scheduled_start_time, scheduled_end_time, actual_start_time, actual_end_time, duration, create_user, create_date, modify_user, modify_date) VALUES (30324008, 30324002, 2, 2, null, CURRENT + 44640 UNITS MINUTE, CURRENT + 36000 UNITS MINUTE, CURRENT + 44640 UNITS MINUTE, null, 518400000, 132456, CURRENT, 132456, CURRENT);

INSERT INTO project_studio_specification (project_studio_spec_id, goals, target_audience, branding_guidelines, disliked_design_websites, other_instructions, winning_criteria, submitters_locked_between_rounds, round_one_introduction, round_two_introduction, colors, fonts, layout_and_size, contest_introduction, contest_description, content_requirements, general_feedback, create_user, create_date, modify_user, modify_date) VALUES (30324100, '', '', '', '', '', '', 'f', '', '', '', '', '', '<p>Contest Introduction for Client 30324101 Billing Account 3 Project 2 Print/Presentation Contest 774</p>', '<p>Contest Description for Client 30324101 Billing Account 3 Project 2 Print/Presentation Contest 774</p>', 'null', 'null', 132456, CURRENT, 132456, CURRENT);
INSERT INTO project (project_id, project_status_id, project_category_id, create_user, create_date, modify_user, modify_date, tc_direct_project_id, project_studio_spec_id) VALUES (30324102, 2, 22, 132456, CURRENT, 132456, CURRENT, 30324103, 30324100);
INSERT INTO project_info (project_id, project_info_type_id, value, create_user, create_date, modify_user, modify_date) VALUES (30324102, 6, 'this is studio UPCOMING contest 42', 132456, CURRENT, 132456, CURRENT);
INSERT INTO project_info (project_id, project_info_type_id, value, create_user, create_date, modify_user, modify_date) VALUES (30324102, 26, 'On', 132456, CURRENT, 132456, CURRENT);
INSERT INTO project_info (project_id, project_info_type_id, value, create_user, create_date, modify_user, modify_date) VALUES (30324102, 30, '510.0', 132456, CURRENT, 132456, CURRENT);
INSERT INTO project_info (project_id, project_info_type_id, value, create_user, create_date, modify_user, modify_date) VALUES (30324102, 7, '1.0', 132456, CURRENT, 132456, CURRENT);
INSERT INTO project_info (project_id, project_info_type_id, value, create_user, create_date, modify_user, modify_date) VALUES (30324102, 70, 'bc', 132456, CURRENT, 132456, CURRENT);
INSERT INTO prize (prize_id, place, prize_amount, prize_type_id, project_id, number_of_submissions, create_user, create_date, modify_user, modify_date) VALUES (30324104, 1, 1410, 15, 30324102, 1, 132456, CURRENT, 132456, CURRENT);
INSERT INTO prize (prize_id, place, prize_amount, prize_type_id, project_id, number_of_submissions, create_user, create_date, modify_user, modify_date) VALUES (30324105, 2, 910, 15, 30324102, 1, 132456, CURRENT, 132456, CURRENT);
INSERT INTO prize (prize_id, place, prize_amount, prize_type_id, project_id, number_of_submissions, create_user, create_date, modify_user, modify_date) VALUES (30324106, 3, 510, 15, 30324102, 1, 132456, CURRENT, 132456, CURRENT);
INSERT INTO project_phase (project_phase_id, project_id, phase_type_id, phase_status_id, fixed_start_time, scheduled_start_time, scheduled_end_time, actual_start_time, actual_end_time, duration, create_user, create_date, modify_user, modify_date) VALUES (30324107, 30324102, 1, 3, CURRENT + 44640 UNITS MINUTE, CURRENT + 44640 UNITS MINUTE, CURRENT + 41760 UNITS MINUTE, CURRENT + 44639 UNITS MINUTE, CURRENT + 41760 UNITS MINUTE, 172800000, 132456, CURRENT, 132456, CURRENT);
INSERT INTO project_phase (project_phase_id, project_id, phase_type_id, phase_status_id, fixed_start_time, scheduled_start_time, scheduled_end_time, actual_start_time, actual_end_time, duration, create_user, create_date, modify_user, modify_date) VALUES (30324108, 30324102, 2, 2, null, CURRENT + 44640 UNITS MINUTE, CURRENT + 36000 UNITS MINUTE, CURRENT + 44640 UNITS MINUTE, null, 518400000, 132456, CURRENT, 132456, CURRENT);

INSERT INTO project_studio_specification (project_studio_spec_id, goals, target_audience, branding_guidelines, disliked_design_websites, other_instructions, winning_criteria, submitters_locked_between_rounds, round_one_introduction, round_two_introduction, colors, fonts, layout_and_size, contest_introduction, contest_description, content_requirements, general_feedback, create_user, create_date, modify_user, modify_date) VALUES (30324200, '', '', '', '', '', '', 'f', '', '', '', '', '', '<p>Contest Introduction for Client 30324201 Billing Account 3 Project 2 Print/Presentation Contest 774</p>', '<p>Contest Description for Client 30324201 Billing Account 3 Project 2 Print/Presentation Contest 774</p>', 'null', 'null', 132456, CURRENT, 132456, CURRENT);
INSERT INTO project (project_id, project_status_id, project_category_id, create_user, create_date, modify_user, modify_date, tc_direct_project_id, project_studio_spec_id) VALUES (30324202, 2, 21, 132456, CURRENT, 132456, CURRENT, 30324203, 30324200);
INSERT INTO project_info (project_id, project_info_type_id, value, create_user, create_date, modify_user, modify_date) VALUES (30324202, 6, 'this is studio UPCOMING contest 43', 132456, CURRENT, 132456, CURRENT);
INSERT INTO project_info (project_id, project_info_type_id, value, create_user, create_date, modify_user, modify_date) VALUES (30324202, 26, 'On', 132456, CURRENT, 132456, CURRENT);
INSERT INTO project_info (project_id, project_info_type_id, value, create_user, create_date, modify_user, modify_date) VALUES (30324202, 30, '510.0', 132456, CURRENT, 132456, CURRENT);
INSERT INTO project_info (project_id, project_info_type_id, value, create_user, create_date, modify_user, modify_date) VALUES (30324202, 7, '1.0', 132456, CURRENT, 132456, CURRENT);
INSERT INTO project_info (project_id, project_info_type_id, value, create_user, create_date, modify_user, modify_date) VALUES (30324202, 70, 'cd', 132456, CURRENT, 132456, CURRENT);
INSERT INTO prize (prize_id, place, prize_amount, prize_type_id, project_id, number_of_submissions, create_user, create_date, modify_user, modify_date) VALUES (30324204, 1, 1420, 15, 30324202, 1, 132456, CURRENT, 132456, CURRENT);
INSERT INTO prize (prize_id, place, prize_amount, prize_type_id, project_id, number_of_submissions, create_user, create_date, modify_user, modify_date) VALUES (30324205, 2, 920, 15, 30324202, 1, 132456, CURRENT, 132456, CURRENT);
INSERT INTO prize (prize_id, place, prize_amount, prize_type_id, project_id, number_of_submissions, create_user, create_date, modify_user, modify_date) VALUES (30324206, 3, 520, 15, 30324202, 1, 132456, CURRENT, 132456, CURRENT);
INSERT INTO project_phase (project_phase_id, project_id, phase_type_id, phase_status_id, fixed_start_time, scheduled_start_time, scheduled_end_time, actual_start_time, actual_end_time, duration, create_user, create_date, modify_user, modify_date) VALUES (30324207, 30324202, 1, 3, CURRENT + 44640 UNITS MINUTE, CURRENT + 44640 UNITS MINUTE, CURRENT + 41760 UNITS MINUTE, CURRENT + 44639 UNITS MINUTE, CURRENT + 41760 UNITS MINUTE, 172800000, 132456, CURRENT, 132456, CURRENT);
INSERT INTO project_phase (project_phase_id, project_id, phase_type_id, phase_status_id, fixed_start_time, scheduled_start_time, scheduled_end_time, actual_start_time, actual_end_time, duration, create_user, create_date, modify_user, modify_date) VALUES (30324208, 30324202, 2, 2, null, CURRENT + 44640 UNITS MINUTE, CURRENT + 36000 UNITS MINUTE, CURRENT + 44640 UNITS MINUTE, null, 518400000, 132456, CURRENT, 132456, CURRENT);

INSERT INTO project_studio_specification (project_studio_spec_id, goals, target_audience, branding_guidelines, disliked_design_websites, other_instructions, winning_criteria, submitters_locked_between_rounds, round_one_introduction, round_two_introduction, colors, fonts, layout_and_size, contest_introduction, contest_description, content_requirements, general_feedback, create_user, create_date, modify_user, modify_date) VALUES (30324300, '', '', '', '', '', '', 'f', '', '', '', '', '', '<p>Contest Introduction for Client 30324301 Billing Account 3 Project 2 Print/Presentation Contest 774</p>', '<p>Contest Description for Client 30324301 Billing Account 3 Project 2 Print/Presentation Contest 774</p>', 'null', 'null', 132456, CURRENT, 132456, CURRENT);
INSERT INTO project (project_id, project_status_id, project_category_id, create_user, create_date, modify_user, modify_date, tc_direct_project_id, project_studio_spec_id) VALUES (30324302, 2, 22, 132456, CURRENT, 132456, CURRENT, 30324303, 30324300);
INSERT INTO project_info (project_id, project_info_type_id, value, create_user, create_date, modify_user, modify_date) VALUES (30324302, 6, 'this is studio UPCOMING contest 44', 132456, CURRENT, 132456, CURRENT);
INSERT INTO project_info (project_id, project_info_type_id, value, create_user, create_date, modify_user, modify_date) VALUES (30324302, 26, 'On', 132456, CURRENT, 132456, CURRENT);
INSERT INTO project_info (project_id, project_info_type_id, value, create_user, create_date, modify_user, modify_date) VALUES (30324302, 30, '510.0', 132456, CURRENT, 132456, CURRENT);
INSERT INTO project_info (project_id, project_info_type_id, value, create_user, create_date, modify_user, modify_date) VALUES (30324302, 7, '1.0', 132456, CURRENT, 132456, CURRENT);
INSERT INTO project_info (project_id, project_info_type_id, value, create_user, create_date, modify_user, modify_date) VALUES (30324302, 70, 'de', 132456, CURRENT, 132456, CURRENT);
INSERT INTO prize (prize_id, place, prize_amount, prize_type_id, project_id, number_of_submissions, create_user, create_date, modify_user, modify_date) VALUES (30324304, 1, 1430, 15, 30324302, 1, 132456, CURRENT, 132456, CURRENT);
INSERT INTO prize (prize_id, place, prize_amount, prize_type_id, project_id, number_of_submissions, create_user, create_date, modify_user, modify_date) VALUES (30324305, 2, 930, 15, 30324302, 1, 132456, CURRENT, 132456, CURRENT);
INSERT INTO prize (prize_id, place, prize_amount, prize_type_id, project_id, number_of_submissions, create_user, create_date, modify_user, modify_date) VALUES (30324306, 3, 530, 15, 30324302, 1, 132456, CURRENT, 132456, CURRENT);
INSERT INTO project_phase (project_phase_id, project_id, phase_type_id, phase_status_id, fixed_start_time, scheduled_start_time, scheduled_end_time, actual_start_time, actual_end_time, duration, create_user, create_date, modify_user, modify_date) VALUES (30324307, 30324302, 1, 3, CURRENT + 44640 UNITS MINUTE, CURRENT + 44640 UNITS MINUTE, CURRENT + 41760 UNITS MINUTE, CURRENT + 44639 UNITS MINUTE, CURRENT + 41760 UNITS MINUTE, 172800000, 132456, CURRENT, 132456, CURRENT);
INSERT INTO project_phase (project_phase_id, project_id, phase_type_id, phase_status_id, fixed_start_time, scheduled_start_time, scheduled_end_time, actual_start_time, actual_end_time, duration, create_user, create_date, modify_user, modify_date) VALUES (30324308, 30324302, 2, 2, null, CURRENT + 44640 UNITS MINUTE, CURRENT + 36000 UNITS MINUTE, CURRENT + 44640 UNITS MINUTE, null, 518400000, 132456, CURRENT, 132456, CURRENT);

INSERT INTO project_studio_specification (project_studio_spec_id, goals, target_audience, branding_guidelines, disliked_design_websites, other_instructions, winning_criteria, submitters_locked_between_rounds, round_one_introduction, round_two_introduction, colors, fonts, layout_and_size, contest_introduction, contest_description, content_requirements, general_feedback, create_user, create_date, modify_user, modify_date) VALUES (30324400, '', '', '', '', '', '', 'f', '', '', '', '', '', '<p>Contest Introduction for Client 30324401 Billing Account 3 Project 2 Print/Presentation Contest 774</p>', '<p>Contest Description for Client 30324401 Billing Account 3 Project 2 Print/Presentation Contest 774</p>', 'null', 'null', 132456, CURRENT, 132456, CURRENT);
INSERT INTO project (project_id, project_status_id, project_category_id, create_user, create_date, modify_user, modify_date, tc_direct_project_id, project_studio_spec_id) VALUES (30324402, 2, 21, 132456, CURRENT, 132456, CURRENT, 30324403, 30324400);
INSERT INTO project_info (project_id, project_info_type_id, value, create_user, create_date, modify_user, modify_date) VALUES (30324402, 6, 'this is studio UPCOMING contest 45', 132456, CURRENT, 132456, CURRENT);
INSERT INTO project_info (project_id, project_info_type_id, value, create_user, create_date, modify_user, modify_date) VALUES (30324402, 26, 'On', 132456, CURRENT, 132456, CURRENT);
INSERT INTO project_info (project_id, project_info_type_id, value, create_user, create_date, modify_user, modify_date) VALUES (30324402, 30, '510.0', 132456, CURRENT, 132456, CURRENT);
INSERT INTO project_info (project_id, project_info_type_id, value, create_user, create_date, modify_user, modify_date) VALUES (30324402, 7, '1.0', 132456, CURRENT, 132456, CURRENT);
INSERT INTO project_info (project_id, project_info_type_id, value, create_user, create_date, modify_user, modify_date) VALUES (30324402, 70, 'ab', 132456, CURRENT, 132456, CURRENT);
INSERT INTO prize (prize_id, place, prize_amount, prize_type_id, project_id, number_of_submissions, create_user, create_date, modify_user, modify_date) VALUES (30324404, 1, 1440, 15, 30324402, 1, 132456, CURRENT, 132456, CURRENT);
INSERT INTO prize (prize_id, place, prize_amount, prize_type_id, project_id, number_of_submissions, create_user, create_date, modify_user, modify_date) VALUES (30324405, 2, 940, 15, 30324402, 1, 132456, CURRENT, 132456, CURRENT);
INSERT INTO prize (prize_id, place, prize_amount, prize_type_id, project_id, number_of_submissions, create_user, create_date, modify_user, modify_date) VALUES (30324406, 3, 540, 15, 30324402, 1, 132456, CURRENT, 132456, CURRENT);
INSERT INTO project_phase (project_phase_id, project_id, phase_type_id, phase_status_id, fixed_start_time, scheduled_start_time, scheduled_end_time, actual_start_time, actual_end_time, duration, create_user, create_date, modify_user, modify_date) VALUES (30324407, 30324402, 1, 3, CURRENT + 44640 UNITS MINUTE, CURRENT + 44640 UNITS MINUTE, CURRENT + 41760 UNITS MINUTE, CURRENT + 44639 UNITS MINUTE, CURRENT + 41760 UNITS MINUTE, 172800000, 132456, CURRENT, 132456, CURRENT);
INSERT INTO project_phase (project_phase_id, project_id, phase_type_id, phase_status_id, fixed_start_time, scheduled_start_time, scheduled_end_time, actual_start_time, actual_end_time, duration, create_user, create_date, modify_user, modify_date) VALUES (30324408, 30324402, 2, 2, null, CURRENT + 44640 UNITS MINUTE, CURRENT + 36000 UNITS MINUTE, CURRENT + 44640 UNITS MINUTE, null, 518400000, 132456, CURRENT, 132456, CURRENT);

INSERT INTO project_studio_specification (project_studio_spec_id, goals, target_audience, branding_guidelines, disliked_design_websites, other_instructions, winning_criteria, submitters_locked_between_rounds, round_one_introduction, round_two_introduction, colors, fonts, layout_and_size, contest_introduction, contest_description, content_requirements, general_feedback, create_user, create_date, modify_user, modify_date) VALUES (30324500, '', '', '', '', '', '', 'f', '', '', '', '', '', '<p>Contest Introduction for Client 30324501 Billing Account 3 Project 2 Print/Presentation Contest 774</p>', '<p>Contest Description for Client 30324501 Billing Account 3 Project 2 Print/Presentation Contest 774</p>', 'null', 'null', 132456, CURRENT, 132456, CURRENT);
INSERT INTO project (project_id, project_status_id, project_category_id, create_user, create_date, modify_user, modify_date, tc_direct_project_id, project_studio_spec_id) VALUES (30324502, 2, 22, 132456, CURRENT, 132456, CURRENT, 30324503, 30324500);
INSERT INTO project_info (project_id, project_info_type_id, value, create_user, create_date, modify_user, modify_date) VALUES (30324502, 6, 'this is studio UPCOMING contest 46', 132456, CURRENT, 132456, CURRENT);
INSERT INTO project_info (project_id, project_info_type_id, value, create_user, create_date, modify_user, modify_date) VALUES (30324502, 26, 'On', 132456, CURRENT, 132456, CURRENT);
INSERT INTO project_info (project_id, project_info_type_id, value, create_user, create_date, modify_user, modify_date) VALUES (30324502, 30, '510.0', 132456, CURRENT, 132456, CURRENT);
INSERT INTO project_info (project_id, project_info_type_id, value, create_user, create_date, modify_user, modify_date) VALUES (30324502, 7, '1.0', 132456, CURRENT, 132456, CURRENT);
INSERT INTO project_info (project_id, project_info_type_id, value, create_user, create_date, modify_user, modify_date) VALUES (30324502, 70, 'bc', 132456, CURRENT, 132456, CURRENT);
INSERT INTO prize (prize_id, place, prize_amount, prize_type_id, project_id, number_of_submissions, create_user, create_date, modify_user, modify_date) VALUES (30324504, 1, 1450, 15, 30324502, 1, 132456, CURRENT, 132456, CURRENT);
INSERT INTO prize (prize_id, place, prize_amount, prize_type_id, project_id, number_of_submissions, create_user, create_date, modify_user, modify_date) VALUES (30324505, 2, 950, 15, 30324502, 1, 132456, CURRENT, 132456, CURRENT);
INSERT INTO prize (prize_id, place, prize_amount, prize_type_id, project_id, number_of_submissions, create_user, create_date, modify_user, modify_date) VALUES (30324506, 3, 550, 15, 30324502, 1, 132456, CURRENT, 132456, CURRENT);
INSERT INTO project_phase (project_phase_id, project_id, phase_type_id, phase_status_id, fixed_start_time, scheduled_start_time, scheduled_end_time, actual_start_time, actual_end_time, duration, create_user, create_date, modify_user, modify_date) VALUES (30324507, 30324502, 1, 3, CURRENT + 44640 UNITS MINUTE, CURRENT + 44640 UNITS MINUTE, CURRENT + 41760 UNITS MINUTE, CURRENT + 44639 UNITS MINUTE, CURRENT + 41760 UNITS MINUTE, 172800000, 132456, CURRENT, 132456, CURRENT);
INSERT INTO project_phase (project_phase_id, project_id, phase_type_id, phase_status_id, fixed_start_time, scheduled_start_time, scheduled_end_time, actual_start_time, actual_end_time, duration, create_user, create_date, modify_user, modify_date) VALUES (30324508, 30324502, 2, 2, null, CURRENT + 44640 UNITS MINUTE, CURRENT + 36000 UNITS MINUTE, CURRENT + 44640 UNITS MINUTE, null, 518400000, 132456, CURRENT, 132456, CURRENT);

INSERT INTO project_studio_specification (project_studio_spec_id, goals, target_audience, branding_guidelines, disliked_design_websites, other_instructions, winning_criteria, submitters_locked_between_rounds, round_one_introduction, round_two_introduction, colors, fonts, layout_and_size, contest_introduction, contest_description, content_requirements, general_feedback, create_user, create_date, modify_user, modify_date) VALUES (30324600, '', '', '', '', '', '', 'f', '', '', '', '', '', '<p>Contest Introduction for Client 30324601 Billing Account 3 Project 2 Print/Presentation Contest 774</p>', '<p>Contest Description for Client 30324601 Billing Account 3 Project 2 Print/Presentation Contest 774</p>', 'null', 'null', 132456, CURRENT, 132456, CURRENT);
INSERT INTO project (project_id, project_status_id, project_category_id, create_user, create_date, modify_user, modify_date, tc_direct_project_id, project_studio_spec_id) VALUES (30324602, 2, 21, 132456, CURRENT, 132456, CURRENT, 30324603, 30324600);
INSERT INTO project_info (project_id, project_info_type_id, value, create_user, create_date, modify_user, modify_date) VALUES (30324602, 6, 'this is studio UPCOMING contest 47', 132456, CURRENT, 132456, CURRENT);
INSERT INTO project_info (project_id, project_info_type_id, value, create_user, create_date, modify_user, modify_date) VALUES (30324602, 26, 'On', 132456, CURRENT, 132456, CURRENT);
INSERT INTO project_info (project_id, project_info_type_id, value, create_user, create_date, modify_user, modify_date) VALUES (30324602, 30, '510.0', 132456, CURRENT, 132456, CURRENT);
INSERT INTO project_info (project_id, project_info_type_id, value, create_user, create_date, modify_user, modify_date) VALUES (30324602, 7, '1.0', 132456, CURRENT, 132456, CURRENT);
INSERT INTO project_info (project_id, project_info_type_id, value, create_user, create_date, modify_user, modify_date) VALUES (30324602, 70, 'cd', 132456, CURRENT, 132456, CURRENT);
INSERT INTO prize (prize_id, place, prize_amount, prize_type_id, project_id, number_of_submissions, create_user, create_date, modify_user, modify_date) VALUES (30324604, 1, 1460, 15, 30324602, 1, 132456, CURRENT, 132456, CURRENT);
INSERT INTO prize (prize_id, place, prize_amount, prize_type_id, project_id, number_of_submissions, create_user, create_date, modify_user, modify_date) VALUES (30324605, 2, 960, 15, 30324602, 1, 132456, CURRENT, 132456, CURRENT);
INSERT INTO prize (prize_id, place, prize_amount, prize_type_id, project_id, number_of_submissions, create_user, create_date, modify_user, modify_date) VALUES (30324606, 3, 560, 15, 30324602, 1, 132456, CURRENT, 132456, CURRENT);
INSERT INTO project_phase (project_phase_id, project_id, phase_type_id, phase_status_id, fixed_start_time, scheduled_start_time, scheduled_end_time, actual_start_time, actual_end_time, duration, create_user, create_date, modify_user, modify_date) VALUES (30324607, 30324602, 1, 3, CURRENT + 44640 UNITS MINUTE, CURRENT + 44640 UNITS MINUTE, CURRENT + 41760 UNITS MINUTE, CURRENT + 44639 UNITS MINUTE, CURRENT + 41760 UNITS MINUTE, 172800000, 132456, CURRENT, 132456, CURRENT);
INSERT INTO project_phase (project_phase_id, project_id, phase_type_id, phase_status_id, fixed_start_time, scheduled_start_time, scheduled_end_time, actual_start_time, actual_end_time, duration, create_user, create_date, modify_user, modify_date) VALUES (30324608, 30324602, 2, 2, null, CURRENT + 44640 UNITS MINUTE, CURRENT + 36000 UNITS MINUTE, CURRENT + 44640 UNITS MINUTE, null, 518400000, 132456, CURRENT, 132456, CURRENT);

INSERT INTO project_studio_specification (project_studio_spec_id, goals, target_audience, branding_guidelines, disliked_design_websites, other_instructions, winning_criteria, submitters_locked_between_rounds, round_one_introduction, round_two_introduction, colors, fonts, layout_and_size, contest_introduction, contest_description, content_requirements, general_feedback, create_user, create_date, modify_user, modify_date) VALUES (30324700, '', '', '', '', '', '', 'f', '', '', '', '', '', '<p>Contest Introduction for Client 30324701 Billing Account 3 Project 2 Print/Presentation Contest 774</p>', '<p>Contest Description for Client 30324701 Billing Account 3 Project 2 Print/Presentation Contest 774</p>', 'null', 'null', 132456, CURRENT, 132456, CURRENT);
INSERT INTO project (project_id, project_status_id, project_category_id, create_user, create_date, modify_user, modify_date, tc_direct_project_id, project_studio_spec_id) VALUES (30324702, 2, 22, 132456, CURRENT, 132456, CURRENT, 30324703, 30324700);
INSERT INTO project_info (project_id, project_info_type_id, value, create_user, create_date, modify_user, modify_date) VALUES (30324702, 6, 'this is studio UPCOMING contest 48', 132456, CURRENT, 132456, CURRENT);
INSERT INTO project_info (project_id, project_info_type_id, value, create_user, create_date, modify_user, modify_date) VALUES (30324702, 26, 'On', 132456, CURRENT, 132456, CURRENT);
INSERT INTO project_info (project_id, project_info_type_id, value, create_user, create_date, modify_user, modify_date) VALUES (30324702, 30, '510.0', 132456, CURRENT, 132456, CURRENT);
INSERT INTO project_info (project_id, project_info_type_id, value, create_user, create_date, modify_user, modify_date) VALUES (30324702, 7, '1.0', 132456, CURRENT, 132456, CURRENT);
INSERT INTO project_info (project_id, project_info_type_id, value, create_user, create_date, modify_user, modify_date) VALUES (30324702, 70, 'de', 132456, CURRENT, 132456, CURRENT);
INSERT INTO prize (prize_id, place, prize_amount, prize_type_id, project_id, number_of_submissions, create_user, create_date, modify_user, modify_date) VALUES (30324704, 1, 1470, 15, 30324702, 1, 132456, CURRENT, 132456, CURRENT);
INSERT INTO prize (prize_id, place, prize_amount, prize_type_id, project_id, number_of_submissions, create_user, create_date, modify_user, modify_date) VALUES (30324705, 2, 970, 15, 30324702, 1, 132456, CURRENT, 132456, CURRENT);
INSERT INTO prize (prize_id, place, prize_amount, prize_type_id, project_id, number_of_submissions, create_user, create_date, modify_user, modify_date) VALUES (30324706, 3, 570, 15, 30324702, 1, 132456, CURRENT, 132456, CURRENT);
INSERT INTO project_phase (project_phase_id, project_id, phase_type_id, phase_status_id, fixed_start_time, scheduled_start_time, scheduled_end_time, actual_start_time, actual_end_time, duration, create_user, create_date, modify_user, modify_date) VALUES (30324707, 30324702, 1, 3, CURRENT + 44640 UNITS MINUTE, CURRENT + 44640 UNITS MINUTE, CURRENT + 41760 UNITS MINUTE, CURRENT + 44639 UNITS MINUTE, CURRENT + 41760 UNITS MINUTE, 172800000, 132456, CURRENT, 132456, CURRENT);
INSERT INTO project_phase (project_phase_id, project_id, phase_type_id, phase_status_id, fixed_start_time, scheduled_start_time, scheduled_end_time, actual_start_time, actual_end_time, duration, create_user, create_date, modify_user, modify_date) VALUES (30324708, 30324702, 2, 2, null, CURRENT + 44640 UNITS MINUTE, CURRENT + 36000 UNITS MINUTE, CURRENT + 44640 UNITS MINUTE, null, 518400000, 132456, CURRENT, 132456, CURRENT);

INSERT INTO project_studio_specification (project_studio_spec_id, goals, target_audience, branding_guidelines, disliked_design_websites, other_instructions, winning_criteria, submitters_locked_between_rounds, round_one_introduction, round_two_introduction, colors, fonts, layout_and_size, contest_introduction, contest_description, content_requirements, general_feedback, create_user, create_date, modify_user, modify_date) VALUES (30324800, '', '', '', '', '', '', 'f', '', '', '', '', '', '<p>Contest Introduction for Client 30324801 Billing Account 3 Project 2 Print/Presentation Contest 774</p>', '<p>Contest Description for Client 30324801 Billing Account 3 Project 2 Print/Presentation Contest 774</p>', 'null', 'null', 132456, CURRENT, 132456, CURRENT);
INSERT INTO project (project_id, project_status_id, project_category_id, create_user, create_date, modify_user, modify_date, tc_direct_project_id, project_studio_spec_id) VALUES (30324802, 2, 21, 132456, CURRENT, 132456, CURRENT, 30324803, 30324800);
INSERT INTO project_info (project_id, project_info_type_id, value, create_user, create_date, modify_user, modify_date) VALUES (30324802, 6, 'this is studio UPCOMING contest 49', 132456, CURRENT, 132456, CURRENT);
INSERT INTO project_info (project_id, project_info_type_id, value, create_user, create_date, modify_user, modify_date) VALUES (30324802, 26, 'On', 132456, CURRENT, 132456, CURRENT);
INSERT INTO project_info (project_id, project_info_type_id, value, create_user, create_date, modify_user, modify_date) VALUES (30324802, 30, '510.0', 132456, CURRENT, 132456, CURRENT);
INSERT INTO project_info (project_id, project_info_type_id, value, create_user, create_date, modify_user, modify_date) VALUES (30324802, 7, '1.0', 132456, CURRENT, 132456, CURRENT);
INSERT INTO project_info (project_id, project_info_type_id, value, create_user, create_date, modify_user, modify_date) VALUES (30324802, 70, 'ab', 132456, CURRENT, 132456, CURRENT);
INSERT INTO prize (prize_id, place, prize_amount, prize_type_id, project_id, number_of_submissions, create_user, create_date, modify_user, modify_date) VALUES (30324804, 1, 1480, 15, 30324802, 1, 132456, CURRENT, 132456, CURRENT);
INSERT INTO prize (prize_id, place, prize_amount, prize_type_id, project_id, number_of_submissions, create_user, create_date, modify_user, modify_date) VALUES (30324805, 2, 980, 15, 30324802, 1, 132456, CURRENT, 132456, CURRENT);
INSERT INTO prize (prize_id, place, prize_amount, prize_type_id, project_id, number_of_submissions, create_user, create_date, modify_user, modify_date) VALUES (30324806, 3, 580, 15, 30324802, 1, 132456, CURRENT, 132456, CURRENT);
INSERT INTO project_phase (project_phase_id, project_id, phase_type_id, phase_status_id, fixed_start_time, scheduled_start_time, scheduled_end_time, actual_start_time, actual_end_time, duration, create_user, create_date, modify_user, modify_date) VALUES (30324807, 30324802, 1, 3, CURRENT + 44640 UNITS MINUTE, CURRENT + 44640 UNITS MINUTE, CURRENT + 41760 UNITS MINUTE, CURRENT + 44639 UNITS MINUTE, CURRENT + 41760 UNITS MINUTE, 172800000, 132456, CURRENT, 132456, CURRENT);
INSERT INTO project_phase (project_phase_id, project_id, phase_type_id, phase_status_id, fixed_start_time, scheduled_start_time, scheduled_end_time, actual_start_time, actual_end_time, duration, create_user, create_date, modify_user, modify_date) VALUES (30324808, 30324802, 2, 2, null, CURRENT + 44640 UNITS MINUTE, CURRENT + 36000 UNITS MINUTE, CURRENT + 44640 UNITS MINUTE, null, 518400000, 132456, CURRENT, 132456, CURRENT);

INSERT INTO project_studio_specification (project_studio_spec_id, goals, target_audience, branding_guidelines, disliked_design_websites, other_instructions, winning_criteria, submitters_locked_between_rounds, round_one_introduction, round_two_introduction, colors, fonts, layout_and_size, contest_introduction, contest_description, content_requirements, general_feedback, create_user, create_date, modify_user, modify_date) VALUES (30324900, '', '', '', '', '', '', 'f', '', '', '', '', '', '<p>Contest Introduction for Client 30324901 Billing Account 3 Project 2 Print/Presentation Contest 774</p>', '<p>Contest Description for Client 30324901 Billing Account 3 Project 2 Print/Presentation Contest 774</p>', 'null', 'null', 132456, CURRENT, 132456, CURRENT);
INSERT INTO project (project_id, project_status_id, project_category_id, create_user, create_date, modify_user, modify_date, tc_direct_project_id, project_studio_spec_id) VALUES (30324902, 2, 22, 132456, CURRENT, 132456, CURRENT, 30324903, 30324900);
INSERT INTO project_info (project_id, project_info_type_id, value, create_user, create_date, modify_user, modify_date) VALUES (30324902, 6, 'this is studio UPCOMING contest 50', 132456, CURRENT, 132456, CURRENT);
INSERT INTO project_info (project_id, project_info_type_id, value, create_user, create_date, modify_user, modify_date) VALUES (30324902, 26, 'On', 132456, CURRENT, 132456, CURRENT);
INSERT INTO project_info (project_id, project_info_type_id, value, create_user, create_date, modify_user, modify_date) VALUES (30324902, 30, '510.0', 132456, CURRENT, 132456, CURRENT);
INSERT INTO project_info (project_id, project_info_type_id, value, create_user, create_date, modify_user, modify_date) VALUES (30324902, 7, '1.0', 132456, CURRENT, 132456, CURRENT);
INSERT INTO project_info (project_id, project_info_type_id, value, create_user, create_date, modify_user, modify_date) VALUES (30324902, 70, 'bc', 132456, CURRENT, 132456, CURRENT);
INSERT INTO prize (prize_id, place, prize_amount, prize_type_id, project_id, number_of_submissions, create_user, create_date, modify_user, modify_date) VALUES (30324904, 1, 1490, 15, 30324902, 1, 132456, CURRENT, 132456, CURRENT);
INSERT INTO prize (prize_id, place, prize_amount, prize_type_id, project_id, number_of_submissions, create_user, create_date, modify_user, modify_date) VALUES (30324905, 2, 990, 15, 30324902, 1, 132456, CURRENT, 132456, CURRENT);
INSERT INTO prize (prize_id, place, prize_amount, prize_type_id, project_id, number_of_submissions, create_user, create_date, modify_user, modify_date) VALUES (30324906, 3, 590, 15, 30324902, 1, 132456, CURRENT, 132456, CURRENT);
INSERT INTO project_phase (project_phase_id, project_id, phase_type_id, phase_status_id, fixed_start_time, scheduled_start_time, scheduled_end_time, actual_start_time, actual_end_time, duration, create_user, create_date, modify_user, modify_date) VALUES (30324907, 30324902, 1, 3, CURRENT + 44640 UNITS MINUTE, CURRENT + 44640 UNITS MINUTE, CURRENT + 41760 UNITS MINUTE, CURRENT + 44639 UNITS MINUTE, CURRENT + 41760 UNITS MINUTE, 172800000, 132456, CURRENT, 132456, CURRENT);
INSERT INTO project_phase (project_phase_id, project_id, phase_type_id, phase_status_id, fixed_start_time, scheduled_start_time, scheduled_end_time, actual_start_time, actual_end_time, duration, create_user, create_date, modify_user, modify_date) VALUES (30324908, 30324902, 2, 2, null, CURRENT + 44640 UNITS MINUTE, CURRENT + 36000 UNITS MINUTE, CURRENT + 44640 UNITS MINUTE, null, 518400000, 132456, CURRENT, 132456, CURRENT);

