INSERT INTO project (project_id, project_status_id, project_category_id, create_user, create_date, modify_user, modify_date, tc_direct_project_id, project_studio_spec_id) VALUES (30310000, 7, 21, 132456, CURRENT, 132456, CURRENT, 30310001, null);
INSERT INTO project_info (project_id, project_info_type_id, value, create_user, create_date, modify_user, modify_date) VALUES (30310000, 6, 'this is studio PAST contest 01', 132456, CURRENT, 132456, CURRENT);
INSERT INTO project_info (project_id, project_info_type_id, value, create_user, create_date, modify_user, modify_date) VALUES (30310000, 26, 'On', 132456, CURRENT, 132456, CURRENT);
INSERT INTO project_info (project_id, project_info_type_id, value, create_user, create_date, modify_user, modify_date) VALUES (30310000, 30, '510.0', 132456, CURRENT, 132456, CURRENT);
INSERT INTO project_info (project_id, project_info_type_id, value, create_user, create_date, modify_user, modify_date) VALUES (30310000, 70, 'ab', 132456, CURRENT, 132456, CURRENT);
INSERT INTO prize (prize_id, place, prize_amount, prize_type_id, project_id, number_of_submissions, create_user, create_date, modify_user, modify_date) VALUES (30310002, 1, 1000, 15, 30310000, 1, 132456, CURRENT, 132456, CURRENT);
INSERT INTO prize (prize_id, place, prize_amount, prize_type_id, project_id, number_of_submissions, create_user, create_date, modify_user, modify_date) VALUES (30310003, 2, 500, 15, 30310000, 1, 132456, CURRENT, 132456, CURRENT);
INSERT INTO prize (prize_id, place, prize_amount, prize_type_id, project_id, number_of_submissions, create_user, create_date, modify_user, modify_date) VALUES (30310004, 3, 100, 15, 30310000, 1, 132456, CURRENT, 132456, CURRENT);
INSERT INTO project_phase (project_phase_id, project_id, phase_type_id, phase_status_id, fixed_start_time, scheduled_start_time, scheduled_end_time, actual_start_time, actual_end_time, duration, create_user, create_date, modify_user, modify_date) VALUES (30310005, 30310000, 1, 3, CURRENT + -44640 UNITS MINUTE, CURRENT + -44640 UNITS MINUTE, CURRENT + -41760 UNITS MINUTE, CURRENT + -44640 UNITS MINUTE, CURRENT + -41760 UNITS MINUTE, 172800000, 132456, CURRENT, 132456, CURRENT);
INSERT INTO project_phase (project_phase_id, project_id, phase_type_id, phase_status_id, fixed_start_time, scheduled_start_time, scheduled_end_time, actual_start_time, actual_end_time, duration, create_user, create_date, modify_user, modify_date) VALUES (30310006, 30310000, 2, 2, null, CURRENT + -44640 UNITS MINUTE, CURRENT + -36000 UNITS MINUTE, CURRENT + -44640 UNITS MINUTE, null, 518400000, 132456, CURRENT, 132456, CURRENT);
INSERT INTO project_phase (project_phase_id, project_id, phase_type_id, phase_status_id, fixed_start_time, scheduled_start_time, scheduled_end_time, actual_start_time, actual_end_time, duration, create_user, create_date, modify_user, modify_date) VALUES (30310007, 30310000, 3, 1, null, CURRENT + -36000 UNITS MINUTE, CURRENT + -35280 UNITS MINUTE, null, null, 43200000, 132456, CURRENT, 132456, CURRENT);
INSERT INTO project_phase (project_phase_id, project_id, phase_type_id, phase_status_id, fixed_start_time, scheduled_start_time, scheduled_end_time, actual_start_time, actual_end_time, duration, create_user, create_date, modify_user, modify_date) VALUES (30310008, 30310000, 4, 1, null, CURRENT + -35280 UNITS MINUTE, CURRENT + -26640 UNITS MINUTE, null, null, 518400000, 132456, CURRENT, 132456, CURRENT);
INSERT INTO resource (resource_id, resource_role_id, project_id, project_phase_id, create_user, create_date, modify_user, modify_date) VALUES (30310009, 1, 30310000, 30310006, 132456, CURRENT, 132456, CURRENT);
INSERT INTO upload (upload_id, project_id, resource_id, upload_type_id, upload_status_id, parameter, create_user, create_date, modify_user, modify_date, project_phase_id) VALUES (30310010, 30310000, 30310009, 1, 1, '30010038_30010845_30010535.zip', 132458, '2013-07-10 18:27:31', 132458, CURRENT, 30310006);
INSERT INTO submission (submission_id, upload_id, submission_status_id, screening_score, initial_score, final_score, placement, submission_type_id, create_user, create_date, modify_user, modify_date, prize_id) VALUES (30310011, 30310010, 1, 100, 80, 90, 1, 1, 132458, CURRENT, 132458, CURRENT, null);
INSERT INTO project (project_id, project_status_id, project_category_id, create_user, create_date, modify_user, modify_date, tc_direct_project_id, project_studio_spec_id) VALUES (30310100, 7, 22, 132456, CURRENT, 132456, CURRENT, 30310101, null);
INSERT INTO project_info (project_id, project_info_type_id, value, create_user, create_date, modify_user, modify_date) VALUES (30310100, 6, 'this is studio PAST contest 02', 132456, CURRENT, 132456, CURRENT);
INSERT INTO project_info (project_id, project_info_type_id, value, create_user, create_date, modify_user, modify_date) VALUES (30310100, 26, 'On', 132456, CURRENT, 132456, CURRENT);
INSERT INTO project_info (project_id, project_info_type_id, value, create_user, create_date, modify_user, modify_date) VALUES (30310100, 30, '510.0', 132456, CURRENT, 132456, CURRENT);
INSERT INTO project_info (project_id, project_info_type_id, value, create_user, create_date, modify_user, modify_date) VALUES (30310100, 70, 'bc', 132456, CURRENT, 132456, CURRENT);
INSERT INTO prize (prize_id, place, prize_amount, prize_type_id, project_id, number_of_submissions, create_user, create_date, modify_user, modify_date) VALUES (30310102, 1, 1010, 15, 30310100, 1, 132456, CURRENT, 132456, CURRENT);
INSERT INTO prize (prize_id, place, prize_amount, prize_type_id, project_id, number_of_submissions, create_user, create_date, modify_user, modify_date) VALUES (30310103, 2, 510, 15, 30310100, 1, 132456, CURRENT, 132456, CURRENT);
INSERT INTO prize (prize_id, place, prize_amount, prize_type_id, project_id, number_of_submissions, create_user, create_date, modify_user, modify_date) VALUES (30310104, 3, 110, 15, 30310100, 1, 132456, CURRENT, 132456, CURRENT);
INSERT INTO project_phase (project_phase_id, project_id, phase_type_id, phase_status_id, fixed_start_time, scheduled_start_time, scheduled_end_time, actual_start_time, actual_end_time, duration, create_user, create_date, modify_user, modify_date) VALUES (30310105, 30310100, 1, 3, CURRENT + -44640 UNITS MINUTE, CURRENT + -44640 UNITS MINUTE, CURRENT + -41760 UNITS MINUTE, CURRENT + -44640 UNITS MINUTE, CURRENT + -41760 UNITS MINUTE, 172800000, 132456, CURRENT, 132456, CURRENT);
INSERT INTO project_phase (project_phase_id, project_id, phase_type_id, phase_status_id, fixed_start_time, scheduled_start_time, scheduled_end_time, actual_start_time, actual_end_time, duration, create_user, create_date, modify_user, modify_date) VALUES (30310106, 30310100, 2, 2, null, CURRENT + -44640 UNITS MINUTE, CURRENT + -36000 UNITS MINUTE, CURRENT + -44640 UNITS MINUTE, null, 518400000, 132456, CURRENT, 132456, CURRENT);
INSERT INTO project_phase (project_phase_id, project_id, phase_type_id, phase_status_id, fixed_start_time, scheduled_start_time, scheduled_end_time, actual_start_time, actual_end_time, duration, create_user, create_date, modify_user, modify_date) VALUES (30310107, 30310100, 3, 1, null, CURRENT + -36000 UNITS MINUTE, CURRENT + -35280 UNITS MINUTE, null, null, 43200000, 132456, CURRENT, 132456, CURRENT);
INSERT INTO project_phase (project_phase_id, project_id, phase_type_id, phase_status_id, fixed_start_time, scheduled_start_time, scheduled_end_time, actual_start_time, actual_end_time, duration, create_user, create_date, modify_user, modify_date) VALUES (30310108, 30310100, 4, 1, null, CURRENT + -35280 UNITS MINUTE, CURRENT + -26640 UNITS MINUTE, null, null, 518400000, 132456, CURRENT, 132456, CURRENT);
INSERT INTO resource (resource_id, resource_role_id, project_id, project_phase_id, create_user, create_date, modify_user, modify_date) VALUES (30310109, 1, 30310100, 30310106, 132456, CURRENT, 132456, CURRENT);
INSERT INTO upload (upload_id, project_id, resource_id, upload_type_id, upload_status_id, parameter, create_user, create_date, modify_user, modify_date, project_phase_id) VALUES (30310110, 30310100, 30310109, 1, 1, '30010038_30010845_30010535.zip', 132458, '2013-07-10 18:27:31', 132458, CURRENT, 30310106);
INSERT INTO submission (submission_id, upload_id, submission_status_id, screening_score, initial_score, final_score, placement, submission_type_id, create_user, create_date, modify_user, modify_date, prize_id) VALUES (30310111, 30310110, 1, 100, 80, 90, 1, 1, 132458, CURRENT, 132458, CURRENT, null);
INSERT INTO project (project_id, project_status_id, project_category_id, create_user, create_date, modify_user, modify_date, tc_direct_project_id, project_studio_spec_id) VALUES (30310200, 7, 21, 132456, CURRENT, 132456, CURRENT, 30310201, null);
INSERT INTO project_info (project_id, project_info_type_id, value, create_user, create_date, modify_user, modify_date) VALUES (30310200, 6, 'this is studio PAST contest 03', 132456, CURRENT, 132456, CURRENT);
INSERT INTO project_info (project_id, project_info_type_id, value, create_user, create_date, modify_user, modify_date) VALUES (30310200, 26, 'On', 132456, CURRENT, 132456, CURRENT);
INSERT INTO project_info (project_id, project_info_type_id, value, create_user, create_date, modify_user, modify_date) VALUES (30310200, 30, '510.0', 132456, CURRENT, 132456, CURRENT);
INSERT INTO project_info (project_id, project_info_type_id, value, create_user, create_date, modify_user, modify_date) VALUES (30310200, 70, 'cd', 132456, CURRENT, 132456, CURRENT);
INSERT INTO prize (prize_id, place, prize_amount, prize_type_id, project_id, number_of_submissions, create_user, create_date, modify_user, modify_date) VALUES (30310202, 1, 1020, 15, 30310200, 1, 132456, CURRENT, 132456, CURRENT);
INSERT INTO prize (prize_id, place, prize_amount, prize_type_id, project_id, number_of_submissions, create_user, create_date, modify_user, modify_date) VALUES (30310203, 2, 520, 15, 30310200, 1, 132456, CURRENT, 132456, CURRENT);
INSERT INTO prize (prize_id, place, prize_amount, prize_type_id, project_id, number_of_submissions, create_user, create_date, modify_user, modify_date) VALUES (30310204, 3, 120, 15, 30310200, 1, 132456, CURRENT, 132456, CURRENT);
INSERT INTO project_phase (project_phase_id, project_id, phase_type_id, phase_status_id, fixed_start_time, scheduled_start_time, scheduled_end_time, actual_start_time, actual_end_time, duration, create_user, create_date, modify_user, modify_date) VALUES (30310205, 30310200, 1, 3, CURRENT + -44640 UNITS MINUTE, CURRENT + -44640 UNITS MINUTE, CURRENT + -41760 UNITS MINUTE, CURRENT + -44640 UNITS MINUTE, CURRENT + -41760 UNITS MINUTE, 172800000, 132456, CURRENT, 132456, CURRENT);
INSERT INTO project_phase (project_phase_id, project_id, phase_type_id, phase_status_id, fixed_start_time, scheduled_start_time, scheduled_end_time, actual_start_time, actual_end_time, duration, create_user, create_date, modify_user, modify_date) VALUES (30310206, 30310200, 2, 2, null, CURRENT + -44640 UNITS MINUTE, CURRENT + -36000 UNITS MINUTE, CURRENT + -44640 UNITS MINUTE, null, 518400000, 132456, CURRENT, 132456, CURRENT);
INSERT INTO project_phase (project_phase_id, project_id, phase_type_id, phase_status_id, fixed_start_time, scheduled_start_time, scheduled_end_time, actual_start_time, actual_end_time, duration, create_user, create_date, modify_user, modify_date) VALUES (30310207, 30310200, 3, 1, null, CURRENT + -36000 UNITS MINUTE, CURRENT + -35280 UNITS MINUTE, null, null, 43200000, 132456, CURRENT, 132456, CURRENT);
INSERT INTO project_phase (project_phase_id, project_id, phase_type_id, phase_status_id, fixed_start_time, scheduled_start_time, scheduled_end_time, actual_start_time, actual_end_time, duration, create_user, create_date, modify_user, modify_date) VALUES (30310208, 30310200, 4, 1, null, CURRENT + -35280 UNITS MINUTE, CURRENT + -26640 UNITS MINUTE, null, null, 518400000, 132456, CURRENT, 132456, CURRENT);
INSERT INTO resource (resource_id, resource_role_id, project_id, project_phase_id, create_user, create_date, modify_user, modify_date) VALUES (30310209, 1, 30310200, 30310206, 132456, CURRENT, 132456, CURRENT);
INSERT INTO upload (upload_id, project_id, resource_id, upload_type_id, upload_status_id, parameter, create_user, create_date, modify_user, modify_date, project_phase_id) VALUES (30310210, 30310200, 30310209, 1, 1, '30010038_30010845_30010535.zip', 132458, '2013-07-10 18:27:31', 132458, CURRENT, 30310206);
INSERT INTO submission (submission_id, upload_id, submission_status_id, screening_score, initial_score, final_score, placement, submission_type_id, create_user, create_date, modify_user, modify_date, prize_id) VALUES (30310211, 30310210, 1, 100, 80, 90, 1, 1, 132458, CURRENT, 132458, CURRENT, null);
INSERT INTO project (project_id, project_status_id, project_category_id, create_user, create_date, modify_user, modify_date, tc_direct_project_id, project_studio_spec_id) VALUES (30310300, 7, 22, 132456, CURRENT, 132456, CURRENT, 30310301, null);
INSERT INTO project_info (project_id, project_info_type_id, value, create_user, create_date, modify_user, modify_date) VALUES (30310300, 6, 'this is studio PAST contest 04', 132456, CURRENT, 132456, CURRENT);
INSERT INTO project_info (project_id, project_info_type_id, value, create_user, create_date, modify_user, modify_date) VALUES (30310300, 26, 'On', 132456, CURRENT, 132456, CURRENT);
INSERT INTO project_info (project_id, project_info_type_id, value, create_user, create_date, modify_user, modify_date) VALUES (30310300, 30, '510.0', 132456, CURRENT, 132456, CURRENT);
INSERT INTO project_info (project_id, project_info_type_id, value, create_user, create_date, modify_user, modify_date) VALUES (30310300, 70, 'de', 132456, CURRENT, 132456, CURRENT);
INSERT INTO prize (prize_id, place, prize_amount, prize_type_id, project_id, number_of_submissions, create_user, create_date, modify_user, modify_date) VALUES (30310302, 1, 1030, 15, 30310300, 1, 132456, CURRENT, 132456, CURRENT);
INSERT INTO prize (prize_id, place, prize_amount, prize_type_id, project_id, number_of_submissions, create_user, create_date, modify_user, modify_date) VALUES (30310303, 2, 530, 15, 30310300, 1, 132456, CURRENT, 132456, CURRENT);
INSERT INTO prize (prize_id, place, prize_amount, prize_type_id, project_id, number_of_submissions, create_user, create_date, modify_user, modify_date) VALUES (30310304, 3, 130, 15, 30310300, 1, 132456, CURRENT, 132456, CURRENT);
INSERT INTO project_phase (project_phase_id, project_id, phase_type_id, phase_status_id, fixed_start_time, scheduled_start_time, scheduled_end_time, actual_start_time, actual_end_time, duration, create_user, create_date, modify_user, modify_date) VALUES (30310305, 30310300, 1, 3, CURRENT + -44640 UNITS MINUTE, CURRENT + -44640 UNITS MINUTE, CURRENT + -41760 UNITS MINUTE, CURRENT + -44640 UNITS MINUTE, CURRENT + -41760 UNITS MINUTE, 172800000, 132456, CURRENT, 132456, CURRENT);
INSERT INTO project_phase (project_phase_id, project_id, phase_type_id, phase_status_id, fixed_start_time, scheduled_start_time, scheduled_end_time, actual_start_time, actual_end_time, duration, create_user, create_date, modify_user, modify_date) VALUES (30310306, 30310300, 2, 2, null, CURRENT + -44640 UNITS MINUTE, CURRENT + -36000 UNITS MINUTE, CURRENT + -44640 UNITS MINUTE, null, 518400000, 132456, CURRENT, 132456, CURRENT);
INSERT INTO project_phase (project_phase_id, project_id, phase_type_id, phase_status_id, fixed_start_time, scheduled_start_time, scheduled_end_time, actual_start_time, actual_end_time, duration, create_user, create_date, modify_user, modify_date) VALUES (30310307, 30310300, 3, 1, null, CURRENT + -36000 UNITS MINUTE, CURRENT + -35280 UNITS MINUTE, null, null, 43200000, 132456, CURRENT, 132456, CURRENT);
INSERT INTO project_phase (project_phase_id, project_id, phase_type_id, phase_status_id, fixed_start_time, scheduled_start_time, scheduled_end_time, actual_start_time, actual_end_time, duration, create_user, create_date, modify_user, modify_date) VALUES (30310308, 30310300, 4, 1, null, CURRENT + -35280 UNITS MINUTE, CURRENT + -26640 UNITS MINUTE, null, null, 518400000, 132456, CURRENT, 132456, CURRENT);
INSERT INTO resource (resource_id, resource_role_id, project_id, project_phase_id, create_user, create_date, modify_user, modify_date) VALUES (30310309, 1, 30310300, 30310306, 132456, CURRENT, 132456, CURRENT);
INSERT INTO upload (upload_id, project_id, resource_id, upload_type_id, upload_status_id, parameter, create_user, create_date, modify_user, modify_date, project_phase_id) VALUES (30310310, 30310300, 30310309, 1, 1, '30010038_30010845_30010535.zip', 132458, '2013-07-10 18:27:31', 132458, CURRENT, 30310306);
INSERT INTO submission (submission_id, upload_id, submission_status_id, screening_score, initial_score, final_score, placement, submission_type_id, create_user, create_date, modify_user, modify_date, prize_id) VALUES (30310311, 30310310, 1, 100, 80, 90, 1, 1, 132458, CURRENT, 132458, CURRENT, null);
INSERT INTO project (project_id, project_status_id, project_category_id, create_user, create_date, modify_user, modify_date, tc_direct_project_id, project_studio_spec_id) VALUES (30310400, 7, 21, 132456, CURRENT, 132456, CURRENT, 30310401, null);
INSERT INTO project_info (project_id, project_info_type_id, value, create_user, create_date, modify_user, modify_date) VALUES (30310400, 6, 'this is studio PAST contest 05', 132456, CURRENT, 132456, CURRENT);
INSERT INTO project_info (project_id, project_info_type_id, value, create_user, create_date, modify_user, modify_date) VALUES (30310400, 26, 'On', 132456, CURRENT, 132456, CURRENT);
INSERT INTO project_info (project_id, project_info_type_id, value, create_user, create_date, modify_user, modify_date) VALUES (30310400, 30, '510.0', 132456, CURRENT, 132456, CURRENT);
INSERT INTO project_info (project_id, project_info_type_id, value, create_user, create_date, modify_user, modify_date) VALUES (30310400, 70, 'ab', 132456, CURRENT, 132456, CURRENT);
INSERT INTO prize (prize_id, place, prize_amount, prize_type_id, project_id, number_of_submissions, create_user, create_date, modify_user, modify_date) VALUES (30310402, 1, 1040, 15, 30310400, 1, 132456, CURRENT, 132456, CURRENT);
INSERT INTO prize (prize_id, place, prize_amount, prize_type_id, project_id, number_of_submissions, create_user, create_date, modify_user, modify_date) VALUES (30310403, 2, 540, 15, 30310400, 1, 132456, CURRENT, 132456, CURRENT);
INSERT INTO prize (prize_id, place, prize_amount, prize_type_id, project_id, number_of_submissions, create_user, create_date, modify_user, modify_date) VALUES (30310404, 3, 140, 15, 30310400, 1, 132456, CURRENT, 132456, CURRENT);
INSERT INTO project_phase (project_phase_id, project_id, phase_type_id, phase_status_id, fixed_start_time, scheduled_start_time, scheduled_end_time, actual_start_time, actual_end_time, duration, create_user, create_date, modify_user, modify_date) VALUES (30310405, 30310400, 1, 3, CURRENT + -44640 UNITS MINUTE, CURRENT + -44640 UNITS MINUTE, CURRENT + -41760 UNITS MINUTE, CURRENT + -44640 UNITS MINUTE, CURRENT + -41760 UNITS MINUTE, 172800000, 132456, CURRENT, 132456, CURRENT);
INSERT INTO project_phase (project_phase_id, project_id, phase_type_id, phase_status_id, fixed_start_time, scheduled_start_time, scheduled_end_time, actual_start_time, actual_end_time, duration, create_user, create_date, modify_user, modify_date) VALUES (30310406, 30310400, 2, 2, null, CURRENT + -44640 UNITS MINUTE, CURRENT + -36000 UNITS MINUTE, CURRENT + -44640 UNITS MINUTE, null, 518400000, 132456, CURRENT, 132456, CURRENT);
INSERT INTO project_phase (project_phase_id, project_id, phase_type_id, phase_status_id, fixed_start_time, scheduled_start_time, scheduled_end_time, actual_start_time, actual_end_time, duration, create_user, create_date, modify_user, modify_date) VALUES (30310407, 30310400, 3, 1, null, CURRENT + -36000 UNITS MINUTE, CURRENT + -35280 UNITS MINUTE, null, null, 43200000, 132456, CURRENT, 132456, CURRENT);
INSERT INTO project_phase (project_phase_id, project_id, phase_type_id, phase_status_id, fixed_start_time, scheduled_start_time, scheduled_end_time, actual_start_time, actual_end_time, duration, create_user, create_date, modify_user, modify_date) VALUES (30310408, 30310400, 4, 1, null, CURRENT + -35280 UNITS MINUTE, CURRENT + -26640 UNITS MINUTE, null, null, 518400000, 132456, CURRENT, 132456, CURRENT);
INSERT INTO resource (resource_id, resource_role_id, project_id, project_phase_id, create_user, create_date, modify_user, modify_date) VALUES (30310409, 1, 30310400, 30310406, 132456, CURRENT, 132456, CURRENT);
INSERT INTO upload (upload_id, project_id, resource_id, upload_type_id, upload_status_id, parameter, create_user, create_date, modify_user, modify_date, project_phase_id) VALUES (30310410, 30310400, 30310409, 1, 1, '30010038_30010845_30010535.zip', 132458, '2013-07-10 18:27:31', 132458, CURRENT, 30310406);
INSERT INTO submission (submission_id, upload_id, submission_status_id, screening_score, initial_score, final_score, placement, submission_type_id, create_user, create_date, modify_user, modify_date, prize_id) VALUES (30310411, 30310410, 1, 100, 80, 90, 1, 1, 132458, CURRENT, 132458, CURRENT, null);
INSERT INTO project (project_id, project_status_id, project_category_id, create_user, create_date, modify_user, modify_date, tc_direct_project_id, project_studio_spec_id) VALUES (30310500, 7, 22, 132456, CURRENT, 132456, CURRENT, 30310501, null);
INSERT INTO project_info (project_id, project_info_type_id, value, create_user, create_date, modify_user, modify_date) VALUES (30310500, 6, 'this is studio PAST contest 06', 132456, CURRENT, 132456, CURRENT);
INSERT INTO project_info (project_id, project_info_type_id, value, create_user, create_date, modify_user, modify_date) VALUES (30310500, 26, 'On', 132456, CURRENT, 132456, CURRENT);
INSERT INTO project_info (project_id, project_info_type_id, value, create_user, create_date, modify_user, modify_date) VALUES (30310500, 30, '510.0', 132456, CURRENT, 132456, CURRENT);
INSERT INTO project_info (project_id, project_info_type_id, value, create_user, create_date, modify_user, modify_date) VALUES (30310500, 70, 'bc', 132456, CURRENT, 132456, CURRENT);
INSERT INTO prize (prize_id, place, prize_amount, prize_type_id, project_id, number_of_submissions, create_user, create_date, modify_user, modify_date) VALUES (30310502, 1, 1050, 15, 30310500, 1, 132456, CURRENT, 132456, CURRENT);
INSERT INTO prize (prize_id, place, prize_amount, prize_type_id, project_id, number_of_submissions, create_user, create_date, modify_user, modify_date) VALUES (30310503, 2, 550, 15, 30310500, 1, 132456, CURRENT, 132456, CURRENT);
INSERT INTO prize (prize_id, place, prize_amount, prize_type_id, project_id, number_of_submissions, create_user, create_date, modify_user, modify_date) VALUES (30310504, 3, 150, 15, 30310500, 1, 132456, CURRENT, 132456, CURRENT);
INSERT INTO project_phase (project_phase_id, project_id, phase_type_id, phase_status_id, fixed_start_time, scheduled_start_time, scheduled_end_time, actual_start_time, actual_end_time, duration, create_user, create_date, modify_user, modify_date) VALUES (30310505, 30310500, 1, 3, CURRENT + -44640 UNITS MINUTE, CURRENT + -44640 UNITS MINUTE, CURRENT + -41760 UNITS MINUTE, CURRENT + -44640 UNITS MINUTE, CURRENT + -41760 UNITS MINUTE, 172800000, 132456, CURRENT, 132456, CURRENT);
INSERT INTO project_phase (project_phase_id, project_id, phase_type_id, phase_status_id, fixed_start_time, scheduled_start_time, scheduled_end_time, actual_start_time, actual_end_time, duration, create_user, create_date, modify_user, modify_date) VALUES (30310506, 30310500, 2, 2, null, CURRENT + -44640 UNITS MINUTE, CURRENT + -36000 UNITS MINUTE, CURRENT + -44640 UNITS MINUTE, null, 518400000, 132456, CURRENT, 132456, CURRENT);
INSERT INTO project_phase (project_phase_id, project_id, phase_type_id, phase_status_id, fixed_start_time, scheduled_start_time, scheduled_end_time, actual_start_time, actual_end_time, duration, create_user, create_date, modify_user, modify_date) VALUES (30310507, 30310500, 3, 1, null, CURRENT + -36000 UNITS MINUTE, CURRENT + -35280 UNITS MINUTE, null, null, 43200000, 132456, CURRENT, 132456, CURRENT);
INSERT INTO project_phase (project_phase_id, project_id, phase_type_id, phase_status_id, fixed_start_time, scheduled_start_time, scheduled_end_time, actual_start_time, actual_end_time, duration, create_user, create_date, modify_user, modify_date) VALUES (30310508, 30310500, 4, 1, null, CURRENT + -35280 UNITS MINUTE, CURRENT + -26640 UNITS MINUTE, null, null, 518400000, 132456, CURRENT, 132456, CURRENT);
INSERT INTO resource (resource_id, resource_role_id, project_id, project_phase_id, create_user, create_date, modify_user, modify_date) VALUES (30310509, 1, 30310500, 30310506, 132456, CURRENT, 132456, CURRENT);
INSERT INTO upload (upload_id, project_id, resource_id, upload_type_id, upload_status_id, parameter, create_user, create_date, modify_user, modify_date, project_phase_id) VALUES (30310510, 30310500, 30310509, 1, 1, '30010038_30010845_30010535.zip', 132458, '2013-07-10 18:27:31', 132458, CURRENT, 30310506);
INSERT INTO submission (submission_id, upload_id, submission_status_id, screening_score, initial_score, final_score, placement, submission_type_id, create_user, create_date, modify_user, modify_date, prize_id) VALUES (30310511, 30310510, 1, 100, 80, 90, 1, 1, 132458, CURRENT, 132458, CURRENT, null);
INSERT INTO project (project_id, project_status_id, project_category_id, create_user, create_date, modify_user, modify_date, tc_direct_project_id, project_studio_spec_id) VALUES (30310600, 7, 21, 132456, CURRENT, 132456, CURRENT, 30310601, null);
INSERT INTO project_info (project_id, project_info_type_id, value, create_user, create_date, modify_user, modify_date) VALUES (30310600, 6, 'this is studio PAST contest 07', 132456, CURRENT, 132456, CURRENT);
INSERT INTO project_info (project_id, project_info_type_id, value, create_user, create_date, modify_user, modify_date) VALUES (30310600, 26, 'On', 132456, CURRENT, 132456, CURRENT);
INSERT INTO project_info (project_id, project_info_type_id, value, create_user, create_date, modify_user, modify_date) VALUES (30310600, 30, '510.0', 132456, CURRENT, 132456, CURRENT);
INSERT INTO project_info (project_id, project_info_type_id, value, create_user, create_date, modify_user, modify_date) VALUES (30310600, 70, 'cd', 132456, CURRENT, 132456, CURRENT);
INSERT INTO prize (prize_id, place, prize_amount, prize_type_id, project_id, number_of_submissions, create_user, create_date, modify_user, modify_date) VALUES (30310602, 1, 1060, 15, 30310600, 1, 132456, CURRENT, 132456, CURRENT);
INSERT INTO prize (prize_id, place, prize_amount, prize_type_id, project_id, number_of_submissions, create_user, create_date, modify_user, modify_date) VALUES (30310603, 2, 560, 15, 30310600, 1, 132456, CURRENT, 132456, CURRENT);
INSERT INTO prize (prize_id, place, prize_amount, prize_type_id, project_id, number_of_submissions, create_user, create_date, modify_user, modify_date) VALUES (30310604, 3, 160, 15, 30310600, 1, 132456, CURRENT, 132456, CURRENT);
INSERT INTO project_phase (project_phase_id, project_id, phase_type_id, phase_status_id, fixed_start_time, scheduled_start_time, scheduled_end_time, actual_start_time, actual_end_time, duration, create_user, create_date, modify_user, modify_date) VALUES (30310605, 30310600, 1, 3, CURRENT + -44640 UNITS MINUTE, CURRENT + -44640 UNITS MINUTE, CURRENT + -41760 UNITS MINUTE, CURRENT + -44640 UNITS MINUTE, CURRENT + -41760 UNITS MINUTE, 172800000, 132456, CURRENT, 132456, CURRENT);
INSERT INTO project_phase (project_phase_id, project_id, phase_type_id, phase_status_id, fixed_start_time, scheduled_start_time, scheduled_end_time, actual_start_time, actual_end_time, duration, create_user, create_date, modify_user, modify_date) VALUES (30310606, 30310600, 2, 2, null, CURRENT + -44640 UNITS MINUTE, CURRENT + -36000 UNITS MINUTE, CURRENT + -44640 UNITS MINUTE, null, 518400000, 132456, CURRENT, 132456, CURRENT);
INSERT INTO project_phase (project_phase_id, project_id, phase_type_id, phase_status_id, fixed_start_time, scheduled_start_time, scheduled_end_time, actual_start_time, actual_end_time, duration, create_user, create_date, modify_user, modify_date) VALUES (30310607, 30310600, 3, 1, null, CURRENT + -36000 UNITS MINUTE, CURRENT + -35280 UNITS MINUTE, null, null, 43200000, 132456, CURRENT, 132456, CURRENT);
INSERT INTO project_phase (project_phase_id, project_id, phase_type_id, phase_status_id, fixed_start_time, scheduled_start_time, scheduled_end_time, actual_start_time, actual_end_time, duration, create_user, create_date, modify_user, modify_date) VALUES (30310608, 30310600, 4, 1, null, CURRENT + -35280 UNITS MINUTE, CURRENT + -26640 UNITS MINUTE, null, null, 518400000, 132456, CURRENT, 132456, CURRENT);
INSERT INTO resource (resource_id, resource_role_id, project_id, project_phase_id, create_user, create_date, modify_user, modify_date) VALUES (30310609, 1, 30310600, 30310606, 132456, CURRENT, 132456, CURRENT);
INSERT INTO upload (upload_id, project_id, resource_id, upload_type_id, upload_status_id, parameter, create_user, create_date, modify_user, modify_date, project_phase_id) VALUES (30310610, 30310600, 30310609, 1, 1, '30010038_30010845_30010535.zip', 132458, '2013-07-10 18:27:31', 132458, CURRENT, 30310606);
INSERT INTO submission (submission_id, upload_id, submission_status_id, screening_score, initial_score, final_score, placement, submission_type_id, create_user, create_date, modify_user, modify_date, prize_id) VALUES (30310611, 30310610, 1, 100, 80, 90, 1, 1, 132458, CURRENT, 132458, CURRENT, null);
INSERT INTO project (project_id, project_status_id, project_category_id, create_user, create_date, modify_user, modify_date, tc_direct_project_id, project_studio_spec_id) VALUES (30310700, 7, 22, 132456, CURRENT, 132456, CURRENT, 30310701, null);
INSERT INTO project_info (project_id, project_info_type_id, value, create_user, create_date, modify_user, modify_date) VALUES (30310700, 6, 'this is studio PAST contest 08', 132456, CURRENT, 132456, CURRENT);
INSERT INTO project_info (project_id, project_info_type_id, value, create_user, create_date, modify_user, modify_date) VALUES (30310700, 26, 'On', 132456, CURRENT, 132456, CURRENT);
INSERT INTO project_info (project_id, project_info_type_id, value, create_user, create_date, modify_user, modify_date) VALUES (30310700, 30, '510.0', 132456, CURRENT, 132456, CURRENT);
INSERT INTO project_info (project_id, project_info_type_id, value, create_user, create_date, modify_user, modify_date) VALUES (30310700, 70, 'de', 132456, CURRENT, 132456, CURRENT);
INSERT INTO prize (prize_id, place, prize_amount, prize_type_id, project_id, number_of_submissions, create_user, create_date, modify_user, modify_date) VALUES (30310702, 1, 1070, 15, 30310700, 1, 132456, CURRENT, 132456, CURRENT);
INSERT INTO prize (prize_id, place, prize_amount, prize_type_id, project_id, number_of_submissions, create_user, create_date, modify_user, modify_date) VALUES (30310703, 2, 570, 15, 30310700, 1, 132456, CURRENT, 132456, CURRENT);
INSERT INTO prize (prize_id, place, prize_amount, prize_type_id, project_id, number_of_submissions, create_user, create_date, modify_user, modify_date) VALUES (30310704, 3, 170, 15, 30310700, 1, 132456, CURRENT, 132456, CURRENT);
INSERT INTO project_phase (project_phase_id, project_id, phase_type_id, phase_status_id, fixed_start_time, scheduled_start_time, scheduled_end_time, actual_start_time, actual_end_time, duration, create_user, create_date, modify_user, modify_date) VALUES (30310705, 30310700, 1, 3, CURRENT + -44640 UNITS MINUTE, CURRENT + -44640 UNITS MINUTE, CURRENT + -41760 UNITS MINUTE, CURRENT + -44640 UNITS MINUTE, CURRENT + -41760 UNITS MINUTE, 172800000, 132456, CURRENT, 132456, CURRENT);
INSERT INTO project_phase (project_phase_id, project_id, phase_type_id, phase_status_id, fixed_start_time, scheduled_start_time, scheduled_end_time, actual_start_time, actual_end_time, duration, create_user, create_date, modify_user, modify_date) VALUES (30310706, 30310700, 2, 2, null, CURRENT + -44640 UNITS MINUTE, CURRENT + -36000 UNITS MINUTE, CURRENT + -44640 UNITS MINUTE, null, 518400000, 132456, CURRENT, 132456, CURRENT);
INSERT INTO project_phase (project_phase_id, project_id, phase_type_id, phase_status_id, fixed_start_time, scheduled_start_time, scheduled_end_time, actual_start_time, actual_end_time, duration, create_user, create_date, modify_user, modify_date) VALUES (30310707, 30310700, 3, 1, null, CURRENT + -36000 UNITS MINUTE, CURRENT + -35280 UNITS MINUTE, null, null, 43200000, 132456, CURRENT, 132456, CURRENT);
INSERT INTO project_phase (project_phase_id, project_id, phase_type_id, phase_status_id, fixed_start_time, scheduled_start_time, scheduled_end_time, actual_start_time, actual_end_time, duration, create_user, create_date, modify_user, modify_date) VALUES (30310708, 30310700, 4, 1, null, CURRENT + -35280 UNITS MINUTE, CURRENT + -26640 UNITS MINUTE, null, null, 518400000, 132456, CURRENT, 132456, CURRENT);
INSERT INTO resource (resource_id, resource_role_id, project_id, project_phase_id, create_user, create_date, modify_user, modify_date) VALUES (30310709, 1, 30310700, 30310706, 132456, CURRENT, 132456, CURRENT);
INSERT INTO upload (upload_id, project_id, resource_id, upload_type_id, upload_status_id, parameter, create_user, create_date, modify_user, modify_date, project_phase_id) VALUES (30310710, 30310700, 30310709, 1, 1, '30010038_30010845_30010535.zip', 132458, '2013-07-10 18:27:31', 132458, CURRENT, 30310706);
INSERT INTO submission (submission_id, upload_id, submission_status_id, screening_score, initial_score, final_score, placement, submission_type_id, create_user, create_date, modify_user, modify_date, prize_id) VALUES (30310711, 30310710, 1, 100, 80, 90, 1, 1, 132458, CURRENT, 132458, CURRENT, null);
INSERT INTO project (project_id, project_status_id, project_category_id, create_user, create_date, modify_user, modify_date, tc_direct_project_id, project_studio_spec_id) VALUES (30310800, 7, 21, 132456, CURRENT, 132456, CURRENT, 30310801, null);
INSERT INTO project_info (project_id, project_info_type_id, value, create_user, create_date, modify_user, modify_date) VALUES (30310800, 6, 'this is studio PAST contest 09', 132456, CURRENT, 132456, CURRENT);
INSERT INTO project_info (project_id, project_info_type_id, value, create_user, create_date, modify_user, modify_date) VALUES (30310800, 26, 'On', 132456, CURRENT, 132456, CURRENT);
INSERT INTO project_info (project_id, project_info_type_id, value, create_user, create_date, modify_user, modify_date) VALUES (30310800, 30, '510.0', 132456, CURRENT, 132456, CURRENT);
INSERT INTO project_info (project_id, project_info_type_id, value, create_user, create_date, modify_user, modify_date) VALUES (30310800, 70, 'ab', 132456, CURRENT, 132456, CURRENT);
INSERT INTO prize (prize_id, place, prize_amount, prize_type_id, project_id, number_of_submissions, create_user, create_date, modify_user, modify_date) VALUES (30310802, 1, 1080, 15, 30310800, 1, 132456, CURRENT, 132456, CURRENT);
INSERT INTO prize (prize_id, place, prize_amount, prize_type_id, project_id, number_of_submissions, create_user, create_date, modify_user, modify_date) VALUES (30310803, 2, 580, 15, 30310800, 1, 132456, CURRENT, 132456, CURRENT);
INSERT INTO prize (prize_id, place, prize_amount, prize_type_id, project_id, number_of_submissions, create_user, create_date, modify_user, modify_date) VALUES (30310804, 3, 180, 15, 30310800, 1, 132456, CURRENT, 132456, CURRENT);
INSERT INTO project_phase (project_phase_id, project_id, phase_type_id, phase_status_id, fixed_start_time, scheduled_start_time, scheduled_end_time, actual_start_time, actual_end_time, duration, create_user, create_date, modify_user, modify_date) VALUES (30310805, 30310800, 1, 3, CURRENT + -44640 UNITS MINUTE, CURRENT + -44640 UNITS MINUTE, CURRENT + -41760 UNITS MINUTE, CURRENT + -44640 UNITS MINUTE, CURRENT + -41760 UNITS MINUTE, 172800000, 132456, CURRENT, 132456, CURRENT);
INSERT INTO project_phase (project_phase_id, project_id, phase_type_id, phase_status_id, fixed_start_time, scheduled_start_time, scheduled_end_time, actual_start_time, actual_end_time, duration, create_user, create_date, modify_user, modify_date) VALUES (30310806, 30310800, 2, 2, null, CURRENT + -44640 UNITS MINUTE, CURRENT + -36000 UNITS MINUTE, CURRENT + -44640 UNITS MINUTE, null, 518400000, 132456, CURRENT, 132456, CURRENT);
INSERT INTO project_phase (project_phase_id, project_id, phase_type_id, phase_status_id, fixed_start_time, scheduled_start_time, scheduled_end_time, actual_start_time, actual_end_time, duration, create_user, create_date, modify_user, modify_date) VALUES (30310807, 30310800, 3, 1, null, CURRENT + -36000 UNITS MINUTE, CURRENT + -35280 UNITS MINUTE, null, null, 43200000, 132456, CURRENT, 132456, CURRENT);
INSERT INTO project_phase (project_phase_id, project_id, phase_type_id, phase_status_id, fixed_start_time, scheduled_start_time, scheduled_end_time, actual_start_time, actual_end_time, duration, create_user, create_date, modify_user, modify_date) VALUES (30310808, 30310800, 4, 1, null, CURRENT + -35280 UNITS MINUTE, CURRENT + -26640 UNITS MINUTE, null, null, 518400000, 132456, CURRENT, 132456, CURRENT);
INSERT INTO resource (resource_id, resource_role_id, project_id, project_phase_id, create_user, create_date, modify_user, modify_date) VALUES (30310809, 1, 30310800, 30310806, 132456, CURRENT, 132456, CURRENT);
INSERT INTO upload (upload_id, project_id, resource_id, upload_type_id, upload_status_id, parameter, create_user, create_date, modify_user, modify_date, project_phase_id) VALUES (30310810, 30310800, 30310809, 1, 1, '30010038_30010845_30010535.zip', 132458, '2013-07-10 18:27:31', 132458, CURRENT, 30310806);
INSERT INTO submission (submission_id, upload_id, submission_status_id, screening_score, initial_score, final_score, placement, submission_type_id, create_user, create_date, modify_user, modify_date, prize_id) VALUES (30310811, 30310810, 1, 100, 80, 90, 1, 1, 132458, CURRENT, 132458, CURRENT, null);
INSERT INTO project (project_id, project_status_id, project_category_id, create_user, create_date, modify_user, modify_date, tc_direct_project_id, project_studio_spec_id) VALUES (30310900, 7, 22, 132456, CURRENT, 132456, CURRENT, 30310901, null);
INSERT INTO project_info (project_id, project_info_type_id, value, create_user, create_date, modify_user, modify_date) VALUES (30310900, 6, 'this is studio PAST contest 10', 132456, CURRENT, 132456, CURRENT);
INSERT INTO project_info (project_id, project_info_type_id, value, create_user, create_date, modify_user, modify_date) VALUES (30310900, 26, 'On', 132456, CURRENT, 132456, CURRENT);
INSERT INTO project_info (project_id, project_info_type_id, value, create_user, create_date, modify_user, modify_date) VALUES (30310900, 30, '510.0', 132456, CURRENT, 132456, CURRENT);
INSERT INTO project_info (project_id, project_info_type_id, value, create_user, create_date, modify_user, modify_date) VALUES (30310900, 70, 'bc', 132456, CURRENT, 132456, CURRENT);
INSERT INTO prize (prize_id, place, prize_amount, prize_type_id, project_id, number_of_submissions, create_user, create_date, modify_user, modify_date) VALUES (30310902, 1, 1090, 15, 30310900, 1, 132456, CURRENT, 132456, CURRENT);
INSERT INTO prize (prize_id, place, prize_amount, prize_type_id, project_id, number_of_submissions, create_user, create_date, modify_user, modify_date) VALUES (30310903, 2, 590, 15, 30310900, 1, 132456, CURRENT, 132456, CURRENT);
INSERT INTO prize (prize_id, place, prize_amount, prize_type_id, project_id, number_of_submissions, create_user, create_date, modify_user, modify_date) VALUES (30310904, 3, 190, 15, 30310900, 1, 132456, CURRENT, 132456, CURRENT);
INSERT INTO project_phase (project_phase_id, project_id, phase_type_id, phase_status_id, fixed_start_time, scheduled_start_time, scheduled_end_time, actual_start_time, actual_end_time, duration, create_user, create_date, modify_user, modify_date) VALUES (30310905, 30310900, 1, 3, CURRENT + -44640 UNITS MINUTE, CURRENT + -44640 UNITS MINUTE, CURRENT + -41760 UNITS MINUTE, CURRENT + -44640 UNITS MINUTE, CURRENT + -41760 UNITS MINUTE, 172800000, 132456, CURRENT, 132456, CURRENT);
INSERT INTO project_phase (project_phase_id, project_id, phase_type_id, phase_status_id, fixed_start_time, scheduled_start_time, scheduled_end_time, actual_start_time, actual_end_time, duration, create_user, create_date, modify_user, modify_date) VALUES (30310906, 30310900, 2, 2, null, CURRENT + -44640 UNITS MINUTE, CURRENT + -36000 UNITS MINUTE, CURRENT + -44640 UNITS MINUTE, null, 518400000, 132456, CURRENT, 132456, CURRENT);
INSERT INTO project_phase (project_phase_id, project_id, phase_type_id, phase_status_id, fixed_start_time, scheduled_start_time, scheduled_end_time, actual_start_time, actual_end_time, duration, create_user, create_date, modify_user, modify_date) VALUES (30310907, 30310900, 3, 1, null, CURRENT + -36000 UNITS MINUTE, CURRENT + -35280 UNITS MINUTE, null, null, 43200000, 132456, CURRENT, 132456, CURRENT);
INSERT INTO project_phase (project_phase_id, project_id, phase_type_id, phase_status_id, fixed_start_time, scheduled_start_time, scheduled_end_time, actual_start_time, actual_end_time, duration, create_user, create_date, modify_user, modify_date) VALUES (30310908, 30310900, 4, 1, null, CURRENT + -35280 UNITS MINUTE, CURRENT + -26640 UNITS MINUTE, null, null, 518400000, 132456, CURRENT, 132456, CURRENT);
INSERT INTO resource (resource_id, resource_role_id, project_id, project_phase_id, create_user, create_date, modify_user, modify_date) VALUES (30310909, 1, 30310900, 30310906, 132456, CURRENT, 132456, CURRENT);
INSERT INTO upload (upload_id, project_id, resource_id, upload_type_id, upload_status_id, parameter, create_user, create_date, modify_user, modify_date, project_phase_id) VALUES (30310910, 30310900, 30310909, 1, 1, '30010038_30010845_30010535.zip', 132458, '2013-07-10 18:27:31', 132458, CURRENT, 30310906);
INSERT INTO submission (submission_id, upload_id, submission_status_id, screening_score, initial_score, final_score, placement, submission_type_id, create_user, create_date, modify_user, modify_date, prize_id) VALUES (30310911, 30310910, 1, 100, 80, 90, 1, 1, 132458, CURRENT, 132458, CURRENT, null);
INSERT INTO project (project_id, project_status_id, project_category_id, create_user, create_date, modify_user, modify_date, tc_direct_project_id, project_studio_spec_id) VALUES (30311000, 7, 21, 132456, CURRENT, 132456, CURRENT, 30311001, null);
INSERT INTO project_info (project_id, project_info_type_id, value, create_user, create_date, modify_user, modify_date) VALUES (30311000, 6, 'this is studio PAST contest 11', 132456, CURRENT, 132456, CURRENT);
INSERT INTO project_info (project_id, project_info_type_id, value, create_user, create_date, modify_user, modify_date) VALUES (30311000, 26, 'On', 132456, CURRENT, 132456, CURRENT);
INSERT INTO project_info (project_id, project_info_type_id, value, create_user, create_date, modify_user, modify_date) VALUES (30311000, 30, '510.0', 132456, CURRENT, 132456, CURRENT);
INSERT INTO project_info (project_id, project_info_type_id, value, create_user, create_date, modify_user, modify_date) VALUES (30311000, 70, 'cd', 132456, CURRENT, 132456, CURRENT);
INSERT INTO prize (prize_id, place, prize_amount, prize_type_id, project_id, number_of_submissions, create_user, create_date, modify_user, modify_date) VALUES (30311002, 1, 1100, 15, 30311000, 1, 132456, CURRENT, 132456, CURRENT);
INSERT INTO prize (prize_id, place, prize_amount, prize_type_id, project_id, number_of_submissions, create_user, create_date, modify_user, modify_date) VALUES (30311003, 2, 600, 15, 30311000, 1, 132456, CURRENT, 132456, CURRENT);
INSERT INTO prize (prize_id, place, prize_amount, prize_type_id, project_id, number_of_submissions, create_user, create_date, modify_user, modify_date) VALUES (30311004, 3, 200, 15, 30311000, 1, 132456, CURRENT, 132456, CURRENT);
INSERT INTO project_phase (project_phase_id, project_id, phase_type_id, phase_status_id, fixed_start_time, scheduled_start_time, scheduled_end_time, actual_start_time, actual_end_time, duration, create_user, create_date, modify_user, modify_date) VALUES (30311005, 30311000, 1, 3, CURRENT + -44640 UNITS MINUTE, CURRENT + -44640 UNITS MINUTE, CURRENT + -41760 UNITS MINUTE, CURRENT + -44640 UNITS MINUTE, CURRENT + -41760 UNITS MINUTE, 172800000, 132456, CURRENT, 132456, CURRENT);
INSERT INTO project_phase (project_phase_id, project_id, phase_type_id, phase_status_id, fixed_start_time, scheduled_start_time, scheduled_end_time, actual_start_time, actual_end_time, duration, create_user, create_date, modify_user, modify_date) VALUES (30311006, 30311000, 2, 2, null, CURRENT + -44640 UNITS MINUTE, CURRENT + -36000 UNITS MINUTE, CURRENT + -44640 UNITS MINUTE, null, 518400000, 132456, CURRENT, 132456, CURRENT);
INSERT INTO project_phase (project_phase_id, project_id, phase_type_id, phase_status_id, fixed_start_time, scheduled_start_time, scheduled_end_time, actual_start_time, actual_end_time, duration, create_user, create_date, modify_user, modify_date) VALUES (30311007, 30311000, 3, 1, null, CURRENT + -36000 UNITS MINUTE, CURRENT + -35280 UNITS MINUTE, null, null, 43200000, 132456, CURRENT, 132456, CURRENT);
INSERT INTO project_phase (project_phase_id, project_id, phase_type_id, phase_status_id, fixed_start_time, scheduled_start_time, scheduled_end_time, actual_start_time, actual_end_time, duration, create_user, create_date, modify_user, modify_date) VALUES (30311008, 30311000, 4, 1, null, CURRENT + -35280 UNITS MINUTE, CURRENT + -26640 UNITS MINUTE, null, null, 518400000, 132456, CURRENT, 132456, CURRENT);
INSERT INTO resource (resource_id, resource_role_id, project_id, project_phase_id, create_user, create_date, modify_user, modify_date) VALUES (30311009, 1, 30311000, 30311006, 132456, CURRENT, 132456, CURRENT);
INSERT INTO upload (upload_id, project_id, resource_id, upload_type_id, upload_status_id, parameter, create_user, create_date, modify_user, modify_date, project_phase_id) VALUES (30311010, 30311000, 30311009, 1, 1, '30010038_30010845_30010535.zip', 132458, '2013-07-10 18:27:31', 132458, CURRENT, 30311006);
INSERT INTO submission (submission_id, upload_id, submission_status_id, screening_score, initial_score, final_score, placement, submission_type_id, create_user, create_date, modify_user, modify_date, prize_id) VALUES (30311011, 30311010, 1, 100, 80, 90, 1, 1, 132458, CURRENT, 132458, CURRENT, null);
INSERT INTO project (project_id, project_status_id, project_category_id, create_user, create_date, modify_user, modify_date, tc_direct_project_id, project_studio_spec_id) VALUES (30311100, 7, 22, 132456, CURRENT, 132456, CURRENT, 30311101, null);
INSERT INTO project_info (project_id, project_info_type_id, value, create_user, create_date, modify_user, modify_date) VALUES (30311100, 6, 'this is studio PAST contest 12', 132456, CURRENT, 132456, CURRENT);
INSERT INTO project_info (project_id, project_info_type_id, value, create_user, create_date, modify_user, modify_date) VALUES (30311100, 26, 'On', 132456, CURRENT, 132456, CURRENT);
INSERT INTO project_info (project_id, project_info_type_id, value, create_user, create_date, modify_user, modify_date) VALUES (30311100, 30, '510.0', 132456, CURRENT, 132456, CURRENT);
INSERT INTO project_info (project_id, project_info_type_id, value, create_user, create_date, modify_user, modify_date) VALUES (30311100, 70, 'de', 132456, CURRENT, 132456, CURRENT);
INSERT INTO prize (prize_id, place, prize_amount, prize_type_id, project_id, number_of_submissions, create_user, create_date, modify_user, modify_date) VALUES (30311102, 1, 1110, 15, 30311100, 1, 132456, CURRENT, 132456, CURRENT);
INSERT INTO prize (prize_id, place, prize_amount, prize_type_id, project_id, number_of_submissions, create_user, create_date, modify_user, modify_date) VALUES (30311103, 2, 610, 15, 30311100, 1, 132456, CURRENT, 132456, CURRENT);
INSERT INTO prize (prize_id, place, prize_amount, prize_type_id, project_id, number_of_submissions, create_user, create_date, modify_user, modify_date) VALUES (30311104, 3, 210, 15, 30311100, 1, 132456, CURRENT, 132456, CURRENT);
INSERT INTO project_phase (project_phase_id, project_id, phase_type_id, phase_status_id, fixed_start_time, scheduled_start_time, scheduled_end_time, actual_start_time, actual_end_time, duration, create_user, create_date, modify_user, modify_date) VALUES (30311105, 30311100, 1, 3, CURRENT + -44640 UNITS MINUTE, CURRENT + -44640 UNITS MINUTE, CURRENT + -41760 UNITS MINUTE, CURRENT + -44640 UNITS MINUTE, CURRENT + -41760 UNITS MINUTE, 172800000, 132456, CURRENT, 132456, CURRENT);
INSERT INTO project_phase (project_phase_id, project_id, phase_type_id, phase_status_id, fixed_start_time, scheduled_start_time, scheduled_end_time, actual_start_time, actual_end_time, duration, create_user, create_date, modify_user, modify_date) VALUES (30311106, 30311100, 2, 2, null, CURRENT + -44640 UNITS MINUTE, CURRENT + -36000 UNITS MINUTE, CURRENT + -44640 UNITS MINUTE, null, 518400000, 132456, CURRENT, 132456, CURRENT);
INSERT INTO project_phase (project_phase_id, project_id, phase_type_id, phase_status_id, fixed_start_time, scheduled_start_time, scheduled_end_time, actual_start_time, actual_end_time, duration, create_user, create_date, modify_user, modify_date) VALUES (30311107, 30311100, 3, 1, null, CURRENT + -36000 UNITS MINUTE, CURRENT + -35280 UNITS MINUTE, null, null, 43200000, 132456, CURRENT, 132456, CURRENT);
INSERT INTO project_phase (project_phase_id, project_id, phase_type_id, phase_status_id, fixed_start_time, scheduled_start_time, scheduled_end_time, actual_start_time, actual_end_time, duration, create_user, create_date, modify_user, modify_date) VALUES (30311108, 30311100, 4, 1, null, CURRENT + -35280 UNITS MINUTE, CURRENT + -26640 UNITS MINUTE, null, null, 518400000, 132456, CURRENT, 132456, CURRENT);
INSERT INTO resource (resource_id, resource_role_id, project_id, project_phase_id, create_user, create_date, modify_user, modify_date) VALUES (30311109, 1, 30311100, 30311106, 132456, CURRENT, 132456, CURRENT);
INSERT INTO upload (upload_id, project_id, resource_id, upload_type_id, upload_status_id, parameter, create_user, create_date, modify_user, modify_date, project_phase_id) VALUES (30311110, 30311100, 30311109, 1, 1, '30010038_30010845_30010535.zip', 132458, '2013-07-10 18:27:31', 132458, CURRENT, 30311106);
INSERT INTO submission (submission_id, upload_id, submission_status_id, screening_score, initial_score, final_score, placement, submission_type_id, create_user, create_date, modify_user, modify_date, prize_id) VALUES (30311111, 30311110, 1, 100, 80, 90, 1, 1, 132458, CURRENT, 132458, CURRENT, null);
INSERT INTO project (project_id, project_status_id, project_category_id, create_user, create_date, modify_user, modify_date, tc_direct_project_id, project_studio_spec_id) VALUES (30311200, 7, 21, 132456, CURRENT, 132456, CURRENT, 30311201, null);
INSERT INTO project_info (project_id, project_info_type_id, value, create_user, create_date, modify_user, modify_date) VALUES (30311200, 6, 'this is studio PAST contest 13', 132456, CURRENT, 132456, CURRENT);
INSERT INTO project_info (project_id, project_info_type_id, value, create_user, create_date, modify_user, modify_date) VALUES (30311200, 26, 'On', 132456, CURRENT, 132456, CURRENT);
INSERT INTO project_info (project_id, project_info_type_id, value, create_user, create_date, modify_user, modify_date) VALUES (30311200, 30, '510.0', 132456, CURRENT, 132456, CURRENT);
INSERT INTO project_info (project_id, project_info_type_id, value, create_user, create_date, modify_user, modify_date) VALUES (30311200, 70, 'ab', 132456, CURRENT, 132456, CURRENT);
INSERT INTO prize (prize_id, place, prize_amount, prize_type_id, project_id, number_of_submissions, create_user, create_date, modify_user, modify_date) VALUES (30311202, 1, 1120, 15, 30311200, 1, 132456, CURRENT, 132456, CURRENT);
INSERT INTO prize (prize_id, place, prize_amount, prize_type_id, project_id, number_of_submissions, create_user, create_date, modify_user, modify_date) VALUES (30311203, 2, 620, 15, 30311200, 1, 132456, CURRENT, 132456, CURRENT);
INSERT INTO prize (prize_id, place, prize_amount, prize_type_id, project_id, number_of_submissions, create_user, create_date, modify_user, modify_date) VALUES (30311204, 3, 220, 15, 30311200, 1, 132456, CURRENT, 132456, CURRENT);
INSERT INTO project_phase (project_phase_id, project_id, phase_type_id, phase_status_id, fixed_start_time, scheduled_start_time, scheduled_end_time, actual_start_time, actual_end_time, duration, create_user, create_date, modify_user, modify_date) VALUES (30311205, 30311200, 1, 3, CURRENT + -44640 UNITS MINUTE, CURRENT + -44640 UNITS MINUTE, CURRENT + -41760 UNITS MINUTE, CURRENT + -44640 UNITS MINUTE, CURRENT + -41760 UNITS MINUTE, 172800000, 132456, CURRENT, 132456, CURRENT);
INSERT INTO project_phase (project_phase_id, project_id, phase_type_id, phase_status_id, fixed_start_time, scheduled_start_time, scheduled_end_time, actual_start_time, actual_end_time, duration, create_user, create_date, modify_user, modify_date) VALUES (30311206, 30311200, 2, 2, null, CURRENT + -44640 UNITS MINUTE, CURRENT + -36000 UNITS MINUTE, CURRENT + -44640 UNITS MINUTE, null, 518400000, 132456, CURRENT, 132456, CURRENT);
INSERT INTO project_phase (project_phase_id, project_id, phase_type_id, phase_status_id, fixed_start_time, scheduled_start_time, scheduled_end_time, actual_start_time, actual_end_time, duration, create_user, create_date, modify_user, modify_date) VALUES (30311207, 30311200, 3, 1, null, CURRENT + -36000 UNITS MINUTE, CURRENT + -35280 UNITS MINUTE, null, null, 43200000, 132456, CURRENT, 132456, CURRENT);
INSERT INTO project_phase (project_phase_id, project_id, phase_type_id, phase_status_id, fixed_start_time, scheduled_start_time, scheduled_end_time, actual_start_time, actual_end_time, duration, create_user, create_date, modify_user, modify_date) VALUES (30311208, 30311200, 4, 1, null, CURRENT + -35280 UNITS MINUTE, CURRENT + -26640 UNITS MINUTE, null, null, 518400000, 132456, CURRENT, 132456, CURRENT);
INSERT INTO resource (resource_id, resource_role_id, project_id, project_phase_id, create_user, create_date, modify_user, modify_date) VALUES (30311209, 1, 30311200, 30311206, 132456, CURRENT, 132456, CURRENT);
INSERT INTO upload (upload_id, project_id, resource_id, upload_type_id, upload_status_id, parameter, create_user, create_date, modify_user, modify_date, project_phase_id) VALUES (30311210, 30311200, 30311209, 1, 1, '30010038_30010845_30010535.zip', 132458, '2013-07-10 18:27:31', 132458, CURRENT, 30311206);
INSERT INTO submission (submission_id, upload_id, submission_status_id, screening_score, initial_score, final_score, placement, submission_type_id, create_user, create_date, modify_user, modify_date, prize_id) VALUES (30311211, 30311210, 1, 100, 80, 90, 1, 1, 132458, CURRENT, 132458, CURRENT, null);
