INSERT INTO project_studio_specification (project_studio_spec_id, goals, target_audience, branding_guidelines, disliked_design_websites, other_instructions, winning_criteria, submitters_locked_between_rounds, round_one_introduction, round_two_introduction, colors, fonts, layout_and_size, contest_introduction, contest_description, content_requirements, general_feedback, create_user, create_date, modify_user, modify_date) VALUES (30320000, '', '', '', '', '', '', 'f', '', '', '', '', '', '<p>Contest Introduction for Client 30320001 Billing Account 3 Project 2 Print/Presentation Contest 774</p>', '<p>Contest Description for Client 30320001 Billing Account 3 Project 2 Print/Presentation Contest 774</p>', 'null', 'null', 132456, CURRENT, 132456, CURRENT);
INSERT INTO project (project_id, project_status_id, project_category_id, create_user, create_date, modify_user, modify_date, tc_direct_project_id, project_studio_spec_id) VALUES (30320002, 2, 21, 132456, CURRENT, 132456, CURRENT, 30320003, 30320000);
INSERT INTO project_info (project_id, project_info_type_id, value, create_user, create_date, modify_user, modify_date) VALUES (30320002, 6, 'this is studio UPCOMING contest 01', 132456, CURRENT, 132456, CURRENT);
INSERT INTO project_info (project_id, project_info_type_id, value, create_user, create_date, modify_user, modify_date) VALUES (30320002, 26, 'On', 132456, CURRENT, 132456, CURRENT);
INSERT INTO project_info (project_id, project_info_type_id, value, create_user, create_date, modify_user, modify_date) VALUES (30320002, 30, '510.0', 132456, CURRENT, 132456, CURRENT);
INSERT INTO project_info (project_id, project_info_type_id, value, create_user, create_date, modify_user, modify_date) VALUES (30320002, 7, '1.0', 132456, CURRENT, 132456, CURRENT);
INSERT INTO project_info (project_id, project_info_type_id, value, create_user, create_date, modify_user, modify_date) VALUES (30320002, 70, 'ab', 132456, CURRENT, 132456, CURRENT);
INSERT INTO prize (prize_id, place, prize_amount, prize_type_id, project_id, number_of_submissions, create_user, create_date, modify_user, modify_date) VALUES (30320004, 1, 1000, 15, 30320002, 1, 132456, CURRENT, 132456, CURRENT);
INSERT INTO prize (prize_id, place, prize_amount, prize_type_id, project_id, number_of_submissions, create_user, create_date, modify_user, modify_date) VALUES (30320005, 2, 500, 15, 30320002, 1, 132456, CURRENT, 132456, CURRENT);
INSERT INTO prize (prize_id, place, prize_amount, prize_type_id, project_id, number_of_submissions, create_user, create_date, modify_user, modify_date) VALUES (30320006, 3, 100, 15, 30320002, 1, 132456, CURRENT, 132456, CURRENT);
INSERT INTO project_phase (project_phase_id, project_id, phase_type_id, phase_status_id, fixed_start_time, scheduled_start_time, scheduled_end_time, actual_start_time, actual_end_time, duration, create_user, create_date, modify_user, modify_date) VALUES (30320007, 30320002, 1, 3, CURRENT + 44640 UNITS MINUTE, CURRENT + 44640 UNITS MINUTE, CURRENT + 41760 UNITS MINUTE, CURRENT + 44639 UNITS MINUTE, CURRENT + 41760 UNITS MINUTE, 172800000, 132456, CURRENT, 132456, CURRENT);
INSERT INTO project_phase (project_phase_id, project_id, phase_type_id, phase_status_id, fixed_start_time, scheduled_start_time, scheduled_end_time, actual_start_time, actual_end_time, duration, create_user, create_date, modify_user, modify_date) VALUES (30320008, 30320002, 2, 2, null, CURRENT + 44640 UNITS MINUTE, CURRENT + 36000 UNITS MINUTE, CURRENT + 44640 UNITS MINUTE, null, 518400000, 132456, CURRENT, 132456, CURRENT);

INSERT INTO project_studio_specification (project_studio_spec_id, goals, target_audience, branding_guidelines, disliked_design_websites, other_instructions, winning_criteria, submitters_locked_between_rounds, round_one_introduction, round_two_introduction, colors, fonts, layout_and_size, contest_introduction, contest_description, content_requirements, general_feedback, create_user, create_date, modify_user, modify_date) VALUES (30320100, '', '', '', '', '', '', 'f', '', '', '', '', '', '<p>Contest Introduction for Client 30320101 Billing Account 3 Project 2 Print/Presentation Contest 774</p>', '<p>Contest Description for Client 30320101 Billing Account 3 Project 2 Print/Presentation Contest 774</p>', 'null', 'null', 132456, CURRENT, 132456, CURRENT);
INSERT INTO project (project_id, project_status_id, project_category_id, create_user, create_date, modify_user, modify_date, tc_direct_project_id, project_studio_spec_id) VALUES (30320102, 2, 22, 132456, CURRENT, 132456, CURRENT, 30320103, 30320100);
INSERT INTO project_info (project_id, project_info_type_id, value, create_user, create_date, modify_user, modify_date) VALUES (30320102, 6, 'this is studio UPCOMING contest 02', 132456, CURRENT, 132456, CURRENT);
INSERT INTO project_info (project_id, project_info_type_id, value, create_user, create_date, modify_user, modify_date) VALUES (30320102, 26, 'On', 132456, CURRENT, 132456, CURRENT);
INSERT INTO project_info (project_id, project_info_type_id, value, create_user, create_date, modify_user, modify_date) VALUES (30320102, 30, '510.0', 132456, CURRENT, 132456, CURRENT);
INSERT INTO project_info (project_id, project_info_type_id, value, create_user, create_date, modify_user, modify_date) VALUES (30320102, 7, '1.0', 132456, CURRENT, 132456, CURRENT);
INSERT INTO project_info (project_id, project_info_type_id, value, create_user, create_date, modify_user, modify_date) VALUES (30320102, 70, 'bc', 132456, CURRENT, 132456, CURRENT);
INSERT INTO prize (prize_id, place, prize_amount, prize_type_id, project_id, number_of_submissions, create_user, create_date, modify_user, modify_date) VALUES (30320104, 1, 1010, 15, 30320102, 1, 132456, CURRENT, 132456, CURRENT);
INSERT INTO prize (prize_id, place, prize_amount, prize_type_id, project_id, number_of_submissions, create_user, create_date, modify_user, modify_date) VALUES (30320105, 2, 510, 15, 30320102, 1, 132456, CURRENT, 132456, CURRENT);
INSERT INTO prize (prize_id, place, prize_amount, prize_type_id, project_id, number_of_submissions, create_user, create_date, modify_user, modify_date) VALUES (30320106, 3, 110, 15, 30320102, 1, 132456, CURRENT, 132456, CURRENT);
INSERT INTO project_phase (project_phase_id, project_id, phase_type_id, phase_status_id, fixed_start_time, scheduled_start_time, scheduled_end_time, actual_start_time, actual_end_time, duration, create_user, create_date, modify_user, modify_date) VALUES (30320107, 30320102, 1, 3, CURRENT + 44640 UNITS MINUTE, CURRENT + 44640 UNITS MINUTE, CURRENT + 41760 UNITS MINUTE, CURRENT + 44639 UNITS MINUTE, CURRENT + 41760 UNITS MINUTE, 172800000, 132456, CURRENT, 132456, CURRENT);
INSERT INTO project_phase (project_phase_id, project_id, phase_type_id, phase_status_id, fixed_start_time, scheduled_start_time, scheduled_end_time, actual_start_time, actual_end_time, duration, create_user, create_date, modify_user, modify_date) VALUES (30320108, 30320102, 2, 2, null, CURRENT + 44640 UNITS MINUTE, CURRENT + 36000 UNITS MINUTE, CURRENT + 44640 UNITS MINUTE, null, 518400000, 132456, CURRENT, 132456, CURRENT);

INSERT INTO project_studio_specification (project_studio_spec_id, goals, target_audience, branding_guidelines, disliked_design_websites, other_instructions, winning_criteria, submitters_locked_between_rounds, round_one_introduction, round_two_introduction, colors, fonts, layout_and_size, contest_introduction, contest_description, content_requirements, general_feedback, create_user, create_date, modify_user, modify_date) VALUES (30320200, '', '', '', '', '', '', 'f', '', '', '', '', '', '<p>Contest Introduction for Client 30320201 Billing Account 3 Project 2 Print/Presentation Contest 774</p>', '<p>Contest Description for Client 30320201 Billing Account 3 Project 2 Print/Presentation Contest 774</p>', 'null', 'null', 132456, CURRENT, 132456, CURRENT);
INSERT INTO project (project_id, project_status_id, project_category_id, create_user, create_date, modify_user, modify_date, tc_direct_project_id, project_studio_spec_id) VALUES (30320202, 2, 21, 132456, CURRENT, 132456, CURRENT, 30320203, 30320200);
INSERT INTO project_info (project_id, project_info_type_id, value, create_user, create_date, modify_user, modify_date) VALUES (30320202, 6, 'this is studio UPCOMING contest 03', 132456, CURRENT, 132456, CURRENT);
INSERT INTO project_info (project_id, project_info_type_id, value, create_user, create_date, modify_user, modify_date) VALUES (30320202, 26, 'On', 132456, CURRENT, 132456, CURRENT);
INSERT INTO project_info (project_id, project_info_type_id, value, create_user, create_date, modify_user, modify_date) VALUES (30320202, 30, '510.0', 132456, CURRENT, 132456, CURRENT);
INSERT INTO project_info (project_id, project_info_type_id, value, create_user, create_date, modify_user, modify_date) VALUES (30320202, 7, '1.0', 132456, CURRENT, 132456, CURRENT);
INSERT INTO project_info (project_id, project_info_type_id, value, create_user, create_date, modify_user, modify_date) VALUES (30320202, 70, 'cd', 132456, CURRENT, 132456, CURRENT);
INSERT INTO prize (prize_id, place, prize_amount, prize_type_id, project_id, number_of_submissions, create_user, create_date, modify_user, modify_date) VALUES (30320204, 1, 1020, 15, 30320202, 1, 132456, CURRENT, 132456, CURRENT);
INSERT INTO prize (prize_id, place, prize_amount, prize_type_id, project_id, number_of_submissions, create_user, create_date, modify_user, modify_date) VALUES (30320205, 2, 520, 15, 30320202, 1, 132456, CURRENT, 132456, CURRENT);
INSERT INTO prize (prize_id, place, prize_amount, prize_type_id, project_id, number_of_submissions, create_user, create_date, modify_user, modify_date) VALUES (30320206, 3, 120, 15, 30320202, 1, 132456, CURRENT, 132456, CURRENT);
INSERT INTO project_phase (project_phase_id, project_id, phase_type_id, phase_status_id, fixed_start_time, scheduled_start_time, scheduled_end_time, actual_start_time, actual_end_time, duration, create_user, create_date, modify_user, modify_date) VALUES (30320207, 30320202, 1, 3, CURRENT + 44640 UNITS MINUTE, CURRENT + 44640 UNITS MINUTE, CURRENT + 41760 UNITS MINUTE, CURRENT + 44639 UNITS MINUTE, CURRENT + 41760 UNITS MINUTE, 172800000, 132456, CURRENT, 132456, CURRENT);
INSERT INTO project_phase (project_phase_id, project_id, phase_type_id, phase_status_id, fixed_start_time, scheduled_start_time, scheduled_end_time, actual_start_time, actual_end_time, duration, create_user, create_date, modify_user, modify_date) VALUES (30320208, 30320202, 2, 2, null, CURRENT + 44640 UNITS MINUTE, CURRENT + 36000 UNITS MINUTE, CURRENT + 44640 UNITS MINUTE, null, 518400000, 132456, CURRENT, 132456, CURRENT);

INSERT INTO project_studio_specification (project_studio_spec_id, goals, target_audience, branding_guidelines, disliked_design_websites, other_instructions, winning_criteria, submitters_locked_between_rounds, round_one_introduction, round_two_introduction, colors, fonts, layout_and_size, contest_introduction, contest_description, content_requirements, general_feedback, create_user, create_date, modify_user, modify_date) VALUES (30320300, '', '', '', '', '', '', 'f', '', '', '', '', '', '<p>Contest Introduction for Client 30320301 Billing Account 3 Project 2 Print/Presentation Contest 774</p>', '<p>Contest Description for Client 30320301 Billing Account 3 Project 2 Print/Presentation Contest 774</p>', 'null', 'null', 132456, CURRENT, 132456, CURRENT);
INSERT INTO project (project_id, project_status_id, project_category_id, create_user, create_date, modify_user, modify_date, tc_direct_project_id, project_studio_spec_id) VALUES (30320302, 2, 22, 132456, CURRENT, 132456, CURRENT, 30320303, 30320300);
INSERT INTO project_info (project_id, project_info_type_id, value, create_user, create_date, modify_user, modify_date) VALUES (30320302, 6, 'this is studio UPCOMING contest 04', 132456, CURRENT, 132456, CURRENT);
INSERT INTO project_info (project_id, project_info_type_id, value, create_user, create_date, modify_user, modify_date) VALUES (30320302, 26, 'On', 132456, CURRENT, 132456, CURRENT);
INSERT INTO project_info (project_id, project_info_type_id, value, create_user, create_date, modify_user, modify_date) VALUES (30320302, 30, '510.0', 132456, CURRENT, 132456, CURRENT);
INSERT INTO project_info (project_id, project_info_type_id, value, create_user, create_date, modify_user, modify_date) VALUES (30320302, 7, '1.0', 132456, CURRENT, 132456, CURRENT);
INSERT INTO project_info (project_id, project_info_type_id, value, create_user, create_date, modify_user, modify_date) VALUES (30320302, 70, 'de', 132456, CURRENT, 132456, CURRENT);
INSERT INTO prize (prize_id, place, prize_amount, prize_type_id, project_id, number_of_submissions, create_user, create_date, modify_user, modify_date) VALUES (30320304, 1, 1030, 15, 30320302, 1, 132456, CURRENT, 132456, CURRENT);
INSERT INTO prize (prize_id, place, prize_amount, prize_type_id, project_id, number_of_submissions, create_user, create_date, modify_user, modify_date) VALUES (30320305, 2, 530, 15, 30320302, 1, 132456, CURRENT, 132456, CURRENT);
INSERT INTO prize (prize_id, place, prize_amount, prize_type_id, project_id, number_of_submissions, create_user, create_date, modify_user, modify_date) VALUES (30320306, 3, 130, 15, 30320302, 1, 132456, CURRENT, 132456, CURRENT);
INSERT INTO project_phase (project_phase_id, project_id, phase_type_id, phase_status_id, fixed_start_time, scheduled_start_time, scheduled_end_time, actual_start_time, actual_end_time, duration, create_user, create_date, modify_user, modify_date) VALUES (30320307, 30320302, 1, 3, CURRENT + 44640 UNITS MINUTE, CURRENT + 44640 UNITS MINUTE, CURRENT + 41760 UNITS MINUTE, CURRENT + 44639 UNITS MINUTE, CURRENT + 41760 UNITS MINUTE, 172800000, 132456, CURRENT, 132456, CURRENT);
INSERT INTO project_phase (project_phase_id, project_id, phase_type_id, phase_status_id, fixed_start_time, scheduled_start_time, scheduled_end_time, actual_start_time, actual_end_time, duration, create_user, create_date, modify_user, modify_date) VALUES (30320308, 30320302, 2, 2, null, CURRENT + 44640 UNITS MINUTE, CURRENT + 36000 UNITS MINUTE, CURRENT + 44640 UNITS MINUTE, null, 518400000, 132456, CURRENT, 132456, CURRENT);

INSERT INTO project_studio_specification (project_studio_spec_id, goals, target_audience, branding_guidelines, disliked_design_websites, other_instructions, winning_criteria, submitters_locked_between_rounds, round_one_introduction, round_two_introduction, colors, fonts, layout_and_size, contest_introduction, contest_description, content_requirements, general_feedback, create_user, create_date, modify_user, modify_date) VALUES (30320400, '', '', '', '', '', '', 'f', '', '', '', '', '', '<p>Contest Introduction for Client 30320401 Billing Account 3 Project 2 Print/Presentation Contest 774</p>', '<p>Contest Description for Client 30320401 Billing Account 3 Project 2 Print/Presentation Contest 774</p>', 'null', 'null', 132456, CURRENT, 132456, CURRENT);
INSERT INTO project (project_id, project_status_id, project_category_id, create_user, create_date, modify_user, modify_date, tc_direct_project_id, project_studio_spec_id) VALUES (30320402, 2, 21, 132456, CURRENT, 132456, CURRENT, 30320403, 30320400);
INSERT INTO project_info (project_id, project_info_type_id, value, create_user, create_date, modify_user, modify_date) VALUES (30320402, 6, 'this is studio UPCOMING contest 05', 132456, CURRENT, 132456, CURRENT);
INSERT INTO project_info (project_id, project_info_type_id, value, create_user, create_date, modify_user, modify_date) VALUES (30320402, 26, 'On', 132456, CURRENT, 132456, CURRENT);
INSERT INTO project_info (project_id, project_info_type_id, value, create_user, create_date, modify_user, modify_date) VALUES (30320402, 30, '510.0', 132456, CURRENT, 132456, CURRENT);
INSERT INTO project_info (project_id, project_info_type_id, value, create_user, create_date, modify_user, modify_date) VALUES (30320402, 7, '1.0', 132456, CURRENT, 132456, CURRENT);
INSERT INTO project_info (project_id, project_info_type_id, value, create_user, create_date, modify_user, modify_date) VALUES (30320402, 70, 'ab', 132456, CURRENT, 132456, CURRENT);
INSERT INTO prize (prize_id, place, prize_amount, prize_type_id, project_id, number_of_submissions, create_user, create_date, modify_user, modify_date) VALUES (30320404, 1, 1040, 15, 30320402, 1, 132456, CURRENT, 132456, CURRENT);
INSERT INTO prize (prize_id, place, prize_amount, prize_type_id, project_id, number_of_submissions, create_user, create_date, modify_user, modify_date) VALUES (30320405, 2, 540, 15, 30320402, 1, 132456, CURRENT, 132456, CURRENT);
INSERT INTO prize (prize_id, place, prize_amount, prize_type_id, project_id, number_of_submissions, create_user, create_date, modify_user, modify_date) VALUES (30320406, 3, 140, 15, 30320402, 1, 132456, CURRENT, 132456, CURRENT);
INSERT INTO project_phase (project_phase_id, project_id, phase_type_id, phase_status_id, fixed_start_time, scheduled_start_time, scheduled_end_time, actual_start_time, actual_end_time, duration, create_user, create_date, modify_user, modify_date) VALUES (30320407, 30320402, 1, 3, CURRENT + 44640 UNITS MINUTE, CURRENT + 44640 UNITS MINUTE, CURRENT + 41760 UNITS MINUTE, CURRENT + 44639 UNITS MINUTE, CURRENT + 41760 UNITS MINUTE, 172800000, 132456, CURRENT, 132456, CURRENT);
INSERT INTO project_phase (project_phase_id, project_id, phase_type_id, phase_status_id, fixed_start_time, scheduled_start_time, scheduled_end_time, actual_start_time, actual_end_time, duration, create_user, create_date, modify_user, modify_date) VALUES (30320408, 30320402, 2, 2, null, CURRENT + 44640 UNITS MINUTE, CURRENT + 36000 UNITS MINUTE, CURRENT + 44640 UNITS MINUTE, null, 518400000, 132456, CURRENT, 132456, CURRENT);

INSERT INTO project_studio_specification (project_studio_spec_id, goals, target_audience, branding_guidelines, disliked_design_websites, other_instructions, winning_criteria, submitters_locked_between_rounds, round_one_introduction, round_two_introduction, colors, fonts, layout_and_size, contest_introduction, contest_description, content_requirements, general_feedback, create_user, create_date, modify_user, modify_date) VALUES (30320500, '', '', '', '', '', '', 'f', '', '', '', '', '', '<p>Contest Introduction for Client 30320501 Billing Account 3 Project 2 Print/Presentation Contest 774</p>', '<p>Contest Description for Client 30320501 Billing Account 3 Project 2 Print/Presentation Contest 774</p>', 'null', 'null', 132456, CURRENT, 132456, CURRENT);
INSERT INTO project (project_id, project_status_id, project_category_id, create_user, create_date, modify_user, modify_date, tc_direct_project_id, project_studio_spec_id) VALUES (30320502, 2, 22, 132456, CURRENT, 132456, CURRENT, 30320503, 30320500);
INSERT INTO project_info (project_id, project_info_type_id, value, create_user, create_date, modify_user, modify_date) VALUES (30320502, 6, 'this is studio UPCOMING contest 06', 132456, CURRENT, 132456, CURRENT);
INSERT INTO project_info (project_id, project_info_type_id, value, create_user, create_date, modify_user, modify_date) VALUES (30320502, 26, 'On', 132456, CURRENT, 132456, CURRENT);
INSERT INTO project_info (project_id, project_info_type_id, value, create_user, create_date, modify_user, modify_date) VALUES (30320502, 30, '510.0', 132456, CURRENT, 132456, CURRENT);
INSERT INTO project_info (project_id, project_info_type_id, value, create_user, create_date, modify_user, modify_date) VALUES (30320502, 7, '1.0', 132456, CURRENT, 132456, CURRENT);
INSERT INTO project_info (project_id, project_info_type_id, value, create_user, create_date, modify_user, modify_date) VALUES (30320502, 70, 'bc', 132456, CURRENT, 132456, CURRENT);
INSERT INTO prize (prize_id, place, prize_amount, prize_type_id, project_id, number_of_submissions, create_user, create_date, modify_user, modify_date) VALUES (30320504, 1, 1050, 15, 30320502, 1, 132456, CURRENT, 132456, CURRENT);
INSERT INTO prize (prize_id, place, prize_amount, prize_type_id, project_id, number_of_submissions, create_user, create_date, modify_user, modify_date) VALUES (30320505, 2, 550, 15, 30320502, 1, 132456, CURRENT, 132456, CURRENT);
INSERT INTO prize (prize_id, place, prize_amount, prize_type_id, project_id, number_of_submissions, create_user, create_date, modify_user, modify_date) VALUES (30320506, 3, 150, 15, 30320502, 1, 132456, CURRENT, 132456, CURRENT);
INSERT INTO project_phase (project_phase_id, project_id, phase_type_id, phase_status_id, fixed_start_time, scheduled_start_time, scheduled_end_time, actual_start_time, actual_end_time, duration, create_user, create_date, modify_user, modify_date) VALUES (30320507, 30320502, 1, 3, CURRENT + 44640 UNITS MINUTE, CURRENT + 44640 UNITS MINUTE, CURRENT + 41760 UNITS MINUTE, CURRENT + 44639 UNITS MINUTE, CURRENT + 41760 UNITS MINUTE, 172800000, 132456, CURRENT, 132456, CURRENT);
INSERT INTO project_phase (project_phase_id, project_id, phase_type_id, phase_status_id, fixed_start_time, scheduled_start_time, scheduled_end_time, actual_start_time, actual_end_time, duration, create_user, create_date, modify_user, modify_date) VALUES (30320508, 30320502, 2, 2, null, CURRENT + 44640 UNITS MINUTE, CURRENT + 36000 UNITS MINUTE, CURRENT + 44640 UNITS MINUTE, null, 518400000, 132456, CURRENT, 132456, CURRENT);

INSERT INTO project_studio_specification (project_studio_spec_id, goals, target_audience, branding_guidelines, disliked_design_websites, other_instructions, winning_criteria, submitters_locked_between_rounds, round_one_introduction, round_two_introduction, colors, fonts, layout_and_size, contest_introduction, contest_description, content_requirements, general_feedback, create_user, create_date, modify_user, modify_date) VALUES (30320600, '', '', '', '', '', '', 'f', '', '', '', '', '', '<p>Contest Introduction for Client 30320601 Billing Account 3 Project 2 Print/Presentation Contest 774</p>', '<p>Contest Description for Client 30320601 Billing Account 3 Project 2 Print/Presentation Contest 774</p>', 'null', 'null', 132456, CURRENT, 132456, CURRENT);
INSERT INTO project (project_id, project_status_id, project_category_id, create_user, create_date, modify_user, modify_date, tc_direct_project_id, project_studio_spec_id) VALUES (30320602, 2, 21, 132456, CURRENT, 132456, CURRENT, 30320603, 30320600);
INSERT INTO project_info (project_id, project_info_type_id, value, create_user, create_date, modify_user, modify_date) VALUES (30320602, 6, 'this is studio UPCOMING contest 07', 132456, CURRENT, 132456, CURRENT);
INSERT INTO project_info (project_id, project_info_type_id, value, create_user, create_date, modify_user, modify_date) VALUES (30320602, 26, 'On', 132456, CURRENT, 132456, CURRENT);
INSERT INTO project_info (project_id, project_info_type_id, value, create_user, create_date, modify_user, modify_date) VALUES (30320602, 30, '510.0', 132456, CURRENT, 132456, CURRENT);
INSERT INTO project_info (project_id, project_info_type_id, value, create_user, create_date, modify_user, modify_date) VALUES (30320602, 7, '1.0', 132456, CURRENT, 132456, CURRENT);
INSERT INTO project_info (project_id, project_info_type_id, value, create_user, create_date, modify_user, modify_date) VALUES (30320602, 70, 'cd', 132456, CURRENT, 132456, CURRENT);
INSERT INTO prize (prize_id, place, prize_amount, prize_type_id, project_id, number_of_submissions, create_user, create_date, modify_user, modify_date) VALUES (30320604, 1, 1060, 15, 30320602, 1, 132456, CURRENT, 132456, CURRENT);
INSERT INTO prize (prize_id, place, prize_amount, prize_type_id, project_id, number_of_submissions, create_user, create_date, modify_user, modify_date) VALUES (30320605, 2, 560, 15, 30320602, 1, 132456, CURRENT, 132456, CURRENT);
INSERT INTO prize (prize_id, place, prize_amount, prize_type_id, project_id, number_of_submissions, create_user, create_date, modify_user, modify_date) VALUES (30320606, 3, 160, 15, 30320602, 1, 132456, CURRENT, 132456, CURRENT);
INSERT INTO project_phase (project_phase_id, project_id, phase_type_id, phase_status_id, fixed_start_time, scheduled_start_time, scheduled_end_time, actual_start_time, actual_end_time, duration, create_user, create_date, modify_user, modify_date) VALUES (30320607, 30320602, 1, 3, CURRENT + 44640 UNITS MINUTE, CURRENT + 44640 UNITS MINUTE, CURRENT + 41760 UNITS MINUTE, CURRENT + 44639 UNITS MINUTE, CURRENT + 41760 UNITS MINUTE, 172800000, 132456, CURRENT, 132456, CURRENT);
INSERT INTO project_phase (project_phase_id, project_id, phase_type_id, phase_status_id, fixed_start_time, scheduled_start_time, scheduled_end_time, actual_start_time, actual_end_time, duration, create_user, create_date, modify_user, modify_date) VALUES (30320608, 30320602, 2, 2, null, CURRENT + 44640 UNITS MINUTE, CURRENT + 36000 UNITS MINUTE, CURRENT + 44640 UNITS MINUTE, null, 518400000, 132456, CURRENT, 132456, CURRENT);

INSERT INTO project_studio_specification (project_studio_spec_id, goals, target_audience, branding_guidelines, disliked_design_websites, other_instructions, winning_criteria, submitters_locked_between_rounds, round_one_introduction, round_two_introduction, colors, fonts, layout_and_size, contest_introduction, contest_description, content_requirements, general_feedback, create_user, create_date, modify_user, modify_date) VALUES (30320700, '', '', '', '', '', '', 'f', '', '', '', '', '', '<p>Contest Introduction for Client 30320701 Billing Account 3 Project 2 Print/Presentation Contest 774</p>', '<p>Contest Description for Client 30320701 Billing Account 3 Project 2 Print/Presentation Contest 774</p>', 'null', 'null', 132456, CURRENT, 132456, CURRENT);
INSERT INTO project (project_id, project_status_id, project_category_id, create_user, create_date, modify_user, modify_date, tc_direct_project_id, project_studio_spec_id) VALUES (30320702, 2, 22, 132456, CURRENT, 132456, CURRENT, 30320703, 30320700);
INSERT INTO project_info (project_id, project_info_type_id, value, create_user, create_date, modify_user, modify_date) VALUES (30320702, 6, 'this is studio UPCOMING contest 08', 132456, CURRENT, 132456, CURRENT);
INSERT INTO project_info (project_id, project_info_type_id, value, create_user, create_date, modify_user, modify_date) VALUES (30320702, 26, 'On', 132456, CURRENT, 132456, CURRENT);
INSERT INTO project_info (project_id, project_info_type_id, value, create_user, create_date, modify_user, modify_date) VALUES (30320702, 30, '510.0', 132456, CURRENT, 132456, CURRENT);
INSERT INTO project_info (project_id, project_info_type_id, value, create_user, create_date, modify_user, modify_date) VALUES (30320702, 7, '1.0', 132456, CURRENT, 132456, CURRENT);
INSERT INTO project_info (project_id, project_info_type_id, value, create_user, create_date, modify_user, modify_date) VALUES (30320702, 70, 'de', 132456, CURRENT, 132456, CURRENT);
INSERT INTO prize (prize_id, place, prize_amount, prize_type_id, project_id, number_of_submissions, create_user, create_date, modify_user, modify_date) VALUES (30320704, 1, 1070, 15, 30320702, 1, 132456, CURRENT, 132456, CURRENT);
INSERT INTO prize (prize_id, place, prize_amount, prize_type_id, project_id, number_of_submissions, create_user, create_date, modify_user, modify_date) VALUES (30320705, 2, 570, 15, 30320702, 1, 132456, CURRENT, 132456, CURRENT);
INSERT INTO prize (prize_id, place, prize_amount, prize_type_id, project_id, number_of_submissions, create_user, create_date, modify_user, modify_date) VALUES (30320706, 3, 170, 15, 30320702, 1, 132456, CURRENT, 132456, CURRENT);
INSERT INTO project_phase (project_phase_id, project_id, phase_type_id, phase_status_id, fixed_start_time, scheduled_start_time, scheduled_end_time, actual_start_time, actual_end_time, duration, create_user, create_date, modify_user, modify_date) VALUES (30320707, 30320702, 1, 3, CURRENT + 44640 UNITS MINUTE, CURRENT + 44640 UNITS MINUTE, CURRENT + 41760 UNITS MINUTE, CURRENT + 44639 UNITS MINUTE, CURRENT + 41760 UNITS MINUTE, 172800000, 132456, CURRENT, 132456, CURRENT);
INSERT INTO project_phase (project_phase_id, project_id, phase_type_id, phase_status_id, fixed_start_time, scheduled_start_time, scheduled_end_time, actual_start_time, actual_end_time, duration, create_user, create_date, modify_user, modify_date) VALUES (30320708, 30320702, 2, 2, null, CURRENT + 44640 UNITS MINUTE, CURRENT + 36000 UNITS MINUTE, CURRENT + 44640 UNITS MINUTE, null, 518400000, 132456, CURRENT, 132456, CURRENT);

INSERT INTO project_studio_specification (project_studio_spec_id, goals, target_audience, branding_guidelines, disliked_design_websites, other_instructions, winning_criteria, submitters_locked_between_rounds, round_one_introduction, round_two_introduction, colors, fonts, layout_and_size, contest_introduction, contest_description, content_requirements, general_feedback, create_user, create_date, modify_user, modify_date) VALUES (30320800, '', '', '', '', '', '', 'f', '', '', '', '', '', '<p>Contest Introduction for Client 30320801 Billing Account 3 Project 2 Print/Presentation Contest 774</p>', '<p>Contest Description for Client 30320801 Billing Account 3 Project 2 Print/Presentation Contest 774</p>', 'null', 'null', 132456, CURRENT, 132456, CURRENT);
INSERT INTO project (project_id, project_status_id, project_category_id, create_user, create_date, modify_user, modify_date, tc_direct_project_id, project_studio_spec_id) VALUES (30320802, 2, 21, 132456, CURRENT, 132456, CURRENT, 30320803, 30320800);
INSERT INTO project_info (project_id, project_info_type_id, value, create_user, create_date, modify_user, modify_date) VALUES (30320802, 6, 'this is studio UPCOMING contest 09', 132456, CURRENT, 132456, CURRENT);
INSERT INTO project_info (project_id, project_info_type_id, value, create_user, create_date, modify_user, modify_date) VALUES (30320802, 26, 'On', 132456, CURRENT, 132456, CURRENT);
INSERT INTO project_info (project_id, project_info_type_id, value, create_user, create_date, modify_user, modify_date) VALUES (30320802, 30, '510.0', 132456, CURRENT, 132456, CURRENT);
INSERT INTO project_info (project_id, project_info_type_id, value, create_user, create_date, modify_user, modify_date) VALUES (30320802, 7, '1.0', 132456, CURRENT, 132456, CURRENT);
INSERT INTO project_info (project_id, project_info_type_id, value, create_user, create_date, modify_user, modify_date) VALUES (30320802, 70, 'ab', 132456, CURRENT, 132456, CURRENT);
INSERT INTO prize (prize_id, place, prize_amount, prize_type_id, project_id, number_of_submissions, create_user, create_date, modify_user, modify_date) VALUES (30320804, 1, 1080, 15, 30320802, 1, 132456, CURRENT, 132456, CURRENT);
INSERT INTO prize (prize_id, place, prize_amount, prize_type_id, project_id, number_of_submissions, create_user, create_date, modify_user, modify_date) VALUES (30320805, 2, 580, 15, 30320802, 1, 132456, CURRENT, 132456, CURRENT);
INSERT INTO prize (prize_id, place, prize_amount, prize_type_id, project_id, number_of_submissions, create_user, create_date, modify_user, modify_date) VALUES (30320806, 3, 180, 15, 30320802, 1, 132456, CURRENT, 132456, CURRENT);
INSERT INTO project_phase (project_phase_id, project_id, phase_type_id, phase_status_id, fixed_start_time, scheduled_start_time, scheduled_end_time, actual_start_time, actual_end_time, duration, create_user, create_date, modify_user, modify_date) VALUES (30320807, 30320802, 1, 3, CURRENT + 44640 UNITS MINUTE, CURRENT + 44640 UNITS MINUTE, CURRENT + 41760 UNITS MINUTE, CURRENT + 44639 UNITS MINUTE, CURRENT + 41760 UNITS MINUTE, 172800000, 132456, CURRENT, 132456, CURRENT);
INSERT INTO project_phase (project_phase_id, project_id, phase_type_id, phase_status_id, fixed_start_time, scheduled_start_time, scheduled_end_time, actual_start_time, actual_end_time, duration, create_user, create_date, modify_user, modify_date) VALUES (30320808, 30320802, 2, 2, null, CURRENT + 44640 UNITS MINUTE, CURRENT + 36000 UNITS MINUTE, CURRENT + 44640 UNITS MINUTE, null, 518400000, 132456, CURRENT, 132456, CURRENT);

INSERT INTO project_studio_specification (project_studio_spec_id, goals, target_audience, branding_guidelines, disliked_design_websites, other_instructions, winning_criteria, submitters_locked_between_rounds, round_one_introduction, round_two_introduction, colors, fonts, layout_and_size, contest_introduction, contest_description, content_requirements, general_feedback, create_user, create_date, modify_user, modify_date) VALUES (30320900, '', '', '', '', '', '', 'f', '', '', '', '', '', '<p>Contest Introduction for Client 30320901 Billing Account 3 Project 2 Print/Presentation Contest 774</p>', '<p>Contest Description for Client 30320901 Billing Account 3 Project 2 Print/Presentation Contest 774</p>', 'null', 'null', 132456, CURRENT, 132456, CURRENT);
INSERT INTO project (project_id, project_status_id, project_category_id, create_user, create_date, modify_user, modify_date, tc_direct_project_id, project_studio_spec_id) VALUES (30320902, 2, 22, 132456, CURRENT, 132456, CURRENT, 30320903, 30320900);
INSERT INTO project_info (project_id, project_info_type_id, value, create_user, create_date, modify_user, modify_date) VALUES (30320902, 6, 'this is studio UPCOMING contest 10', 132456, CURRENT, 132456, CURRENT);
INSERT INTO project_info (project_id, project_info_type_id, value, create_user, create_date, modify_user, modify_date) VALUES (30320902, 26, 'On', 132456, CURRENT, 132456, CURRENT);
INSERT INTO project_info (project_id, project_info_type_id, value, create_user, create_date, modify_user, modify_date) VALUES (30320902, 30, '510.0', 132456, CURRENT, 132456, CURRENT);
INSERT INTO project_info (project_id, project_info_type_id, value, create_user, create_date, modify_user, modify_date) VALUES (30320902, 7, '1.0', 132456, CURRENT, 132456, CURRENT);
INSERT INTO project_info (project_id, project_info_type_id, value, create_user, create_date, modify_user, modify_date) VALUES (30320902, 70, 'bc', 132456, CURRENT, 132456, CURRENT);
INSERT INTO prize (prize_id, place, prize_amount, prize_type_id, project_id, number_of_submissions, create_user, create_date, modify_user, modify_date) VALUES (30320904, 1, 1090, 15, 30320902, 1, 132456, CURRENT, 132456, CURRENT);
INSERT INTO prize (prize_id, place, prize_amount, prize_type_id, project_id, number_of_submissions, create_user, create_date, modify_user, modify_date) VALUES (30320905, 2, 590, 15, 30320902, 1, 132456, CURRENT, 132456, CURRENT);
INSERT INTO prize (prize_id, place, prize_amount, prize_type_id, project_id, number_of_submissions, create_user, create_date, modify_user, modify_date) VALUES (30320906, 3, 190, 15, 30320902, 1, 132456, CURRENT, 132456, CURRENT);
INSERT INTO project_phase (project_phase_id, project_id, phase_type_id, phase_status_id, fixed_start_time, scheduled_start_time, scheduled_end_time, actual_start_time, actual_end_time, duration, create_user, create_date, modify_user, modify_date) VALUES (30320907, 30320902, 1, 3, CURRENT + 44640 UNITS MINUTE, CURRENT + 44640 UNITS MINUTE, CURRENT + 41760 UNITS MINUTE, CURRENT + 44639 UNITS MINUTE, CURRENT + 41760 UNITS MINUTE, 172800000, 132456, CURRENT, 132456, CURRENT);
INSERT INTO project_phase (project_phase_id, project_id, phase_type_id, phase_status_id, fixed_start_time, scheduled_start_time, scheduled_end_time, actual_start_time, actual_end_time, duration, create_user, create_date, modify_user, modify_date) VALUES (30320908, 30320902, 2, 2, null, CURRENT + 44640 UNITS MINUTE, CURRENT + 36000 UNITS MINUTE, CURRENT + 44640 UNITS MINUTE, null, 518400000, 132456, CURRENT, 132456, CURRENT);

INSERT INTO project_studio_specification (project_studio_spec_id, goals, target_audience, branding_guidelines, disliked_design_websites, other_instructions, winning_criteria, submitters_locked_between_rounds, round_one_introduction, round_two_introduction, colors, fonts, layout_and_size, contest_introduction, contest_description, content_requirements, general_feedback, create_user, create_date, modify_user, modify_date) VALUES (30321000, '', '', '', '', '', '', 'f', '', '', '', '', '', '<p>Contest Introduction for Client 30321001 Billing Account 3 Project 2 Print/Presentation Contest 774</p>', '<p>Contest Description for Client 30321001 Billing Account 3 Project 2 Print/Presentation Contest 774</p>', 'null', 'null', 132456, CURRENT, 132456, CURRENT);
INSERT INTO project (project_id, project_status_id, project_category_id, create_user, create_date, modify_user, modify_date, tc_direct_project_id, project_studio_spec_id) VALUES (30321002, 2, 21, 132456, CURRENT, 132456, CURRENT, 30321003, 30321000);
INSERT INTO project_info (project_id, project_info_type_id, value, create_user, create_date, modify_user, modify_date) VALUES (30321002, 6, 'this is studio UPCOMING contest 11', 132456, CURRENT, 132456, CURRENT);
INSERT INTO project_info (project_id, project_info_type_id, value, create_user, create_date, modify_user, modify_date) VALUES (30321002, 26, 'On', 132456, CURRENT, 132456, CURRENT);
INSERT INTO project_info (project_id, project_info_type_id, value, create_user, create_date, modify_user, modify_date) VALUES (30321002, 30, '510.0', 132456, CURRENT, 132456, CURRENT);
INSERT INTO project_info (project_id, project_info_type_id, value, create_user, create_date, modify_user, modify_date) VALUES (30321002, 7, '1.0', 132456, CURRENT, 132456, CURRENT);
INSERT INTO project_info (project_id, project_info_type_id, value, create_user, create_date, modify_user, modify_date) VALUES (30321002, 70, 'cd', 132456, CURRENT, 132456, CURRENT);
INSERT INTO prize (prize_id, place, prize_amount, prize_type_id, project_id, number_of_submissions, create_user, create_date, modify_user, modify_date) VALUES (30321004, 1, 1100, 15, 30321002, 1, 132456, CURRENT, 132456, CURRENT);
INSERT INTO prize (prize_id, place, prize_amount, prize_type_id, project_id, number_of_submissions, create_user, create_date, modify_user, modify_date) VALUES (30321005, 2, 600, 15, 30321002, 1, 132456, CURRENT, 132456, CURRENT);
INSERT INTO prize (prize_id, place, prize_amount, prize_type_id, project_id, number_of_submissions, create_user, create_date, modify_user, modify_date) VALUES (30321006, 3, 200, 15, 30321002, 1, 132456, CURRENT, 132456, CURRENT);
INSERT INTO project_phase (project_phase_id, project_id, phase_type_id, phase_status_id, fixed_start_time, scheduled_start_time, scheduled_end_time, actual_start_time, actual_end_time, duration, create_user, create_date, modify_user, modify_date) VALUES (30321007, 30321002, 1, 3, CURRENT + 44640 UNITS MINUTE, CURRENT + 44640 UNITS MINUTE, CURRENT + 41760 UNITS MINUTE, CURRENT + 44639 UNITS MINUTE, CURRENT + 41760 UNITS MINUTE, 172800000, 132456, CURRENT, 132456, CURRENT);
INSERT INTO project_phase (project_phase_id, project_id, phase_type_id, phase_status_id, fixed_start_time, scheduled_start_time, scheduled_end_time, actual_start_time, actual_end_time, duration, create_user, create_date, modify_user, modify_date) VALUES (30321008, 30321002, 2, 2, null, CURRENT + 44640 UNITS MINUTE, CURRENT + 36000 UNITS MINUTE, CURRENT + 44640 UNITS MINUTE, null, 518400000, 132456, CURRENT, 132456, CURRENT);

INSERT INTO project_studio_specification (project_studio_spec_id, goals, target_audience, branding_guidelines, disliked_design_websites, other_instructions, winning_criteria, submitters_locked_between_rounds, round_one_introduction, round_two_introduction, colors, fonts, layout_and_size, contest_introduction, contest_description, content_requirements, general_feedback, create_user, create_date, modify_user, modify_date) VALUES (30321100, '', '', '', '', '', '', 'f', '', '', '', '', '', '<p>Contest Introduction for Client 30321101 Billing Account 3 Project 2 Print/Presentation Contest 774</p>', '<p>Contest Description for Client 30321101 Billing Account 3 Project 2 Print/Presentation Contest 774</p>', 'null', 'null', 132456, CURRENT, 132456, CURRENT);
INSERT INTO project (project_id, project_status_id, project_category_id, create_user, create_date, modify_user, modify_date, tc_direct_project_id, project_studio_spec_id) VALUES (30321102, 2, 22, 132456, CURRENT, 132456, CURRENT, 30321103, 30321100);
INSERT INTO project_info (project_id, project_info_type_id, value, create_user, create_date, modify_user, modify_date) VALUES (30321102, 6, 'this is studio UPCOMING contest 12', 132456, CURRENT, 132456, CURRENT);
INSERT INTO project_info (project_id, project_info_type_id, value, create_user, create_date, modify_user, modify_date) VALUES (30321102, 26, 'On', 132456, CURRENT, 132456, CURRENT);
INSERT INTO project_info (project_id, project_info_type_id, value, create_user, create_date, modify_user, modify_date) VALUES (30321102, 30, '510.0', 132456, CURRENT, 132456, CURRENT);
INSERT INTO project_info (project_id, project_info_type_id, value, create_user, create_date, modify_user, modify_date) VALUES (30321102, 7, '1.0', 132456, CURRENT, 132456, CURRENT);
INSERT INTO project_info (project_id, project_info_type_id, value, create_user, create_date, modify_user, modify_date) VALUES (30321102, 70, 'de', 132456, CURRENT, 132456, CURRENT);
INSERT INTO prize (prize_id, place, prize_amount, prize_type_id, project_id, number_of_submissions, create_user, create_date, modify_user, modify_date) VALUES (30321104, 1, 1110, 15, 30321102, 1, 132456, CURRENT, 132456, CURRENT);
INSERT INTO prize (prize_id, place, prize_amount, prize_type_id, project_id, number_of_submissions, create_user, create_date, modify_user, modify_date) VALUES (30321105, 2, 610, 15, 30321102, 1, 132456, CURRENT, 132456, CURRENT);
INSERT INTO prize (prize_id, place, prize_amount, prize_type_id, project_id, number_of_submissions, create_user, create_date, modify_user, modify_date) VALUES (30321106, 3, 210, 15, 30321102, 1, 132456, CURRENT, 132456, CURRENT);
INSERT INTO project_phase (project_phase_id, project_id, phase_type_id, phase_status_id, fixed_start_time, scheduled_start_time, scheduled_end_time, actual_start_time, actual_end_time, duration, create_user, create_date, modify_user, modify_date) VALUES (30321107, 30321102, 1, 3, CURRENT + 44640 UNITS MINUTE, CURRENT + 44640 UNITS MINUTE, CURRENT + 41760 UNITS MINUTE, CURRENT + 44639 UNITS MINUTE, CURRENT + 41760 UNITS MINUTE, 172800000, 132456, CURRENT, 132456, CURRENT);
INSERT INTO project_phase (project_phase_id, project_id, phase_type_id, phase_status_id, fixed_start_time, scheduled_start_time, scheduled_end_time, actual_start_time, actual_end_time, duration, create_user, create_date, modify_user, modify_date) VALUES (30321108, 30321102, 2, 2, null, CURRENT + 44640 UNITS MINUTE, CURRENT + 36000 UNITS MINUTE, CURRENT + 44640 UNITS MINUTE, null, 518400000, 132456, CURRENT, 132456, CURRENT);

INSERT INTO project_studio_specification (project_studio_spec_id, goals, target_audience, branding_guidelines, disliked_design_websites, other_instructions, winning_criteria, submitters_locked_between_rounds, round_one_introduction, round_two_introduction, colors, fonts, layout_and_size, contest_introduction, contest_description, content_requirements, general_feedback, create_user, create_date, modify_user, modify_date) VALUES (30321200, '', '', '', '', '', '', 'f', '', '', '', '', '', '<p>Contest Introduction for Client 30321201 Billing Account 3 Project 2 Print/Presentation Contest 774</p>', '<p>Contest Description for Client 30321201 Billing Account 3 Project 2 Print/Presentation Contest 774</p>', 'null', 'null', 132456, CURRENT, 132456, CURRENT);
INSERT INTO project (project_id, project_status_id, project_category_id, create_user, create_date, modify_user, modify_date, tc_direct_project_id, project_studio_spec_id) VALUES (30321202, 2, 21, 132456, CURRENT, 132456, CURRENT, 30321203, 30321200);
INSERT INTO project_info (project_id, project_info_type_id, value, create_user, create_date, modify_user, modify_date) VALUES (30321202, 6, 'this is studio UPCOMING contest 13', 132456, CURRENT, 132456, CURRENT);
INSERT INTO project_info (project_id, project_info_type_id, value, create_user, create_date, modify_user, modify_date) VALUES (30321202, 26, 'On', 132456, CURRENT, 132456, CURRENT);
INSERT INTO project_info (project_id, project_info_type_id, value, create_user, create_date, modify_user, modify_date) VALUES (30321202, 30, '510.0', 132456, CURRENT, 132456, CURRENT);
INSERT INTO project_info (project_id, project_info_type_id, value, create_user, create_date, modify_user, modify_date) VALUES (30321202, 7, '1.0', 132456, CURRENT, 132456, CURRENT);
INSERT INTO project_info (project_id, project_info_type_id, value, create_user, create_date, modify_user, modify_date) VALUES (30321202, 70, 'ab', 132456, CURRENT, 132456, CURRENT);
INSERT INTO prize (prize_id, place, prize_amount, prize_type_id, project_id, number_of_submissions, create_user, create_date, modify_user, modify_date) VALUES (30321204, 1, 1120, 15, 30321202, 1, 132456, CURRENT, 132456, CURRENT);
INSERT INTO prize (prize_id, place, prize_amount, prize_type_id, project_id, number_of_submissions, create_user, create_date, modify_user, modify_date) VALUES (30321205, 2, 620, 15, 30321202, 1, 132456, CURRENT, 132456, CURRENT);
INSERT INTO prize (prize_id, place, prize_amount, prize_type_id, project_id, number_of_submissions, create_user, create_date, modify_user, modify_date) VALUES (30321206, 3, 220, 15, 30321202, 1, 132456, CURRENT, 132456, CURRENT);
INSERT INTO project_phase (project_phase_id, project_id, phase_type_id, phase_status_id, fixed_start_time, scheduled_start_time, scheduled_end_time, actual_start_time, actual_end_time, duration, create_user, create_date, modify_user, modify_date) VALUES (30321207, 30321202, 1, 3, CURRENT + 44640 UNITS MINUTE, CURRENT + 44640 UNITS MINUTE, CURRENT + 41760 UNITS MINUTE, CURRENT + 44639 UNITS MINUTE, CURRENT + 41760 UNITS MINUTE, 172800000, 132456, CURRENT, 132456, CURRENT);
INSERT INTO project_phase (project_phase_id, project_id, phase_type_id, phase_status_id, fixed_start_time, scheduled_start_time, scheduled_end_time, actual_start_time, actual_end_time, duration, create_user, create_date, modify_user, modify_date) VALUES (30321208, 30321202, 2, 2, null, CURRENT + 44640 UNITS MINUTE, CURRENT + 36000 UNITS MINUTE, CURRENT + 44640 UNITS MINUTE, null, 518400000, 132456, CURRENT, 132456, CURRENT);

