INSERT INTO project_studio_specification (project_studio_spec_id, goals, target_audience, branding_guidelines, disliked_design_websites, other_instructions, winning_criteria, submitters_locked_between_rounds, round_one_introduction, round_two_introduction, colors, fonts, layout_and_size, contest_introduction, contest_description, content_requirements, general_feedback, create_user, create_date, modify_user, modify_date) VALUES (30322600, '', '', '', '', '', '', 'f', '', '', '', '', '', '<p>Contest Introduction for Client 30322601 Billing Account 3 Project 2 Print/Presentation Contest 774</p>', '<p>Contest Description for Client 30322601 Billing Account 3 Project 2 Print/Presentation Contest 774</p>', 'null', 'null', 132456, CURRENT, 132456, CURRENT);
INSERT INTO project (project_id, project_status_id, project_category_id, create_user, create_date, modify_user, modify_date, tc_direct_project_id, project_studio_spec_id) VALUES (30322602, 2, 21, 132456, CURRENT, 132456, CURRENT, 30322603, 30322600);
INSERT INTO project_info (project_id, project_info_type_id, value, create_user, create_date, modify_user, modify_date) VALUES (30322602, 6, 'this is studio UPCOMING contest 27', 132456, CURRENT, 132456, CURRENT);
INSERT INTO project_info (project_id, project_info_type_id, value, create_user, create_date, modify_user, modify_date) VALUES (30322602, 26, 'On', 132456, CURRENT, 132456, CURRENT);
INSERT INTO project_info (project_id, project_info_type_id, value, create_user, create_date, modify_user, modify_date) VALUES (30322602, 30, '510.0', 132456, CURRENT, 132456, CURRENT);
INSERT INTO project_info (project_id, project_info_type_id, value, create_user, create_date, modify_user, modify_date) VALUES (30322602, 7, '1.0', 132456, CURRENT, 132456, CURRENT);
INSERT INTO project_info (project_id, project_info_type_id, value, create_user, create_date, modify_user, modify_date) VALUES (30322602, 70, 'cd', 132456, CURRENT, 132456, CURRENT);
INSERT INTO prize (prize_id, place, prize_amount, prize_type_id, project_id, number_of_submissions, create_user, create_date, modify_user, modify_date) VALUES (30322604, 1, 1260, 15, 30322602, 1, 132456, CURRENT, 132456, CURRENT);
INSERT INTO prize (prize_id, place, prize_amount, prize_type_id, project_id, number_of_submissions, create_user, create_date, modify_user, modify_date) VALUES (30322605, 2, 760, 15, 30322602, 1, 132456, CURRENT, 132456, CURRENT);
INSERT INTO prize (prize_id, place, prize_amount, prize_type_id, project_id, number_of_submissions, create_user, create_date, modify_user, modify_date) VALUES (30322606, 3, 360, 15, 30322602, 1, 132456, CURRENT, 132456, CURRENT);
INSERT INTO project_phase (project_phase_id, project_id, phase_type_id, phase_status_id, fixed_start_time, scheduled_start_time, scheduled_end_time, actual_start_time, actual_end_time, duration, create_user, create_date, modify_user, modify_date) VALUES (30322607, 30322602, 1, 3, CURRENT + 44640 UNITS MINUTE, CURRENT + 44640 UNITS MINUTE, CURRENT + 41760 UNITS MINUTE, CURRENT + 44639 UNITS MINUTE, CURRENT + 41760 UNITS MINUTE, 172800000, 132456, CURRENT, 132456, CURRENT);
INSERT INTO project_phase (project_phase_id, project_id, phase_type_id, phase_status_id, fixed_start_time, scheduled_start_time, scheduled_end_time, actual_start_time, actual_end_time, duration, create_user, create_date, modify_user, modify_date) VALUES (30322608, 30322602, 2, 2, null, CURRENT + 44640 UNITS MINUTE, CURRENT + 36000 UNITS MINUTE, CURRENT + 44640 UNITS MINUTE, null, 518400000, 132456, CURRENT, 132456, CURRENT);

INSERT INTO project_studio_specification (project_studio_spec_id, goals, target_audience, branding_guidelines, disliked_design_websites, other_instructions, winning_criteria, submitters_locked_between_rounds, round_one_introduction, round_two_introduction, colors, fonts, layout_and_size, contest_introduction, contest_description, content_requirements, general_feedback, create_user, create_date, modify_user, modify_date) VALUES (30322700, '', '', '', '', '', '', 'f', '', '', '', '', '', '<p>Contest Introduction for Client 30322701 Billing Account 3 Project 2 Print/Presentation Contest 774</p>', '<p>Contest Description for Client 30322701 Billing Account 3 Project 2 Print/Presentation Contest 774</p>', 'null', 'null', 132456, CURRENT, 132456, CURRENT);
INSERT INTO project (project_id, project_status_id, project_category_id, create_user, create_date, modify_user, modify_date, tc_direct_project_id, project_studio_spec_id) VALUES (30322702, 2, 22, 132456, CURRENT, 132456, CURRENT, 30322703, 30322700);
INSERT INTO project_info (project_id, project_info_type_id, value, create_user, create_date, modify_user, modify_date) VALUES (30322702, 6, 'this is studio UPCOMING contest 28', 132456, CURRENT, 132456, CURRENT);
INSERT INTO project_info (project_id, project_info_type_id, value, create_user, create_date, modify_user, modify_date) VALUES (30322702, 26, 'On', 132456, CURRENT, 132456, CURRENT);
INSERT INTO project_info (project_id, project_info_type_id, value, create_user, create_date, modify_user, modify_date) VALUES (30322702, 30, '510.0', 132456, CURRENT, 132456, CURRENT);
INSERT INTO project_info (project_id, project_info_type_id, value, create_user, create_date, modify_user, modify_date) VALUES (30322702, 7, '1.0', 132456, CURRENT, 132456, CURRENT);
INSERT INTO project_info (project_id, project_info_type_id, value, create_user, create_date, modify_user, modify_date) VALUES (30322702, 70, 'de', 132456, CURRENT, 132456, CURRENT);
INSERT INTO prize (prize_id, place, prize_amount, prize_type_id, project_id, number_of_submissions, create_user, create_date, modify_user, modify_date) VALUES (30322704, 1, 1270, 15, 30322702, 1, 132456, CURRENT, 132456, CURRENT);
INSERT INTO prize (prize_id, place, prize_amount, prize_type_id, project_id, number_of_submissions, create_user, create_date, modify_user, modify_date) VALUES (30322705, 2, 770, 15, 30322702, 1, 132456, CURRENT, 132456, CURRENT);
INSERT INTO prize (prize_id, place, prize_amount, prize_type_id, project_id, number_of_submissions, create_user, create_date, modify_user, modify_date) VALUES (30322706, 3, 370, 15, 30322702, 1, 132456, CURRENT, 132456, CURRENT);
INSERT INTO project_phase (project_phase_id, project_id, phase_type_id, phase_status_id, fixed_start_time, scheduled_start_time, scheduled_end_time, actual_start_time, actual_end_time, duration, create_user, create_date, modify_user, modify_date) VALUES (30322707, 30322702, 1, 3, CURRENT + 44640 UNITS MINUTE, CURRENT + 44640 UNITS MINUTE, CURRENT + 41760 UNITS MINUTE, CURRENT + 44639 UNITS MINUTE, CURRENT + 41760 UNITS MINUTE, 172800000, 132456, CURRENT, 132456, CURRENT);
INSERT INTO project_phase (project_phase_id, project_id, phase_type_id, phase_status_id, fixed_start_time, scheduled_start_time, scheduled_end_time, actual_start_time, actual_end_time, duration, create_user, create_date, modify_user, modify_date) VALUES (30322708, 30322702, 2, 2, null, CURRENT + 44640 UNITS MINUTE, CURRENT + 36000 UNITS MINUTE, CURRENT + 44640 UNITS MINUTE, null, 518400000, 132456, CURRENT, 132456, CURRENT);

INSERT INTO project_studio_specification (project_studio_spec_id, goals, target_audience, branding_guidelines, disliked_design_websites, other_instructions, winning_criteria, submitters_locked_between_rounds, round_one_introduction, round_two_introduction, colors, fonts, layout_and_size, contest_introduction, contest_description, content_requirements, general_feedback, create_user, create_date, modify_user, modify_date) VALUES (30322800, '', '', '', '', '', '', 'f', '', '', '', '', '', '<p>Contest Introduction for Client 30322801 Billing Account 3 Project 2 Print/Presentation Contest 774</p>', '<p>Contest Description for Client 30322801 Billing Account 3 Project 2 Print/Presentation Contest 774</p>', 'null', 'null', 132456, CURRENT, 132456, CURRENT);
INSERT INTO project (project_id, project_status_id, project_category_id, create_user, create_date, modify_user, modify_date, tc_direct_project_id, project_studio_spec_id) VALUES (30322802, 2, 21, 132456, CURRENT, 132456, CURRENT, 30322803, 30322800);
INSERT INTO project_info (project_id, project_info_type_id, value, create_user, create_date, modify_user, modify_date) VALUES (30322802, 6, 'this is studio UPCOMING contest 29', 132456, CURRENT, 132456, CURRENT);
INSERT INTO project_info (project_id, project_info_type_id, value, create_user, create_date, modify_user, modify_date) VALUES (30322802, 26, 'On', 132456, CURRENT, 132456, CURRENT);
INSERT INTO project_info (project_id, project_info_type_id, value, create_user, create_date, modify_user, modify_date) VALUES (30322802, 30, '510.0', 132456, CURRENT, 132456, CURRENT);
INSERT INTO project_info (project_id, project_info_type_id, value, create_user, create_date, modify_user, modify_date) VALUES (30322802, 7, '1.0', 132456, CURRENT, 132456, CURRENT);
INSERT INTO project_info (project_id, project_info_type_id, value, create_user, create_date, modify_user, modify_date) VALUES (30322802, 70, 'ab', 132456, CURRENT, 132456, CURRENT);
INSERT INTO prize (prize_id, place, prize_amount, prize_type_id, project_id, number_of_submissions, create_user, create_date, modify_user, modify_date) VALUES (30322804, 1, 1280, 15, 30322802, 1, 132456, CURRENT, 132456, CURRENT);
INSERT INTO prize (prize_id, place, prize_amount, prize_type_id, project_id, number_of_submissions, create_user, create_date, modify_user, modify_date) VALUES (30322805, 2, 780, 15, 30322802, 1, 132456, CURRENT, 132456, CURRENT);
INSERT INTO prize (prize_id, place, prize_amount, prize_type_id, project_id, number_of_submissions, create_user, create_date, modify_user, modify_date) VALUES (30322806, 3, 380, 15, 30322802, 1, 132456, CURRENT, 132456, CURRENT);
INSERT INTO project_phase (project_phase_id, project_id, phase_type_id, phase_status_id, fixed_start_time, scheduled_start_time, scheduled_end_time, actual_start_time, actual_end_time, duration, create_user, create_date, modify_user, modify_date) VALUES (30322807, 30322802, 1, 3, CURRENT + 44640 UNITS MINUTE, CURRENT + 44640 UNITS MINUTE, CURRENT + 41760 UNITS MINUTE, CURRENT + 44639 UNITS MINUTE, CURRENT + 41760 UNITS MINUTE, 172800000, 132456, CURRENT, 132456, CURRENT);
INSERT INTO project_phase (project_phase_id, project_id, phase_type_id, phase_status_id, fixed_start_time, scheduled_start_time, scheduled_end_time, actual_start_time, actual_end_time, duration, create_user, create_date, modify_user, modify_date) VALUES (30322808, 30322802, 2, 2, null, CURRENT + 44640 UNITS MINUTE, CURRENT + 36000 UNITS MINUTE, CURRENT + 44640 UNITS MINUTE, null, 518400000, 132456, CURRENT, 132456, CURRENT);

INSERT INTO project_studio_specification (project_studio_spec_id, goals, target_audience, branding_guidelines, disliked_design_websites, other_instructions, winning_criteria, submitters_locked_between_rounds, round_one_introduction, round_two_introduction, colors, fonts, layout_and_size, contest_introduction, contest_description, content_requirements, general_feedback, create_user, create_date, modify_user, modify_date) VALUES (30322900, '', '', '', '', '', '', 'f', '', '', '', '', '', '<p>Contest Introduction for Client 30322901 Billing Account 3 Project 2 Print/Presentation Contest 774</p>', '<p>Contest Description for Client 30322901 Billing Account 3 Project 2 Print/Presentation Contest 774</p>', 'null', 'null', 132456, CURRENT, 132456, CURRENT);
INSERT INTO project (project_id, project_status_id, project_category_id, create_user, create_date, modify_user, modify_date, tc_direct_project_id, project_studio_spec_id) VALUES (30322902, 2, 22, 132456, CURRENT, 132456, CURRENT, 30322903, 30322900);
INSERT INTO project_info (project_id, project_info_type_id, value, create_user, create_date, modify_user, modify_date) VALUES (30322902, 6, 'this is studio UPCOMING contest 30', 132456, CURRENT, 132456, CURRENT);
INSERT INTO project_info (project_id, project_info_type_id, value, create_user, create_date, modify_user, modify_date) VALUES (30322902, 26, 'On', 132456, CURRENT, 132456, CURRENT);
INSERT INTO project_info (project_id, project_info_type_id, value, create_user, create_date, modify_user, modify_date) VALUES (30322902, 30, '510.0', 132456, CURRENT, 132456, CURRENT);
INSERT INTO project_info (project_id, project_info_type_id, value, create_user, create_date, modify_user, modify_date) VALUES (30322902, 7, '1.0', 132456, CURRENT, 132456, CURRENT);
INSERT INTO project_info (project_id, project_info_type_id, value, create_user, create_date, modify_user, modify_date) VALUES (30322902, 70, 'bc', 132456, CURRENT, 132456, CURRENT);
INSERT INTO prize (prize_id, place, prize_amount, prize_type_id, project_id, number_of_submissions, create_user, create_date, modify_user, modify_date) VALUES (30322904, 1, 1290, 15, 30322902, 1, 132456, CURRENT, 132456, CURRENT);
INSERT INTO prize (prize_id, place, prize_amount, prize_type_id, project_id, number_of_submissions, create_user, create_date, modify_user, modify_date) VALUES (30322905, 2, 790, 15, 30322902, 1, 132456, CURRENT, 132456, CURRENT);
INSERT INTO prize (prize_id, place, prize_amount, prize_type_id, project_id, number_of_submissions, create_user, create_date, modify_user, modify_date) VALUES (30322906, 3, 390, 15, 30322902, 1, 132456, CURRENT, 132456, CURRENT);
INSERT INTO project_phase (project_phase_id, project_id, phase_type_id, phase_status_id, fixed_start_time, scheduled_start_time, scheduled_end_time, actual_start_time, actual_end_time, duration, create_user, create_date, modify_user, modify_date) VALUES (30322907, 30322902, 1, 3, CURRENT + 44640 UNITS MINUTE, CURRENT + 44640 UNITS MINUTE, CURRENT + 41760 UNITS MINUTE, CURRENT + 44639 UNITS MINUTE, CURRENT + 41760 UNITS MINUTE, 172800000, 132456, CURRENT, 132456, CURRENT);
INSERT INTO project_phase (project_phase_id, project_id, phase_type_id, phase_status_id, fixed_start_time, scheduled_start_time, scheduled_end_time, actual_start_time, actual_end_time, duration, create_user, create_date, modify_user, modify_date) VALUES (30322908, 30322902, 2, 2, null, CURRENT + 44640 UNITS MINUTE, CURRENT + 36000 UNITS MINUTE, CURRENT + 44640 UNITS MINUTE, null, 518400000, 132456, CURRENT, 132456, CURRENT);

INSERT INTO project_studio_specification (project_studio_spec_id, goals, target_audience, branding_guidelines, disliked_design_websites, other_instructions, winning_criteria, submitters_locked_between_rounds, round_one_introduction, round_two_introduction, colors, fonts, layout_and_size, contest_introduction, contest_description, content_requirements, general_feedback, create_user, create_date, modify_user, modify_date) VALUES (30323000, '', '', '', '', '', '', 'f', '', '', '', '', '', '<p>Contest Introduction for Client 30323001 Billing Account 3 Project 2 Print/Presentation Contest 774</p>', '<p>Contest Description for Client 30323001 Billing Account 3 Project 2 Print/Presentation Contest 774</p>', 'null', 'null', 132456, CURRENT, 132456, CURRENT);
INSERT INTO project (project_id, project_status_id, project_category_id, create_user, create_date, modify_user, modify_date, tc_direct_project_id, project_studio_spec_id) VALUES (30323002, 2, 21, 132456, CURRENT, 132456, CURRENT, 30323003, 30323000);
INSERT INTO project_info (project_id, project_info_type_id, value, create_user, create_date, modify_user, modify_date) VALUES (30323002, 6, 'this is studio UPCOMING contest 31', 132456, CURRENT, 132456, CURRENT);
INSERT INTO project_info (project_id, project_info_type_id, value, create_user, create_date, modify_user, modify_date) VALUES (30323002, 26, 'On', 132456, CURRENT, 132456, CURRENT);
INSERT INTO project_info (project_id, project_info_type_id, value, create_user, create_date, modify_user, modify_date) VALUES (30323002, 30, '510.0', 132456, CURRENT, 132456, CURRENT);
INSERT INTO project_info (project_id, project_info_type_id, value, create_user, create_date, modify_user, modify_date) VALUES (30323002, 7, '1.0', 132456, CURRENT, 132456, CURRENT);
INSERT INTO project_info (project_id, project_info_type_id, value, create_user, create_date, modify_user, modify_date) VALUES (30323002, 70, 'cd', 132456, CURRENT, 132456, CURRENT);
INSERT INTO prize (prize_id, place, prize_amount, prize_type_id, project_id, number_of_submissions, create_user, create_date, modify_user, modify_date) VALUES (30323004, 1, 1300, 15, 30323002, 1, 132456, CURRENT, 132456, CURRENT);
INSERT INTO prize (prize_id, place, prize_amount, prize_type_id, project_id, number_of_submissions, create_user, create_date, modify_user, modify_date) VALUES (30323005, 2, 800, 15, 30323002, 1, 132456, CURRENT, 132456, CURRENT);
INSERT INTO prize (prize_id, place, prize_amount, prize_type_id, project_id, number_of_submissions, create_user, create_date, modify_user, modify_date) VALUES (30323006, 3, 400, 15, 30323002, 1, 132456, CURRENT, 132456, CURRENT);
INSERT INTO project_phase (project_phase_id, project_id, phase_type_id, phase_status_id, fixed_start_time, scheduled_start_time, scheduled_end_time, actual_start_time, actual_end_time, duration, create_user, create_date, modify_user, modify_date) VALUES (30323007, 30323002, 1, 3, CURRENT + 44640 UNITS MINUTE, CURRENT + 44640 UNITS MINUTE, CURRENT + 41760 UNITS MINUTE, CURRENT + 44639 UNITS MINUTE, CURRENT + 41760 UNITS MINUTE, 172800000, 132456, CURRENT, 132456, CURRENT);
INSERT INTO project_phase (project_phase_id, project_id, phase_type_id, phase_status_id, fixed_start_time, scheduled_start_time, scheduled_end_time, actual_start_time, actual_end_time, duration, create_user, create_date, modify_user, modify_date) VALUES (30323008, 30323002, 2, 2, null, CURRENT + 44640 UNITS MINUTE, CURRENT + 36000 UNITS MINUTE, CURRENT + 44640 UNITS MINUTE, null, 518400000, 132456, CURRENT, 132456, CURRENT);

INSERT INTO project_studio_specification (project_studio_spec_id, goals, target_audience, branding_guidelines, disliked_design_websites, other_instructions, winning_criteria, submitters_locked_between_rounds, round_one_introduction, round_two_introduction, colors, fonts, layout_and_size, contest_introduction, contest_description, content_requirements, general_feedback, create_user, create_date, modify_user, modify_date) VALUES (30323100, '', '', '', '', '', '', 'f', '', '', '', '', '', '<p>Contest Introduction for Client 30323101 Billing Account 3 Project 2 Print/Presentation Contest 774</p>', '<p>Contest Description for Client 30323101 Billing Account 3 Project 2 Print/Presentation Contest 774</p>', 'null', 'null', 132456, CURRENT, 132456, CURRENT);
INSERT INTO project (project_id, project_status_id, project_category_id, create_user, create_date, modify_user, modify_date, tc_direct_project_id, project_studio_spec_id) VALUES (30323102, 2, 22, 132456, CURRENT, 132456, CURRENT, 30323103, 30323100);
INSERT INTO project_info (project_id, project_info_type_id, value, create_user, create_date, modify_user, modify_date) VALUES (30323102, 6, 'this is studio UPCOMING contest 32', 132456, CURRENT, 132456, CURRENT);
INSERT INTO project_info (project_id, project_info_type_id, value, create_user, create_date, modify_user, modify_date) VALUES (30323102, 26, 'On', 132456, CURRENT, 132456, CURRENT);
INSERT INTO project_info (project_id, project_info_type_id, value, create_user, create_date, modify_user, modify_date) VALUES (30323102, 30, '510.0', 132456, CURRENT, 132456, CURRENT);
INSERT INTO project_info (project_id, project_info_type_id, value, create_user, create_date, modify_user, modify_date) VALUES (30323102, 7, '1.0', 132456, CURRENT, 132456, CURRENT);
INSERT INTO project_info (project_id, project_info_type_id, value, create_user, create_date, modify_user, modify_date) VALUES (30323102, 70, 'de', 132456, CURRENT, 132456, CURRENT);
INSERT INTO prize (prize_id, place, prize_amount, prize_type_id, project_id, number_of_submissions, create_user, create_date, modify_user, modify_date) VALUES (30323104, 1, 1310, 15, 30323102, 1, 132456, CURRENT, 132456, CURRENT);
INSERT INTO prize (prize_id, place, prize_amount, prize_type_id, project_id, number_of_submissions, create_user, create_date, modify_user, modify_date) VALUES (30323105, 2, 810, 15, 30323102, 1, 132456, CURRENT, 132456, CURRENT);
INSERT INTO prize (prize_id, place, prize_amount, prize_type_id, project_id, number_of_submissions, create_user, create_date, modify_user, modify_date) VALUES (30323106, 3, 410, 15, 30323102, 1, 132456, CURRENT, 132456, CURRENT);
INSERT INTO project_phase (project_phase_id, project_id, phase_type_id, phase_status_id, fixed_start_time, scheduled_start_time, scheduled_end_time, actual_start_time, actual_end_time, duration, create_user, create_date, modify_user, modify_date) VALUES (30323107, 30323102, 1, 3, CURRENT + 44640 UNITS MINUTE, CURRENT + 44640 UNITS MINUTE, CURRENT + 41760 UNITS MINUTE, CURRENT + 44639 UNITS MINUTE, CURRENT + 41760 UNITS MINUTE, 172800000, 132456, CURRENT, 132456, CURRENT);
INSERT INTO project_phase (project_phase_id, project_id, phase_type_id, phase_status_id, fixed_start_time, scheduled_start_time, scheduled_end_time, actual_start_time, actual_end_time, duration, create_user, create_date, modify_user, modify_date) VALUES (30323108, 30323102, 2, 2, null, CURRENT + 44640 UNITS MINUTE, CURRENT + 36000 UNITS MINUTE, CURRENT + 44640 UNITS MINUTE, null, 518400000, 132456, CURRENT, 132456, CURRENT);

INSERT INTO project_studio_specification (project_studio_spec_id, goals, target_audience, branding_guidelines, disliked_design_websites, other_instructions, winning_criteria, submitters_locked_between_rounds, round_one_introduction, round_two_introduction, colors, fonts, layout_and_size, contest_introduction, contest_description, content_requirements, general_feedback, create_user, create_date, modify_user, modify_date) VALUES (30323200, '', '', '', '', '', '', 'f', '', '', '', '', '', '<p>Contest Introduction for Client 30323201 Billing Account 3 Project 2 Print/Presentation Contest 774</p>', '<p>Contest Description for Client 30323201 Billing Account 3 Project 2 Print/Presentation Contest 774</p>', 'null', 'null', 132456, CURRENT, 132456, CURRENT);
INSERT INTO project (project_id, project_status_id, project_category_id, create_user, create_date, modify_user, modify_date, tc_direct_project_id, project_studio_spec_id) VALUES (30323202, 2, 21, 132456, CURRENT, 132456, CURRENT, 30323203, 30323200);
INSERT INTO project_info (project_id, project_info_type_id, value, create_user, create_date, modify_user, modify_date) VALUES (30323202, 6, 'this is studio UPCOMING contest 33', 132456, CURRENT, 132456, CURRENT);
INSERT INTO project_info (project_id, project_info_type_id, value, create_user, create_date, modify_user, modify_date) VALUES (30323202, 26, 'On', 132456, CURRENT, 132456, CURRENT);
INSERT INTO project_info (project_id, project_info_type_id, value, create_user, create_date, modify_user, modify_date) VALUES (30323202, 30, '510.0', 132456, CURRENT, 132456, CURRENT);
INSERT INTO project_info (project_id, project_info_type_id, value, create_user, create_date, modify_user, modify_date) VALUES (30323202, 7, '1.0', 132456, CURRENT, 132456, CURRENT);
INSERT INTO project_info (project_id, project_info_type_id, value, create_user, create_date, modify_user, modify_date) VALUES (30323202, 70, 'ab', 132456, CURRENT, 132456, CURRENT);
INSERT INTO prize (prize_id, place, prize_amount, prize_type_id, project_id, number_of_submissions, create_user, create_date, modify_user, modify_date) VALUES (30323204, 1, 1320, 15, 30323202, 1, 132456, CURRENT, 132456, CURRENT);
INSERT INTO prize (prize_id, place, prize_amount, prize_type_id, project_id, number_of_submissions, create_user, create_date, modify_user, modify_date) VALUES (30323205, 2, 820, 15, 30323202, 1, 132456, CURRENT, 132456, CURRENT);
INSERT INTO prize (prize_id, place, prize_amount, prize_type_id, project_id, number_of_submissions, create_user, create_date, modify_user, modify_date) VALUES (30323206, 3, 420, 15, 30323202, 1, 132456, CURRENT, 132456, CURRENT);
INSERT INTO project_phase (project_phase_id, project_id, phase_type_id, phase_status_id, fixed_start_time, scheduled_start_time, scheduled_end_time, actual_start_time, actual_end_time, duration, create_user, create_date, modify_user, modify_date) VALUES (30323207, 30323202, 1, 3, CURRENT + 44640 UNITS MINUTE, CURRENT + 44640 UNITS MINUTE, CURRENT + 41760 UNITS MINUTE, CURRENT + 44639 UNITS MINUTE, CURRENT + 41760 UNITS MINUTE, 172800000, 132456, CURRENT, 132456, CURRENT);
INSERT INTO project_phase (project_phase_id, project_id, phase_type_id, phase_status_id, fixed_start_time, scheduled_start_time, scheduled_end_time, actual_start_time, actual_end_time, duration, create_user, create_date, modify_user, modify_date) VALUES (30323208, 30323202, 2, 2, null, CURRENT + 44640 UNITS MINUTE, CURRENT + 36000 UNITS MINUTE, CURRENT + 44640 UNITS MINUTE, null, 518400000, 132456, CURRENT, 132456, CURRENT);

INSERT INTO project_studio_specification (project_studio_spec_id, goals, target_audience, branding_guidelines, disliked_design_websites, other_instructions, winning_criteria, submitters_locked_between_rounds, round_one_introduction, round_two_introduction, colors, fonts, layout_and_size, contest_introduction, contest_description, content_requirements, general_feedback, create_user, create_date, modify_user, modify_date) VALUES (30323300, '', '', '', '', '', '', 'f', '', '', '', '', '', '<p>Contest Introduction for Client 30323301 Billing Account 3 Project 2 Print/Presentation Contest 774</p>', '<p>Contest Description for Client 30323301 Billing Account 3 Project 2 Print/Presentation Contest 774</p>', 'null', 'null', 132456, CURRENT, 132456, CURRENT);
INSERT INTO project (project_id, project_status_id, project_category_id, create_user, create_date, modify_user, modify_date, tc_direct_project_id, project_studio_spec_id) VALUES (30323302, 2, 22, 132456, CURRENT, 132456, CURRENT, 30323303, 30323300);
INSERT INTO project_info (project_id, project_info_type_id, value, create_user, create_date, modify_user, modify_date) VALUES (30323302, 6, 'this is studio UPCOMING contest 34', 132456, CURRENT, 132456, CURRENT);
INSERT INTO project_info (project_id, project_info_type_id, value, create_user, create_date, modify_user, modify_date) VALUES (30323302, 26, 'On', 132456, CURRENT, 132456, CURRENT);
INSERT INTO project_info (project_id, project_info_type_id, value, create_user, create_date, modify_user, modify_date) VALUES (30323302, 30, '510.0', 132456, CURRENT, 132456, CURRENT);
INSERT INTO project_info (project_id, project_info_type_id, value, create_user, create_date, modify_user, modify_date) VALUES (30323302, 7, '1.0', 132456, CURRENT, 132456, CURRENT);
INSERT INTO project_info (project_id, project_info_type_id, value, create_user, create_date, modify_user, modify_date) VALUES (30323302, 70, 'bc', 132456, CURRENT, 132456, CURRENT);
INSERT INTO prize (prize_id, place, prize_amount, prize_type_id, project_id, number_of_submissions, create_user, create_date, modify_user, modify_date) VALUES (30323304, 1, 1330, 15, 30323302, 1, 132456, CURRENT, 132456, CURRENT);
INSERT INTO prize (prize_id, place, prize_amount, prize_type_id, project_id, number_of_submissions, create_user, create_date, modify_user, modify_date) VALUES (30323305, 2, 830, 15, 30323302, 1, 132456, CURRENT, 132456, CURRENT);
INSERT INTO prize (prize_id, place, prize_amount, prize_type_id, project_id, number_of_submissions, create_user, create_date, modify_user, modify_date) VALUES (30323306, 3, 430, 15, 30323302, 1, 132456, CURRENT, 132456, CURRENT);
INSERT INTO project_phase (project_phase_id, project_id, phase_type_id, phase_status_id, fixed_start_time, scheduled_start_time, scheduled_end_time, actual_start_time, actual_end_time, duration, create_user, create_date, modify_user, modify_date) VALUES (30323307, 30323302, 1, 3, CURRENT + 44640 UNITS MINUTE, CURRENT + 44640 UNITS MINUTE, CURRENT + 41760 UNITS MINUTE, CURRENT + 44639 UNITS MINUTE, CURRENT + 41760 UNITS MINUTE, 172800000, 132456, CURRENT, 132456, CURRENT);
INSERT INTO project_phase (project_phase_id, project_id, phase_type_id, phase_status_id, fixed_start_time, scheduled_start_time, scheduled_end_time, actual_start_time, actual_end_time, duration, create_user, create_date, modify_user, modify_date) VALUES (30323308, 30323302, 2, 2, null, CURRENT + 44640 UNITS MINUTE, CURRENT + 36000 UNITS MINUTE, CURRENT + 44640 UNITS MINUTE, null, 518400000, 132456, CURRENT, 132456, CURRENT);

INSERT INTO project_studio_specification (project_studio_spec_id, goals, target_audience, branding_guidelines, disliked_design_websites, other_instructions, winning_criteria, submitters_locked_between_rounds, round_one_introduction, round_two_introduction, colors, fonts, layout_and_size, contest_introduction, contest_description, content_requirements, general_feedback, create_user, create_date, modify_user, modify_date) VALUES (30323400, '', '', '', '', '', '', 'f', '', '', '', '', '', '<p>Contest Introduction for Client 30323401 Billing Account 3 Project 2 Print/Presentation Contest 774</p>', '<p>Contest Description for Client 30323401 Billing Account 3 Project 2 Print/Presentation Contest 774</p>', 'null', 'null', 132456, CURRENT, 132456, CURRENT);
INSERT INTO project (project_id, project_status_id, project_category_id, create_user, create_date, modify_user, modify_date, tc_direct_project_id, project_studio_spec_id) VALUES (30323402, 2, 21, 132456, CURRENT, 132456, CURRENT, 30323403, 30323400);
INSERT INTO project_info (project_id, project_info_type_id, value, create_user, create_date, modify_user, modify_date) VALUES (30323402, 6, 'this is studio UPCOMING contest 35', 132456, CURRENT, 132456, CURRENT);
INSERT INTO project_info (project_id, project_info_type_id, value, create_user, create_date, modify_user, modify_date) VALUES (30323402, 26, 'On', 132456, CURRENT, 132456, CURRENT);
INSERT INTO project_info (project_id, project_info_type_id, value, create_user, create_date, modify_user, modify_date) VALUES (30323402, 30, '510.0', 132456, CURRENT, 132456, CURRENT);
INSERT INTO project_info (project_id, project_info_type_id, value, create_user, create_date, modify_user, modify_date) VALUES (30323402, 7, '1.0', 132456, CURRENT, 132456, CURRENT);
INSERT INTO project_info (project_id, project_info_type_id, value, create_user, create_date, modify_user, modify_date) VALUES (30323402, 70, 'cd', 132456, CURRENT, 132456, CURRENT);
INSERT INTO prize (prize_id, place, prize_amount, prize_type_id, project_id, number_of_submissions, create_user, create_date, modify_user, modify_date) VALUES (30323404, 1, 1340, 15, 30323402, 1, 132456, CURRENT, 132456, CURRENT);
INSERT INTO prize (prize_id, place, prize_amount, prize_type_id, project_id, number_of_submissions, create_user, create_date, modify_user, modify_date) VALUES (30323405, 2, 840, 15, 30323402, 1, 132456, CURRENT, 132456, CURRENT);
INSERT INTO prize (prize_id, place, prize_amount, prize_type_id, project_id, number_of_submissions, create_user, create_date, modify_user, modify_date) VALUES (30323406, 3, 440, 15, 30323402, 1, 132456, CURRENT, 132456, CURRENT);
INSERT INTO project_phase (project_phase_id, project_id, phase_type_id, phase_status_id, fixed_start_time, scheduled_start_time, scheduled_end_time, actual_start_time, actual_end_time, duration, create_user, create_date, modify_user, modify_date) VALUES (30323407, 30323402, 1, 3, CURRENT + 44640 UNITS MINUTE, CURRENT + 44640 UNITS MINUTE, CURRENT + 41760 UNITS MINUTE, CURRENT + 44639 UNITS MINUTE, CURRENT + 41760 UNITS MINUTE, 172800000, 132456, CURRENT, 132456, CURRENT);
INSERT INTO project_phase (project_phase_id, project_id, phase_type_id, phase_status_id, fixed_start_time, scheduled_start_time, scheduled_end_time, actual_start_time, actual_end_time, duration, create_user, create_date, modify_user, modify_date) VALUES (30323408, 30323402, 2, 2, null, CURRENT + 44640 UNITS MINUTE, CURRENT + 36000 UNITS MINUTE, CURRENT + 44640 UNITS MINUTE, null, 518400000, 132456, CURRENT, 132456, CURRENT);

INSERT INTO project_studio_specification (project_studio_spec_id, goals, target_audience, branding_guidelines, disliked_design_websites, other_instructions, winning_criteria, submitters_locked_between_rounds, round_one_introduction, round_two_introduction, colors, fonts, layout_and_size, contest_introduction, contest_description, content_requirements, general_feedback, create_user, create_date, modify_user, modify_date) VALUES (30323500, '', '', '', '', '', '', 'f', '', '', '', '', '', '<p>Contest Introduction for Client 30323501 Billing Account 3 Project 2 Print/Presentation Contest 774</p>', '<p>Contest Description for Client 30323501 Billing Account 3 Project 2 Print/Presentation Contest 774</p>', 'null', 'null', 132456, CURRENT, 132456, CURRENT);
INSERT INTO project (project_id, project_status_id, project_category_id, create_user, create_date, modify_user, modify_date, tc_direct_project_id, project_studio_spec_id) VALUES (30323502, 2, 22, 132456, CURRENT, 132456, CURRENT, 30323503, 30323500);
INSERT INTO project_info (project_id, project_info_type_id, value, create_user, create_date, modify_user, modify_date) VALUES (30323502, 6, 'this is studio UPCOMING contest 36', 132456, CURRENT, 132456, CURRENT);
INSERT INTO project_info (project_id, project_info_type_id, value, create_user, create_date, modify_user, modify_date) VALUES (30323502, 26, 'On', 132456, CURRENT, 132456, CURRENT);
INSERT INTO project_info (project_id, project_info_type_id, value, create_user, create_date, modify_user, modify_date) VALUES (30323502, 30, '510.0', 132456, CURRENT, 132456, CURRENT);
INSERT INTO project_info (project_id, project_info_type_id, value, create_user, create_date, modify_user, modify_date) VALUES (30323502, 7, '1.0', 132456, CURRENT, 132456, CURRENT);
INSERT INTO project_info (project_id, project_info_type_id, value, create_user, create_date, modify_user, modify_date) VALUES (30323502, 70, 'de', 132456, CURRENT, 132456, CURRENT);
INSERT INTO prize (prize_id, place, prize_amount, prize_type_id, project_id, number_of_submissions, create_user, create_date, modify_user, modify_date) VALUES (30323504, 1, 1350, 15, 30323502, 1, 132456, CURRENT, 132456, CURRENT);
INSERT INTO prize (prize_id, place, prize_amount, prize_type_id, project_id, number_of_submissions, create_user, create_date, modify_user, modify_date) VALUES (30323505, 2, 850, 15, 30323502, 1, 132456, CURRENT, 132456, CURRENT);
INSERT INTO prize (prize_id, place, prize_amount, prize_type_id, project_id, number_of_submissions, create_user, create_date, modify_user, modify_date) VALUES (30323506, 3, 450, 15, 30323502, 1, 132456, CURRENT, 132456, CURRENT);
INSERT INTO project_phase (project_phase_id, project_id, phase_type_id, phase_status_id, fixed_start_time, scheduled_start_time, scheduled_end_time, actual_start_time, actual_end_time, duration, create_user, create_date, modify_user, modify_date) VALUES (30323507, 30323502, 1, 3, CURRENT + 44640 UNITS MINUTE, CURRENT + 44640 UNITS MINUTE, CURRENT + 41760 UNITS MINUTE, CURRENT + 44639 UNITS MINUTE, CURRENT + 41760 UNITS MINUTE, 172800000, 132456, CURRENT, 132456, CURRENT);
INSERT INTO project_phase (project_phase_id, project_id, phase_type_id, phase_status_id, fixed_start_time, scheduled_start_time, scheduled_end_time, actual_start_time, actual_end_time, duration, create_user, create_date, modify_user, modify_date) VALUES (30323508, 30323502, 2, 2, null, CURRENT + 44640 UNITS MINUTE, CURRENT + 36000 UNITS MINUTE, CURRENT + 44640 UNITS MINUTE, null, 518400000, 132456, CURRENT, 132456, CURRENT);

INSERT INTO project_studio_specification (project_studio_spec_id, goals, target_audience, branding_guidelines, disliked_design_websites, other_instructions, winning_criteria, submitters_locked_between_rounds, round_one_introduction, round_two_introduction, colors, fonts, layout_and_size, contest_introduction, contest_description, content_requirements, general_feedback, create_user, create_date, modify_user, modify_date) VALUES (30323600, '', '', '', '', '', '', 'f', '', '', '', '', '', '<p>Contest Introduction for Client 30323601 Billing Account 3 Project 2 Print/Presentation Contest 774</p>', '<p>Contest Description for Client 30323601 Billing Account 3 Project 2 Print/Presentation Contest 774</p>', 'null', 'null', 132456, CURRENT, 132456, CURRENT);
INSERT INTO project (project_id, project_status_id, project_category_id, create_user, create_date, modify_user, modify_date, tc_direct_project_id, project_studio_spec_id) VALUES (30323602, 2, 21, 132456, CURRENT, 132456, CURRENT, 30323603, 30323600);
INSERT INTO project_info (project_id, project_info_type_id, value, create_user, create_date, modify_user, modify_date) VALUES (30323602, 6, 'this is studio UPCOMING contest 37', 132456, CURRENT, 132456, CURRENT);
INSERT INTO project_info (project_id, project_info_type_id, value, create_user, create_date, modify_user, modify_date) VALUES (30323602, 26, 'On', 132456, CURRENT, 132456, CURRENT);
INSERT INTO project_info (project_id, project_info_type_id, value, create_user, create_date, modify_user, modify_date) VALUES (30323602, 30, '510.0', 132456, CURRENT, 132456, CURRENT);
INSERT INTO project_info (project_id, project_info_type_id, value, create_user, create_date, modify_user, modify_date) VALUES (30323602, 7, '1.0', 132456, CURRENT, 132456, CURRENT);
INSERT INTO project_info (project_id, project_info_type_id, value, create_user, create_date, modify_user, modify_date) VALUES (30323602, 70, 'ab', 132456, CURRENT, 132456, CURRENT);
INSERT INTO prize (prize_id, place, prize_amount, prize_type_id, project_id, number_of_submissions, create_user, create_date, modify_user, modify_date) VALUES (30323604, 1, 1360, 15, 30323602, 1, 132456, CURRENT, 132456, CURRENT);
INSERT INTO prize (prize_id, place, prize_amount, prize_type_id, project_id, number_of_submissions, create_user, create_date, modify_user, modify_date) VALUES (30323605, 2, 860, 15, 30323602, 1, 132456, CURRENT, 132456, CURRENT);
INSERT INTO prize (prize_id, place, prize_amount, prize_type_id, project_id, number_of_submissions, create_user, create_date, modify_user, modify_date) VALUES (30323606, 3, 460, 15, 30323602, 1, 132456, CURRENT, 132456, CURRENT);
INSERT INTO project_phase (project_phase_id, project_id, phase_type_id, phase_status_id, fixed_start_time, scheduled_start_time, scheduled_end_time, actual_start_time, actual_end_time, duration, create_user, create_date, modify_user, modify_date) VALUES (30323607, 30323602, 1, 3, CURRENT + 44640 UNITS MINUTE, CURRENT + 44640 UNITS MINUTE, CURRENT + 41760 UNITS MINUTE, CURRENT + 44639 UNITS MINUTE, CURRENT + 41760 UNITS MINUTE, 172800000, 132456, CURRENT, 132456, CURRENT);
INSERT INTO project_phase (project_phase_id, project_id, phase_type_id, phase_status_id, fixed_start_time, scheduled_start_time, scheduled_end_time, actual_start_time, actual_end_time, duration, create_user, create_date, modify_user, modify_date) VALUES (30323608, 30323602, 2, 2, null, CURRENT + 44640 UNITS MINUTE, CURRENT + 36000 UNITS MINUTE, CURRENT + 44640 UNITS MINUTE, null, 518400000, 132456, CURRENT, 132456, CURRENT);

INSERT INTO project_studio_specification (project_studio_spec_id, goals, target_audience, branding_guidelines, disliked_design_websites, other_instructions, winning_criteria, submitters_locked_between_rounds, round_one_introduction, round_two_introduction, colors, fonts, layout_and_size, contest_introduction, contest_description, content_requirements, general_feedback, create_user, create_date, modify_user, modify_date) VALUES (30323700, '', '', '', '', '', '', 'f', '', '', '', '', '', '<p>Contest Introduction for Client 30323701 Billing Account 3 Project 2 Print/Presentation Contest 774</p>', '<p>Contest Description for Client 30323701 Billing Account 3 Project 2 Print/Presentation Contest 774</p>', 'null', 'null', 132456, CURRENT, 132456, CURRENT);
INSERT INTO project (project_id, project_status_id, project_category_id, create_user, create_date, modify_user, modify_date, tc_direct_project_id, project_studio_spec_id) VALUES (30323702, 2, 22, 132456, CURRENT, 132456, CURRENT, 30323703, 30323700);
INSERT INTO project_info (project_id, project_info_type_id, value, create_user, create_date, modify_user, modify_date) VALUES (30323702, 6, 'this is studio UPCOMING contest 38', 132456, CURRENT, 132456, CURRENT);
INSERT INTO project_info (project_id, project_info_type_id, value, create_user, create_date, modify_user, modify_date) VALUES (30323702, 26, 'On', 132456, CURRENT, 132456, CURRENT);
INSERT INTO project_info (project_id, project_info_type_id, value, create_user, create_date, modify_user, modify_date) VALUES (30323702, 30, '510.0', 132456, CURRENT, 132456, CURRENT);
INSERT INTO project_info (project_id, project_info_type_id, value, create_user, create_date, modify_user, modify_date) VALUES (30323702, 7, '1.0', 132456, CURRENT, 132456, CURRENT);
INSERT INTO project_info (project_id, project_info_type_id, value, create_user, create_date, modify_user, modify_date) VALUES (30323702, 70, 'bc', 132456, CURRENT, 132456, CURRENT);
INSERT INTO prize (prize_id, place, prize_amount, prize_type_id, project_id, number_of_submissions, create_user, create_date, modify_user, modify_date) VALUES (30323704, 1, 1370, 15, 30323702, 1, 132456, CURRENT, 132456, CURRENT);
INSERT INTO prize (prize_id, place, prize_amount, prize_type_id, project_id, number_of_submissions, create_user, create_date, modify_user, modify_date) VALUES (30323705, 2, 870, 15, 30323702, 1, 132456, CURRENT, 132456, CURRENT);
INSERT INTO prize (prize_id, place, prize_amount, prize_type_id, project_id, number_of_submissions, create_user, create_date, modify_user, modify_date) VALUES (30323706, 3, 470, 15, 30323702, 1, 132456, CURRENT, 132456, CURRENT);
INSERT INTO project_phase (project_phase_id, project_id, phase_type_id, phase_status_id, fixed_start_time, scheduled_start_time, scheduled_end_time, actual_start_time, actual_end_time, duration, create_user, create_date, modify_user, modify_date) VALUES (30323707, 30323702, 1, 3, CURRENT + 44640 UNITS MINUTE, CURRENT + 44640 UNITS MINUTE, CURRENT + 41760 UNITS MINUTE, CURRENT + 44639 UNITS MINUTE, CURRENT + 41760 UNITS MINUTE, 172800000, 132456, CURRENT, 132456, CURRENT);
INSERT INTO project_phase (project_phase_id, project_id, phase_type_id, phase_status_id, fixed_start_time, scheduled_start_time, scheduled_end_time, actual_start_time, actual_end_time, duration, create_user, create_date, modify_user, modify_date) VALUES (30323708, 30323702, 2, 2, null, CURRENT + 44640 UNITS MINUTE, CURRENT + 36000 UNITS MINUTE, CURRENT + 44640 UNITS MINUTE, null, 518400000, 132456, CURRENT, 132456, CURRENT);

INSERT INTO project_studio_specification (project_studio_spec_id, goals, target_audience, branding_guidelines, disliked_design_websites, other_instructions, winning_criteria, submitters_locked_between_rounds, round_one_introduction, round_two_introduction, colors, fonts, layout_and_size, contest_introduction, contest_description, content_requirements, general_feedback, create_user, create_date, modify_user, modify_date) VALUES (30323800, '', '', '', '', '', '', 'f', '', '', '', '', '', '<p>Contest Introduction for Client 30323801 Billing Account 3 Project 2 Print/Presentation Contest 774</p>', '<p>Contest Description for Client 30323801 Billing Account 3 Project 2 Print/Presentation Contest 774</p>', 'null', 'null', 132456, CURRENT, 132456, CURRENT);
INSERT INTO project (project_id, project_status_id, project_category_id, create_user, create_date, modify_user, modify_date, tc_direct_project_id, project_studio_spec_id) VALUES (30323802, 2, 21, 132456, CURRENT, 132456, CURRENT, 30323803, 30323800);
INSERT INTO project_info (project_id, project_info_type_id, value, create_user, create_date, modify_user, modify_date) VALUES (30323802, 6, 'this is studio UPCOMING contest 39', 132456, CURRENT, 132456, CURRENT);
INSERT INTO project_info (project_id, project_info_type_id, value, create_user, create_date, modify_user, modify_date) VALUES (30323802, 26, 'On', 132456, CURRENT, 132456, CURRENT);
INSERT INTO project_info (project_id, project_info_type_id, value, create_user, create_date, modify_user, modify_date) VALUES (30323802, 30, '510.0', 132456, CURRENT, 132456, CURRENT);
INSERT INTO project_info (project_id, project_info_type_id, value, create_user, create_date, modify_user, modify_date) VALUES (30323802, 7, '1.0', 132456, CURRENT, 132456, CURRENT);
INSERT INTO project_info (project_id, project_info_type_id, value, create_user, create_date, modify_user, modify_date) VALUES (30323802, 70, 'cd', 132456, CURRENT, 132456, CURRENT);
INSERT INTO prize (prize_id, place, prize_amount, prize_type_id, project_id, number_of_submissions, create_user, create_date, modify_user, modify_date) VALUES (30323804, 1, 1380, 15, 30323802, 1, 132456, CURRENT, 132456, CURRENT);
INSERT INTO prize (prize_id, place, prize_amount, prize_type_id, project_id, number_of_submissions, create_user, create_date, modify_user, modify_date) VALUES (30323805, 2, 880, 15, 30323802, 1, 132456, CURRENT, 132456, CURRENT);
INSERT INTO prize (prize_id, place, prize_amount, prize_type_id, project_id, number_of_submissions, create_user, create_date, modify_user, modify_date) VALUES (30323806, 3, 480, 15, 30323802, 1, 132456, CURRENT, 132456, CURRENT);
INSERT INTO project_phase (project_phase_id, project_id, phase_type_id, phase_status_id, fixed_start_time, scheduled_start_time, scheduled_end_time, actual_start_time, actual_end_time, duration, create_user, create_date, modify_user, modify_date) VALUES (30323807, 30323802, 1, 3, CURRENT + 44640 UNITS MINUTE, CURRENT + 44640 UNITS MINUTE, CURRENT + 41760 UNITS MINUTE, CURRENT + 44639 UNITS MINUTE, CURRENT + 41760 UNITS MINUTE, 172800000, 132456, CURRENT, 132456, CURRENT);
INSERT INTO project_phase (project_phase_id, project_id, phase_type_id, phase_status_id, fixed_start_time, scheduled_start_time, scheduled_end_time, actual_start_time, actual_end_time, duration, create_user, create_date, modify_user, modify_date) VALUES (30323808, 30323802, 2, 2, null, CURRENT + 44640 UNITS MINUTE, CURRENT + 36000 UNITS MINUTE, CURRENT + 44640 UNITS MINUTE, null, 518400000, 132456, CURRENT, 132456, CURRENT);

