INSERT INTO project (project_id, project_status_id, project_category_id, create_user, create_date, modify_user, modify_date, tc_direct_project_id, project_studio_spec_id) VALUES (30312600, 7, 21, 132456, CURRENT, 132456, CURRENT, 30312601, null);
INSERT INTO project_info (project_id, project_info_type_id, value, create_user, create_date, modify_user, modify_date) VALUES (30312600, 6, 'this is studio PAST contest 27', 132456, CURRENT, 132456, CURRENT);
INSERT INTO project_info (project_id, project_info_type_id, value, create_user, create_date, modify_user, modify_date) VALUES (30312600, 26, 'On', 132456, CURRENT, 132456, CURRENT);
INSERT INTO project_info (project_id, project_info_type_id, value, create_user, create_date, modify_user, modify_date) VALUES (30312600, 30, '510.0', 132456, CURRENT, 132456, CURRENT);
INSERT INTO project_info (project_id, project_info_type_id, value, create_user, create_date, modify_user, modify_date) VALUES (30312600, 70, 'cd', 132456, CURRENT, 132456, CURRENT);
INSERT INTO prize (prize_id, place, prize_amount, prize_type_id, project_id, number_of_submissions, create_user, create_date, modify_user, modify_date) VALUES (30312602, 1, 1260, 15, 30312600, 1, 132456, CURRENT, 132456, CURRENT);
INSERT INTO prize (prize_id, place, prize_amount, prize_type_id, project_id, number_of_submissions, create_user, create_date, modify_user, modify_date) VALUES (30312603, 2, 760, 15, 30312600, 1, 132456, CURRENT, 132456, CURRENT);
INSERT INTO prize (prize_id, place, prize_amount, prize_type_id, project_id, number_of_submissions, create_user, create_date, modify_user, modify_date) VALUES (30312604, 3, 360, 15, 30312600, 1, 132456, CURRENT, 132456, CURRENT);
INSERT INTO project_phase (project_phase_id, project_id, phase_type_id, phase_status_id, fixed_start_time, scheduled_start_time, scheduled_end_time, actual_start_time, actual_end_time, duration, create_user, create_date, modify_user, modify_date) VALUES (30312605, 30312600, 1, 3, CURRENT + -44640 UNITS MINUTE, CURRENT + -44640 UNITS MINUTE, CURRENT + -41760 UNITS MINUTE, CURRENT + -44640 UNITS MINUTE, CURRENT + -41760 UNITS MINUTE, 172800000, 132456, CURRENT, 132456, CURRENT);
INSERT INTO project_phase (project_phase_id, project_id, phase_type_id, phase_status_id, fixed_start_time, scheduled_start_time, scheduled_end_time, actual_start_time, actual_end_time, duration, create_user, create_date, modify_user, modify_date) VALUES (30312606, 30312600, 2, 2, null, CURRENT + -44640 UNITS MINUTE, CURRENT + -36000 UNITS MINUTE, CURRENT + -44640 UNITS MINUTE, null, 518400000, 132456, CURRENT, 132456, CURRENT);
INSERT INTO project_phase (project_phase_id, project_id, phase_type_id, phase_status_id, fixed_start_time, scheduled_start_time, scheduled_end_time, actual_start_time, actual_end_time, duration, create_user, create_date, modify_user, modify_date) VALUES (30312607, 30312600, 3, 1, null, CURRENT + -36000 UNITS MINUTE, CURRENT + -35280 UNITS MINUTE, null, null, 43200000, 132456, CURRENT, 132456, CURRENT);
INSERT INTO project_phase (project_phase_id, project_id, phase_type_id, phase_status_id, fixed_start_time, scheduled_start_time, scheduled_end_time, actual_start_time, actual_end_time, duration, create_user, create_date, modify_user, modify_date) VALUES (30312608, 30312600, 4, 1, null, CURRENT + -35280 UNITS MINUTE, CURRENT + -26640 UNITS MINUTE, null, null, 518400000, 132456, CURRENT, 132456, CURRENT);
INSERT INTO resource (resource_id, resource_role_id, project_id, project_phase_id, create_user, create_date, modify_user, modify_date) VALUES (30312609, 1, 30312600, 30312606, 132456, CURRENT, 132456, CURRENT);
INSERT INTO upload (upload_id, project_id, resource_id, upload_type_id, upload_status_id, parameter, create_user, create_date, modify_user, modify_date, project_phase_id) VALUES (30312610, 30312600, 30312609, 1, 1, '30010038_30010845_30010535.zip', 132458, '2013-07-10 18:27:31', 132458, CURRENT, 30312606);
INSERT INTO submission (submission_id, upload_id, submission_status_id, screening_score, initial_score, final_score, placement, submission_type_id, create_user, create_date, modify_user, modify_date, prize_id) VALUES (30312611, 30312610, 1, 100, 80, 90, 1, 1, 132458, CURRENT, 132458, CURRENT, null);
INSERT INTO project (project_id, project_status_id, project_category_id, create_user, create_date, modify_user, modify_date, tc_direct_project_id, project_studio_spec_id) VALUES (30312700, 7, 22, 132456, CURRENT, 132456, CURRENT, 30312701, null);
INSERT INTO project_info (project_id, project_info_type_id, value, create_user, create_date, modify_user, modify_date) VALUES (30312700, 6, 'this is studio PAST contest 28', 132456, CURRENT, 132456, CURRENT);
INSERT INTO project_info (project_id, project_info_type_id, value, create_user, create_date, modify_user, modify_date) VALUES (30312700, 26, 'On', 132456, CURRENT, 132456, CURRENT);
INSERT INTO project_info (project_id, project_info_type_id, value, create_user, create_date, modify_user, modify_date) VALUES (30312700, 30, '510.0', 132456, CURRENT, 132456, CURRENT);
INSERT INTO project_info (project_id, project_info_type_id, value, create_user, create_date, modify_user, modify_date) VALUES (30312700, 70, 'de', 132456, CURRENT, 132456, CURRENT);
INSERT INTO prize (prize_id, place, prize_amount, prize_type_id, project_id, number_of_submissions, create_user, create_date, modify_user, modify_date) VALUES (30312702, 1, 1270, 15, 30312700, 1, 132456, CURRENT, 132456, CURRENT);
INSERT INTO prize (prize_id, place, prize_amount, prize_type_id, project_id, number_of_submissions, create_user, create_date, modify_user, modify_date) VALUES (30312703, 2, 770, 15, 30312700, 1, 132456, CURRENT, 132456, CURRENT);
INSERT INTO prize (prize_id, place, prize_amount, prize_type_id, project_id, number_of_submissions, create_user, create_date, modify_user, modify_date) VALUES (30312704, 3, 370, 15, 30312700, 1, 132456, CURRENT, 132456, CURRENT);
INSERT INTO project_phase (project_phase_id, project_id, phase_type_id, phase_status_id, fixed_start_time, scheduled_start_time, scheduled_end_time, actual_start_time, actual_end_time, duration, create_user, create_date, modify_user, modify_date) VALUES (30312705, 30312700, 1, 3, CURRENT + -44640 UNITS MINUTE, CURRENT + -44640 UNITS MINUTE, CURRENT + -41760 UNITS MINUTE, CURRENT + -44640 UNITS MINUTE, CURRENT + -41760 UNITS MINUTE, 172800000, 132456, CURRENT, 132456, CURRENT);
INSERT INTO project_phase (project_phase_id, project_id, phase_type_id, phase_status_id, fixed_start_time, scheduled_start_time, scheduled_end_time, actual_start_time, actual_end_time, duration, create_user, create_date, modify_user, modify_date) VALUES (30312706, 30312700, 2, 2, null, CURRENT + -44640 UNITS MINUTE, CURRENT + -36000 UNITS MINUTE, CURRENT + -44640 UNITS MINUTE, null, 518400000, 132456, CURRENT, 132456, CURRENT);
INSERT INTO project_phase (project_phase_id, project_id, phase_type_id, phase_status_id, fixed_start_time, scheduled_start_time, scheduled_end_time, actual_start_time, actual_end_time, duration, create_user, create_date, modify_user, modify_date) VALUES (30312707, 30312700, 3, 1, null, CURRENT + -36000 UNITS MINUTE, CURRENT + -35280 UNITS MINUTE, null, null, 43200000, 132456, CURRENT, 132456, CURRENT);
INSERT INTO project_phase (project_phase_id, project_id, phase_type_id, phase_status_id, fixed_start_time, scheduled_start_time, scheduled_end_time, actual_start_time, actual_end_time, duration, create_user, create_date, modify_user, modify_date) VALUES (30312708, 30312700, 4, 1, null, CURRENT + -35280 UNITS MINUTE, CURRENT + -26640 UNITS MINUTE, null, null, 518400000, 132456, CURRENT, 132456, CURRENT);
INSERT INTO resource (resource_id, resource_role_id, project_id, project_phase_id, create_user, create_date, modify_user, modify_date) VALUES (30312709, 1, 30312700, 30312706, 132456, CURRENT, 132456, CURRENT);
INSERT INTO upload (upload_id, project_id, resource_id, upload_type_id, upload_status_id, parameter, create_user, create_date, modify_user, modify_date, project_phase_id) VALUES (30312710, 30312700, 30312709, 1, 1, '30010038_30010845_30010535.zip', 132458, '2013-07-10 18:27:31', 132458, CURRENT, 30312706);
INSERT INTO submission (submission_id, upload_id, submission_status_id, screening_score, initial_score, final_score, placement, submission_type_id, create_user, create_date, modify_user, modify_date, prize_id) VALUES (30312711, 30312710, 1, 100, 80, 90, 1, 1, 132458, CURRENT, 132458, CURRENT, null);
INSERT INTO project (project_id, project_status_id, project_category_id, create_user, create_date, modify_user, modify_date, tc_direct_project_id, project_studio_spec_id) VALUES (30312800, 7, 21, 132456, CURRENT, 132456, CURRENT, 30312801, null);
INSERT INTO project_info (project_id, project_info_type_id, value, create_user, create_date, modify_user, modify_date) VALUES (30312800, 6, 'this is studio PAST contest 29', 132456, CURRENT, 132456, CURRENT);
INSERT INTO project_info (project_id, project_info_type_id, value, create_user, create_date, modify_user, modify_date) VALUES (30312800, 26, 'On', 132456, CURRENT, 132456, CURRENT);
INSERT INTO project_info (project_id, project_info_type_id, value, create_user, create_date, modify_user, modify_date) VALUES (30312800, 30, '510.0', 132456, CURRENT, 132456, CURRENT);
INSERT INTO project_info (project_id, project_info_type_id, value, create_user, create_date, modify_user, modify_date) VALUES (30312800, 70, 'ab', 132456, CURRENT, 132456, CURRENT);
INSERT INTO prize (prize_id, place, prize_amount, prize_type_id, project_id, number_of_submissions, create_user, create_date, modify_user, modify_date) VALUES (30312802, 1, 1280, 15, 30312800, 1, 132456, CURRENT, 132456, CURRENT);
INSERT INTO prize (prize_id, place, prize_amount, prize_type_id, project_id, number_of_submissions, create_user, create_date, modify_user, modify_date) VALUES (30312803, 2, 780, 15, 30312800, 1, 132456, CURRENT, 132456, CURRENT);
INSERT INTO prize (prize_id, place, prize_amount, prize_type_id, project_id, number_of_submissions, create_user, create_date, modify_user, modify_date) VALUES (30312804, 3, 380, 15, 30312800, 1, 132456, CURRENT, 132456, CURRENT);
INSERT INTO project_phase (project_phase_id, project_id, phase_type_id, phase_status_id, fixed_start_time, scheduled_start_time, scheduled_end_time, actual_start_time, actual_end_time, duration, create_user, create_date, modify_user, modify_date) VALUES (30312805, 30312800, 1, 3, CURRENT + -44640 UNITS MINUTE, CURRENT + -44640 UNITS MINUTE, CURRENT + -41760 UNITS MINUTE, CURRENT + -44640 UNITS MINUTE, CURRENT + -41760 UNITS MINUTE, 172800000, 132456, CURRENT, 132456, CURRENT);
INSERT INTO project_phase (project_phase_id, project_id, phase_type_id, phase_status_id, fixed_start_time, scheduled_start_time, scheduled_end_time, actual_start_time, actual_end_time, duration, create_user, create_date, modify_user, modify_date) VALUES (30312806, 30312800, 2, 2, null, CURRENT + -44640 UNITS MINUTE, CURRENT + -36000 UNITS MINUTE, CURRENT + -44640 UNITS MINUTE, null, 518400000, 132456, CURRENT, 132456, CURRENT);
INSERT INTO project_phase (project_phase_id, project_id, phase_type_id, phase_status_id, fixed_start_time, scheduled_start_time, scheduled_end_time, actual_start_time, actual_end_time, duration, create_user, create_date, modify_user, modify_date) VALUES (30312807, 30312800, 3, 1, null, CURRENT + -36000 UNITS MINUTE, CURRENT + -35280 UNITS MINUTE, null, null, 43200000, 132456, CURRENT, 132456, CURRENT);
INSERT INTO project_phase (project_phase_id, project_id, phase_type_id, phase_status_id, fixed_start_time, scheduled_start_time, scheduled_end_time, actual_start_time, actual_end_time, duration, create_user, create_date, modify_user, modify_date) VALUES (30312808, 30312800, 4, 1, null, CURRENT + -35280 UNITS MINUTE, CURRENT + -26640 UNITS MINUTE, null, null, 518400000, 132456, CURRENT, 132456, CURRENT);
INSERT INTO resource (resource_id, resource_role_id, project_id, project_phase_id, create_user, create_date, modify_user, modify_date) VALUES (30312809, 1, 30312800, 30312806, 132456, CURRENT, 132456, CURRENT);
INSERT INTO upload (upload_id, project_id, resource_id, upload_type_id, upload_status_id, parameter, create_user, create_date, modify_user, modify_date, project_phase_id) VALUES (30312810, 30312800, 30312809, 1, 1, '30010038_30010845_30010535.zip', 132458, '2013-07-10 18:27:31', 132458, CURRENT, 30312806);
INSERT INTO submission (submission_id, upload_id, submission_status_id, screening_score, initial_score, final_score, placement, submission_type_id, create_user, create_date, modify_user, modify_date, prize_id) VALUES (30312811, 30312810, 1, 100, 80, 90, 1, 1, 132458, CURRENT, 132458, CURRENT, null);
INSERT INTO project (project_id, project_status_id, project_category_id, create_user, create_date, modify_user, modify_date, tc_direct_project_id, project_studio_spec_id) VALUES (30312900, 7, 22, 132456, CURRENT, 132456, CURRENT, 30312901, null);
INSERT INTO project_info (project_id, project_info_type_id, value, create_user, create_date, modify_user, modify_date) VALUES (30312900, 6, 'this is studio PAST contest 30', 132456, CURRENT, 132456, CURRENT);
INSERT INTO project_info (project_id, project_info_type_id, value, create_user, create_date, modify_user, modify_date) VALUES (30312900, 26, 'On', 132456, CURRENT, 132456, CURRENT);
INSERT INTO project_info (project_id, project_info_type_id, value, create_user, create_date, modify_user, modify_date) VALUES (30312900, 30, '510.0', 132456, CURRENT, 132456, CURRENT);
INSERT INTO project_info (project_id, project_info_type_id, value, create_user, create_date, modify_user, modify_date) VALUES (30312900, 70, 'bc', 132456, CURRENT, 132456, CURRENT);
INSERT INTO prize (prize_id, place, prize_amount, prize_type_id, project_id, number_of_submissions, create_user, create_date, modify_user, modify_date) VALUES (30312902, 1, 1290, 15, 30312900, 1, 132456, CURRENT, 132456, CURRENT);
INSERT INTO prize (prize_id, place, prize_amount, prize_type_id, project_id, number_of_submissions, create_user, create_date, modify_user, modify_date) VALUES (30312903, 2, 790, 15, 30312900, 1, 132456, CURRENT, 132456, CURRENT);
INSERT INTO prize (prize_id, place, prize_amount, prize_type_id, project_id, number_of_submissions, create_user, create_date, modify_user, modify_date) VALUES (30312904, 3, 390, 15, 30312900, 1, 132456, CURRENT, 132456, CURRENT);
INSERT INTO project_phase (project_phase_id, project_id, phase_type_id, phase_status_id, fixed_start_time, scheduled_start_time, scheduled_end_time, actual_start_time, actual_end_time, duration, create_user, create_date, modify_user, modify_date) VALUES (30312905, 30312900, 1, 3, CURRENT + -44640 UNITS MINUTE, CURRENT + -44640 UNITS MINUTE, CURRENT + -41760 UNITS MINUTE, CURRENT + -44640 UNITS MINUTE, CURRENT + -41760 UNITS MINUTE, 172800000, 132456, CURRENT, 132456, CURRENT);
INSERT INTO project_phase (project_phase_id, project_id, phase_type_id, phase_status_id, fixed_start_time, scheduled_start_time, scheduled_end_time, actual_start_time, actual_end_time, duration, create_user, create_date, modify_user, modify_date) VALUES (30312906, 30312900, 2, 2, null, CURRENT + -44640 UNITS MINUTE, CURRENT + -36000 UNITS MINUTE, CURRENT + -44640 UNITS MINUTE, null, 518400000, 132456, CURRENT, 132456, CURRENT);
INSERT INTO project_phase (project_phase_id, project_id, phase_type_id, phase_status_id, fixed_start_time, scheduled_start_time, scheduled_end_time, actual_start_time, actual_end_time, duration, create_user, create_date, modify_user, modify_date) VALUES (30312907, 30312900, 3, 1, null, CURRENT + -36000 UNITS MINUTE, CURRENT + -35280 UNITS MINUTE, null, null, 43200000, 132456, CURRENT, 132456, CURRENT);
INSERT INTO project_phase (project_phase_id, project_id, phase_type_id, phase_status_id, fixed_start_time, scheduled_start_time, scheduled_end_time, actual_start_time, actual_end_time, duration, create_user, create_date, modify_user, modify_date) VALUES (30312908, 30312900, 4, 1, null, CURRENT + -35280 UNITS MINUTE, CURRENT + -26640 UNITS MINUTE, null, null, 518400000, 132456, CURRENT, 132456, CURRENT);
INSERT INTO resource (resource_id, resource_role_id, project_id, project_phase_id, create_user, create_date, modify_user, modify_date) VALUES (30312909, 1, 30312900, 30312906, 132456, CURRENT, 132456, CURRENT);
INSERT INTO upload (upload_id, project_id, resource_id, upload_type_id, upload_status_id, parameter, create_user, create_date, modify_user, modify_date, project_phase_id) VALUES (30312910, 30312900, 30312909, 1, 1, '30010038_30010845_30010535.zip', 132458, '2013-07-10 18:27:31', 132458, CURRENT, 30312906);
INSERT INTO submission (submission_id, upload_id, submission_status_id, screening_score, initial_score, final_score, placement, submission_type_id, create_user, create_date, modify_user, modify_date, prize_id) VALUES (30312911, 30312910, 1, 100, 80, 90, 1, 1, 132458, CURRENT, 132458, CURRENT, null);
INSERT INTO project (project_id, project_status_id, project_category_id, create_user, create_date, modify_user, modify_date, tc_direct_project_id, project_studio_spec_id) VALUES (30313000, 7, 21, 132456, CURRENT, 132456, CURRENT, 30313001, null);
INSERT INTO project_info (project_id, project_info_type_id, value, create_user, create_date, modify_user, modify_date) VALUES (30313000, 6, 'this is studio PAST contest 31', 132456, CURRENT, 132456, CURRENT);
INSERT INTO project_info (project_id, project_info_type_id, value, create_user, create_date, modify_user, modify_date) VALUES (30313000, 26, 'On', 132456, CURRENT, 132456, CURRENT);
INSERT INTO project_info (project_id, project_info_type_id, value, create_user, create_date, modify_user, modify_date) VALUES (30313000, 30, '510.0', 132456, CURRENT, 132456, CURRENT);
INSERT INTO project_info (project_id, project_info_type_id, value, create_user, create_date, modify_user, modify_date) VALUES (30313000, 70, 'cd', 132456, CURRENT, 132456, CURRENT);
INSERT INTO prize (prize_id, place, prize_amount, prize_type_id, project_id, number_of_submissions, create_user, create_date, modify_user, modify_date) VALUES (30313002, 1, 1300, 15, 30313000, 1, 132456, CURRENT, 132456, CURRENT);
INSERT INTO prize (prize_id, place, prize_amount, prize_type_id, project_id, number_of_submissions, create_user, create_date, modify_user, modify_date) VALUES (30313003, 2, 800, 15, 30313000, 1, 132456, CURRENT, 132456, CURRENT);
INSERT INTO prize (prize_id, place, prize_amount, prize_type_id, project_id, number_of_submissions, create_user, create_date, modify_user, modify_date) VALUES (30313004, 3, 400, 15, 30313000, 1, 132456, CURRENT, 132456, CURRENT);
INSERT INTO project_phase (project_phase_id, project_id, phase_type_id, phase_status_id, fixed_start_time, scheduled_start_time, scheduled_end_time, actual_start_time, actual_end_time, duration, create_user, create_date, modify_user, modify_date) VALUES (30313005, 30313000, 1, 3, CURRENT + -44640 UNITS MINUTE, CURRENT + -44640 UNITS MINUTE, CURRENT + -41760 UNITS MINUTE, CURRENT + -44640 UNITS MINUTE, CURRENT + -41760 UNITS MINUTE, 172800000, 132456, CURRENT, 132456, CURRENT);
INSERT INTO project_phase (project_phase_id, project_id, phase_type_id, phase_status_id, fixed_start_time, scheduled_start_time, scheduled_end_time, actual_start_time, actual_end_time, duration, create_user, create_date, modify_user, modify_date) VALUES (30313006, 30313000, 2, 2, null, CURRENT + -44640 UNITS MINUTE, CURRENT + -36000 UNITS MINUTE, CURRENT + -44640 UNITS MINUTE, null, 518400000, 132456, CURRENT, 132456, CURRENT);
INSERT INTO project_phase (project_phase_id, project_id, phase_type_id, phase_status_id, fixed_start_time, scheduled_start_time, scheduled_end_time, actual_start_time, actual_end_time, duration, create_user, create_date, modify_user, modify_date) VALUES (30313007, 30313000, 3, 1, null, CURRENT + -36000 UNITS MINUTE, CURRENT + -35280 UNITS MINUTE, null, null, 43200000, 132456, CURRENT, 132456, CURRENT);
INSERT INTO project_phase (project_phase_id, project_id, phase_type_id, phase_status_id, fixed_start_time, scheduled_start_time, scheduled_end_time, actual_start_time, actual_end_time, duration, create_user, create_date, modify_user, modify_date) VALUES (30313008, 30313000, 4, 1, null, CURRENT + -35280 UNITS MINUTE, CURRENT + -26640 UNITS MINUTE, null, null, 518400000, 132456, CURRENT, 132456, CURRENT);
INSERT INTO resource (resource_id, resource_role_id, project_id, project_phase_id, create_user, create_date, modify_user, modify_date) VALUES (30313009, 1, 30313000, 30313006, 132456, CURRENT, 132456, CURRENT);
INSERT INTO upload (upload_id, project_id, resource_id, upload_type_id, upload_status_id, parameter, create_user, create_date, modify_user, modify_date, project_phase_id) VALUES (30313010, 30313000, 30313009, 1, 1, '30010038_30010845_30010535.zip', 132458, '2013-07-10 18:27:31', 132458, CURRENT, 30313006);
INSERT INTO submission (submission_id, upload_id, submission_status_id, screening_score, initial_score, final_score, placement, submission_type_id, create_user, create_date, modify_user, modify_date, prize_id) VALUES (30313011, 30313010, 1, 100, 80, 90, 1, 1, 132458, CURRENT, 132458, CURRENT, null);
INSERT INTO project (project_id, project_status_id, project_category_id, create_user, create_date, modify_user, modify_date, tc_direct_project_id, project_studio_spec_id) VALUES (30313100, 7, 22, 132456, CURRENT, 132456, CURRENT, 30313101, null);
INSERT INTO project_info (project_id, project_info_type_id, value, create_user, create_date, modify_user, modify_date) VALUES (30313100, 6, 'this is studio PAST contest 32', 132456, CURRENT, 132456, CURRENT);
INSERT INTO project_info (project_id, project_info_type_id, value, create_user, create_date, modify_user, modify_date) VALUES (30313100, 26, 'On', 132456, CURRENT, 132456, CURRENT);
INSERT INTO project_info (project_id, project_info_type_id, value, create_user, create_date, modify_user, modify_date) VALUES (30313100, 30, '510.0', 132456, CURRENT, 132456, CURRENT);
INSERT INTO project_info (project_id, project_info_type_id, value, create_user, create_date, modify_user, modify_date) VALUES (30313100, 70, 'de', 132456, CURRENT, 132456, CURRENT);
INSERT INTO prize (prize_id, place, prize_amount, prize_type_id, project_id, number_of_submissions, create_user, create_date, modify_user, modify_date) VALUES (30313102, 1, 1310, 15, 30313100, 1, 132456, CURRENT, 132456, CURRENT);
INSERT INTO prize (prize_id, place, prize_amount, prize_type_id, project_id, number_of_submissions, create_user, create_date, modify_user, modify_date) VALUES (30313103, 2, 810, 15, 30313100, 1, 132456, CURRENT, 132456, CURRENT);
INSERT INTO prize (prize_id, place, prize_amount, prize_type_id, project_id, number_of_submissions, create_user, create_date, modify_user, modify_date) VALUES (30313104, 3, 410, 15, 30313100, 1, 132456, CURRENT, 132456, CURRENT);
INSERT INTO project_phase (project_phase_id, project_id, phase_type_id, phase_status_id, fixed_start_time, scheduled_start_time, scheduled_end_time, actual_start_time, actual_end_time, duration, create_user, create_date, modify_user, modify_date) VALUES (30313105, 30313100, 1, 3, CURRENT + -44640 UNITS MINUTE, CURRENT + -44640 UNITS MINUTE, CURRENT + -41760 UNITS MINUTE, CURRENT + -44640 UNITS MINUTE, CURRENT + -41760 UNITS MINUTE, 172800000, 132456, CURRENT, 132456, CURRENT);
INSERT INTO project_phase (project_phase_id, project_id, phase_type_id, phase_status_id, fixed_start_time, scheduled_start_time, scheduled_end_time, actual_start_time, actual_end_time, duration, create_user, create_date, modify_user, modify_date) VALUES (30313106, 30313100, 2, 2, null, CURRENT + -44640 UNITS MINUTE, CURRENT + -36000 UNITS MINUTE, CURRENT + -44640 UNITS MINUTE, null, 518400000, 132456, CURRENT, 132456, CURRENT);
INSERT INTO project_phase (project_phase_id, project_id, phase_type_id, phase_status_id, fixed_start_time, scheduled_start_time, scheduled_end_time, actual_start_time, actual_end_time, duration, create_user, create_date, modify_user, modify_date) VALUES (30313107, 30313100, 3, 1, null, CURRENT + -36000 UNITS MINUTE, CURRENT + -35280 UNITS MINUTE, null, null, 43200000, 132456, CURRENT, 132456, CURRENT);
INSERT INTO project_phase (project_phase_id, project_id, phase_type_id, phase_status_id, fixed_start_time, scheduled_start_time, scheduled_end_time, actual_start_time, actual_end_time, duration, create_user, create_date, modify_user, modify_date) VALUES (30313108, 30313100, 4, 1, null, CURRENT + -35280 UNITS MINUTE, CURRENT + -26640 UNITS MINUTE, null, null, 518400000, 132456, CURRENT, 132456, CURRENT);
INSERT INTO resource (resource_id, resource_role_id, project_id, project_phase_id, create_user, create_date, modify_user, modify_date) VALUES (30313109, 1, 30313100, 30313106, 132456, CURRENT, 132456, CURRENT);
INSERT INTO upload (upload_id, project_id, resource_id, upload_type_id, upload_status_id, parameter, create_user, create_date, modify_user, modify_date, project_phase_id) VALUES (30313110, 30313100, 30313109, 1, 1, '30010038_30010845_30010535.zip', 132458, '2013-07-10 18:27:31', 132458, CURRENT, 30313106);
INSERT INTO submission (submission_id, upload_id, submission_status_id, screening_score, initial_score, final_score, placement, submission_type_id, create_user, create_date, modify_user, modify_date, prize_id) VALUES (30313111, 30313110, 1, 100, 80, 90, 1, 1, 132458, CURRENT, 132458, CURRENT, null);
INSERT INTO project (project_id, project_status_id, project_category_id, create_user, create_date, modify_user, modify_date, tc_direct_project_id, project_studio_spec_id) VALUES (30313200, 7, 21, 132456, CURRENT, 132456, CURRENT, 30313201, null);
INSERT INTO project_info (project_id, project_info_type_id, value, create_user, create_date, modify_user, modify_date) VALUES (30313200, 6, 'this is studio PAST contest 33', 132456, CURRENT, 132456, CURRENT);
INSERT INTO project_info (project_id, project_info_type_id, value, create_user, create_date, modify_user, modify_date) VALUES (30313200, 26, 'On', 132456, CURRENT, 132456, CURRENT);
INSERT INTO project_info (project_id, project_info_type_id, value, create_user, create_date, modify_user, modify_date) VALUES (30313200, 30, '510.0', 132456, CURRENT, 132456, CURRENT);
INSERT INTO project_info (project_id, project_info_type_id, value, create_user, create_date, modify_user, modify_date) VALUES (30313200, 70, 'ab', 132456, CURRENT, 132456, CURRENT);
INSERT INTO prize (prize_id, place, prize_amount, prize_type_id, project_id, number_of_submissions, create_user, create_date, modify_user, modify_date) VALUES (30313202, 1, 1320, 15, 30313200, 1, 132456, CURRENT, 132456, CURRENT);
INSERT INTO prize (prize_id, place, prize_amount, prize_type_id, project_id, number_of_submissions, create_user, create_date, modify_user, modify_date) VALUES (30313203, 2, 820, 15, 30313200, 1, 132456, CURRENT, 132456, CURRENT);
INSERT INTO prize (prize_id, place, prize_amount, prize_type_id, project_id, number_of_submissions, create_user, create_date, modify_user, modify_date) VALUES (30313204, 3, 420, 15, 30313200, 1, 132456, CURRENT, 132456, CURRENT);
INSERT INTO project_phase (project_phase_id, project_id, phase_type_id, phase_status_id, fixed_start_time, scheduled_start_time, scheduled_end_time, actual_start_time, actual_end_time, duration, create_user, create_date, modify_user, modify_date) VALUES (30313205, 30313200, 1, 3, CURRENT + -44640 UNITS MINUTE, CURRENT + -44640 UNITS MINUTE, CURRENT + -41760 UNITS MINUTE, CURRENT + -44640 UNITS MINUTE, CURRENT + -41760 UNITS MINUTE, 172800000, 132456, CURRENT, 132456, CURRENT);
INSERT INTO project_phase (project_phase_id, project_id, phase_type_id, phase_status_id, fixed_start_time, scheduled_start_time, scheduled_end_time, actual_start_time, actual_end_time, duration, create_user, create_date, modify_user, modify_date) VALUES (30313206, 30313200, 2, 2, null, CURRENT + -44640 UNITS MINUTE, CURRENT + -36000 UNITS MINUTE, CURRENT + -44640 UNITS MINUTE, null, 518400000, 132456, CURRENT, 132456, CURRENT);
INSERT INTO project_phase (project_phase_id, project_id, phase_type_id, phase_status_id, fixed_start_time, scheduled_start_time, scheduled_end_time, actual_start_time, actual_end_time, duration, create_user, create_date, modify_user, modify_date) VALUES (30313207, 30313200, 3, 1, null, CURRENT + -36000 UNITS MINUTE, CURRENT + -35280 UNITS MINUTE, null, null, 43200000, 132456, CURRENT, 132456, CURRENT);
INSERT INTO project_phase (project_phase_id, project_id, phase_type_id, phase_status_id, fixed_start_time, scheduled_start_time, scheduled_end_time, actual_start_time, actual_end_time, duration, create_user, create_date, modify_user, modify_date) VALUES (30313208, 30313200, 4, 1, null, CURRENT + -35280 UNITS MINUTE, CURRENT + -26640 UNITS MINUTE, null, null, 518400000, 132456, CURRENT, 132456, CURRENT);
INSERT INTO resource (resource_id, resource_role_id, project_id, project_phase_id, create_user, create_date, modify_user, modify_date) VALUES (30313209, 1, 30313200, 30313206, 132456, CURRENT, 132456, CURRENT);
INSERT INTO upload (upload_id, project_id, resource_id, upload_type_id, upload_status_id, parameter, create_user, create_date, modify_user, modify_date, project_phase_id) VALUES (30313210, 30313200, 30313209, 1, 1, '30010038_30010845_30010535.zip', 132458, '2013-07-10 18:27:31', 132458, CURRENT, 30313206);
INSERT INTO submission (submission_id, upload_id, submission_status_id, screening_score, initial_score, final_score, placement, submission_type_id, create_user, create_date, modify_user, modify_date, prize_id) VALUES (30313211, 30313210, 1, 100, 80, 90, 1, 1, 132458, CURRENT, 132458, CURRENT, null);
INSERT INTO project (project_id, project_status_id, project_category_id, create_user, create_date, modify_user, modify_date, tc_direct_project_id, project_studio_spec_id) VALUES (30313300, 7, 22, 132456, CURRENT, 132456, CURRENT, 30313301, null);
INSERT INTO project_info (project_id, project_info_type_id, value, create_user, create_date, modify_user, modify_date) VALUES (30313300, 6, 'this is studio PAST contest 34', 132456, CURRENT, 132456, CURRENT);
INSERT INTO project_info (project_id, project_info_type_id, value, create_user, create_date, modify_user, modify_date) VALUES (30313300, 26, 'On', 132456, CURRENT, 132456, CURRENT);
INSERT INTO project_info (project_id, project_info_type_id, value, create_user, create_date, modify_user, modify_date) VALUES (30313300, 30, '510.0', 132456, CURRENT, 132456, CURRENT);
INSERT INTO project_info (project_id, project_info_type_id, value, create_user, create_date, modify_user, modify_date) VALUES (30313300, 70, 'bc', 132456, CURRENT, 132456, CURRENT);
INSERT INTO prize (prize_id, place, prize_amount, prize_type_id, project_id, number_of_submissions, create_user, create_date, modify_user, modify_date) VALUES (30313302, 1, 1330, 15, 30313300, 1, 132456, CURRENT, 132456, CURRENT);
INSERT INTO prize (prize_id, place, prize_amount, prize_type_id, project_id, number_of_submissions, create_user, create_date, modify_user, modify_date) VALUES (30313303, 2, 830, 15, 30313300, 1, 132456, CURRENT, 132456, CURRENT);
INSERT INTO prize (prize_id, place, prize_amount, prize_type_id, project_id, number_of_submissions, create_user, create_date, modify_user, modify_date) VALUES (30313304, 3, 430, 15, 30313300, 1, 132456, CURRENT, 132456, CURRENT);
INSERT INTO project_phase (project_phase_id, project_id, phase_type_id, phase_status_id, fixed_start_time, scheduled_start_time, scheduled_end_time, actual_start_time, actual_end_time, duration, create_user, create_date, modify_user, modify_date) VALUES (30313305, 30313300, 1, 3, CURRENT + -44640 UNITS MINUTE, CURRENT + -44640 UNITS MINUTE, CURRENT + -41760 UNITS MINUTE, CURRENT + -44640 UNITS MINUTE, CURRENT + -41760 UNITS MINUTE, 172800000, 132456, CURRENT, 132456, CURRENT);
INSERT INTO project_phase (project_phase_id, project_id, phase_type_id, phase_status_id, fixed_start_time, scheduled_start_time, scheduled_end_time, actual_start_time, actual_end_time, duration, create_user, create_date, modify_user, modify_date) VALUES (30313306, 30313300, 2, 2, null, CURRENT + -44640 UNITS MINUTE, CURRENT + -36000 UNITS MINUTE, CURRENT + -44640 UNITS MINUTE, null, 518400000, 132456, CURRENT, 132456, CURRENT);
INSERT INTO project_phase (project_phase_id, project_id, phase_type_id, phase_status_id, fixed_start_time, scheduled_start_time, scheduled_end_time, actual_start_time, actual_end_time, duration, create_user, create_date, modify_user, modify_date) VALUES (30313307, 30313300, 3, 1, null, CURRENT + -36000 UNITS MINUTE, CURRENT + -35280 UNITS MINUTE, null, null, 43200000, 132456, CURRENT, 132456, CURRENT);
INSERT INTO project_phase (project_phase_id, project_id, phase_type_id, phase_status_id, fixed_start_time, scheduled_start_time, scheduled_end_time, actual_start_time, actual_end_time, duration, create_user, create_date, modify_user, modify_date) VALUES (30313308, 30313300, 4, 1, null, CURRENT + -35280 UNITS MINUTE, CURRENT + -26640 UNITS MINUTE, null, null, 518400000, 132456, CURRENT, 132456, CURRENT);
INSERT INTO resource (resource_id, resource_role_id, project_id, project_phase_id, create_user, create_date, modify_user, modify_date) VALUES (30313309, 1, 30313300, 30313306, 132456, CURRENT, 132456, CURRENT);
INSERT INTO upload (upload_id, project_id, resource_id, upload_type_id, upload_status_id, parameter, create_user, create_date, modify_user, modify_date, project_phase_id) VALUES (30313310, 30313300, 30313309, 1, 1, '30010038_30010845_30010535.zip', 132458, '2013-07-10 18:27:31', 132458, CURRENT, 30313306);
INSERT INTO submission (submission_id, upload_id, submission_status_id, screening_score, initial_score, final_score, placement, submission_type_id, create_user, create_date, modify_user, modify_date, prize_id) VALUES (30313311, 30313310, 1, 100, 80, 90, 1, 1, 132458, CURRENT, 132458, CURRENT, null);
INSERT INTO project (project_id, project_status_id, project_category_id, create_user, create_date, modify_user, modify_date, tc_direct_project_id, project_studio_spec_id) VALUES (30313400, 7, 21, 132456, CURRENT, 132456, CURRENT, 30313401, null);
INSERT INTO project_info (project_id, project_info_type_id, value, create_user, create_date, modify_user, modify_date) VALUES (30313400, 6, 'this is studio PAST contest 35', 132456, CURRENT, 132456, CURRENT);
INSERT INTO project_info (project_id, project_info_type_id, value, create_user, create_date, modify_user, modify_date) VALUES (30313400, 26, 'On', 132456, CURRENT, 132456, CURRENT);
INSERT INTO project_info (project_id, project_info_type_id, value, create_user, create_date, modify_user, modify_date) VALUES (30313400, 30, '510.0', 132456, CURRENT, 132456, CURRENT);
INSERT INTO project_info (project_id, project_info_type_id, value, create_user, create_date, modify_user, modify_date) VALUES (30313400, 70, 'cd', 132456, CURRENT, 132456, CURRENT);
INSERT INTO prize (prize_id, place, prize_amount, prize_type_id, project_id, number_of_submissions, create_user, create_date, modify_user, modify_date) VALUES (30313402, 1, 1340, 15, 30313400, 1, 132456, CURRENT, 132456, CURRENT);
INSERT INTO prize (prize_id, place, prize_amount, prize_type_id, project_id, number_of_submissions, create_user, create_date, modify_user, modify_date) VALUES (30313403, 2, 840, 15, 30313400, 1, 132456, CURRENT, 132456, CURRENT);
INSERT INTO prize (prize_id, place, prize_amount, prize_type_id, project_id, number_of_submissions, create_user, create_date, modify_user, modify_date) VALUES (30313404, 3, 440, 15, 30313400, 1, 132456, CURRENT, 132456, CURRENT);
INSERT INTO project_phase (project_phase_id, project_id, phase_type_id, phase_status_id, fixed_start_time, scheduled_start_time, scheduled_end_time, actual_start_time, actual_end_time, duration, create_user, create_date, modify_user, modify_date) VALUES (30313405, 30313400, 1, 3, CURRENT + -44640 UNITS MINUTE, CURRENT + -44640 UNITS MINUTE, CURRENT + -41760 UNITS MINUTE, CURRENT + -44640 UNITS MINUTE, CURRENT + -41760 UNITS MINUTE, 172800000, 132456, CURRENT, 132456, CURRENT);
INSERT INTO project_phase (project_phase_id, project_id, phase_type_id, phase_status_id, fixed_start_time, scheduled_start_time, scheduled_end_time, actual_start_time, actual_end_time, duration, create_user, create_date, modify_user, modify_date) VALUES (30313406, 30313400, 2, 2, null, CURRENT + -44640 UNITS MINUTE, CURRENT + -36000 UNITS MINUTE, CURRENT + -44640 UNITS MINUTE, null, 518400000, 132456, CURRENT, 132456, CURRENT);
INSERT INTO project_phase (project_phase_id, project_id, phase_type_id, phase_status_id, fixed_start_time, scheduled_start_time, scheduled_end_time, actual_start_time, actual_end_time, duration, create_user, create_date, modify_user, modify_date) VALUES (30313407, 30313400, 3, 1, null, CURRENT + -36000 UNITS MINUTE, CURRENT + -35280 UNITS MINUTE, null, null, 43200000, 132456, CURRENT, 132456, CURRENT);
INSERT INTO project_phase (project_phase_id, project_id, phase_type_id, phase_status_id, fixed_start_time, scheduled_start_time, scheduled_end_time, actual_start_time, actual_end_time, duration, create_user, create_date, modify_user, modify_date) VALUES (30313408, 30313400, 4, 1, null, CURRENT + -35280 UNITS MINUTE, CURRENT + -26640 UNITS MINUTE, null, null, 518400000, 132456, CURRENT, 132456, CURRENT);
INSERT INTO resource (resource_id, resource_role_id, project_id, project_phase_id, create_user, create_date, modify_user, modify_date) VALUES (30313409, 1, 30313400, 30313406, 132456, CURRENT, 132456, CURRENT);
INSERT INTO upload (upload_id, project_id, resource_id, upload_type_id, upload_status_id, parameter, create_user, create_date, modify_user, modify_date, project_phase_id) VALUES (30313410, 30313400, 30313409, 1, 1, '30010038_30010845_30010535.zip', 132458, '2013-07-10 18:27:31', 132458, CURRENT, 30313406);
INSERT INTO submission (submission_id, upload_id, submission_status_id, screening_score, initial_score, final_score, placement, submission_type_id, create_user, create_date, modify_user, modify_date, prize_id) VALUES (30313411, 30313410, 1, 100, 80, 90, 1, 1, 132458, CURRENT, 132458, CURRENT, null);
INSERT INTO project (project_id, project_status_id, project_category_id, create_user, create_date, modify_user, modify_date, tc_direct_project_id, project_studio_spec_id) VALUES (30313500, 7, 22, 132456, CURRENT, 132456, CURRENT, 30313501, null);
INSERT INTO project_info (project_id, project_info_type_id, value, create_user, create_date, modify_user, modify_date) VALUES (30313500, 6, 'this is studio PAST contest 36', 132456, CURRENT, 132456, CURRENT);
INSERT INTO project_info (project_id, project_info_type_id, value, create_user, create_date, modify_user, modify_date) VALUES (30313500, 26, 'On', 132456, CURRENT, 132456, CURRENT);
INSERT INTO project_info (project_id, project_info_type_id, value, create_user, create_date, modify_user, modify_date) VALUES (30313500, 30, '510.0', 132456, CURRENT, 132456, CURRENT);
INSERT INTO project_info (project_id, project_info_type_id, value, create_user, create_date, modify_user, modify_date) VALUES (30313500, 70, 'de', 132456, CURRENT, 132456, CURRENT);
INSERT INTO prize (prize_id, place, prize_amount, prize_type_id, project_id, number_of_submissions, create_user, create_date, modify_user, modify_date) VALUES (30313502, 1, 1350, 15, 30313500, 1, 132456, CURRENT, 132456, CURRENT);
INSERT INTO prize (prize_id, place, prize_amount, prize_type_id, project_id, number_of_submissions, create_user, create_date, modify_user, modify_date) VALUES (30313503, 2, 850, 15, 30313500, 1, 132456, CURRENT, 132456, CURRENT);
INSERT INTO prize (prize_id, place, prize_amount, prize_type_id, project_id, number_of_submissions, create_user, create_date, modify_user, modify_date) VALUES (30313504, 3, 450, 15, 30313500, 1, 132456, CURRENT, 132456, CURRENT);
INSERT INTO project_phase (project_phase_id, project_id, phase_type_id, phase_status_id, fixed_start_time, scheduled_start_time, scheduled_end_time, actual_start_time, actual_end_time, duration, create_user, create_date, modify_user, modify_date) VALUES (30313505, 30313500, 1, 3, CURRENT + -44640 UNITS MINUTE, CURRENT + -44640 UNITS MINUTE, CURRENT + -41760 UNITS MINUTE, CURRENT + -44640 UNITS MINUTE, CURRENT + -41760 UNITS MINUTE, 172800000, 132456, CURRENT, 132456, CURRENT);
INSERT INTO project_phase (project_phase_id, project_id, phase_type_id, phase_status_id, fixed_start_time, scheduled_start_time, scheduled_end_time, actual_start_time, actual_end_time, duration, create_user, create_date, modify_user, modify_date) VALUES (30313506, 30313500, 2, 2, null, CURRENT + -44640 UNITS MINUTE, CURRENT + -36000 UNITS MINUTE, CURRENT + -44640 UNITS MINUTE, null, 518400000, 132456, CURRENT, 132456, CURRENT);
INSERT INTO project_phase (project_phase_id, project_id, phase_type_id, phase_status_id, fixed_start_time, scheduled_start_time, scheduled_end_time, actual_start_time, actual_end_time, duration, create_user, create_date, modify_user, modify_date) VALUES (30313507, 30313500, 3, 1, null, CURRENT + -36000 UNITS MINUTE, CURRENT + -35280 UNITS MINUTE, null, null, 43200000, 132456, CURRENT, 132456, CURRENT);
INSERT INTO project_phase (project_phase_id, project_id, phase_type_id, phase_status_id, fixed_start_time, scheduled_start_time, scheduled_end_time, actual_start_time, actual_end_time, duration, create_user, create_date, modify_user, modify_date) VALUES (30313508, 30313500, 4, 1, null, CURRENT + -35280 UNITS MINUTE, CURRENT + -26640 UNITS MINUTE, null, null, 518400000, 132456, CURRENT, 132456, CURRENT);
INSERT INTO resource (resource_id, resource_role_id, project_id, project_phase_id, create_user, create_date, modify_user, modify_date) VALUES (30313509, 1, 30313500, 30313506, 132456, CURRENT, 132456, CURRENT);
INSERT INTO upload (upload_id, project_id, resource_id, upload_type_id, upload_status_id, parameter, create_user, create_date, modify_user, modify_date, project_phase_id) VALUES (30313510, 30313500, 30313509, 1, 1, '30010038_30010845_30010535.zip', 132458, '2013-07-10 18:27:31', 132458, CURRENT, 30313506);
INSERT INTO submission (submission_id, upload_id, submission_status_id, screening_score, initial_score, final_score, placement, submission_type_id, create_user, create_date, modify_user, modify_date, prize_id) VALUES (30313511, 30313510, 1, 100, 80, 90, 1, 1, 132458, CURRENT, 132458, CURRENT, null);
INSERT INTO project (project_id, project_status_id, project_category_id, create_user, create_date, modify_user, modify_date, tc_direct_project_id, project_studio_spec_id) VALUES (30313600, 7, 21, 132456, CURRENT, 132456, CURRENT, 30313601, null);
INSERT INTO project_info (project_id, project_info_type_id, value, create_user, create_date, modify_user, modify_date) VALUES (30313600, 6, 'this is studio PAST contest 37', 132456, CURRENT, 132456, CURRENT);
INSERT INTO project_info (project_id, project_info_type_id, value, create_user, create_date, modify_user, modify_date) VALUES (30313600, 26, 'On', 132456, CURRENT, 132456, CURRENT);
INSERT INTO project_info (project_id, project_info_type_id, value, create_user, create_date, modify_user, modify_date) VALUES (30313600, 30, '510.0', 132456, CURRENT, 132456, CURRENT);
INSERT INTO project_info (project_id, project_info_type_id, value, create_user, create_date, modify_user, modify_date) VALUES (30313600, 70, 'ab', 132456, CURRENT, 132456, CURRENT);
INSERT INTO prize (prize_id, place, prize_amount, prize_type_id, project_id, number_of_submissions, create_user, create_date, modify_user, modify_date) VALUES (30313602, 1, 1360, 15, 30313600, 1, 132456, CURRENT, 132456, CURRENT);
INSERT INTO prize (prize_id, place, prize_amount, prize_type_id, project_id, number_of_submissions, create_user, create_date, modify_user, modify_date) VALUES (30313603, 2, 860, 15, 30313600, 1, 132456, CURRENT, 132456, CURRENT);
INSERT INTO prize (prize_id, place, prize_amount, prize_type_id, project_id, number_of_submissions, create_user, create_date, modify_user, modify_date) VALUES (30313604, 3, 460, 15, 30313600, 1, 132456, CURRENT, 132456, CURRENT);
INSERT INTO project_phase (project_phase_id, project_id, phase_type_id, phase_status_id, fixed_start_time, scheduled_start_time, scheduled_end_time, actual_start_time, actual_end_time, duration, create_user, create_date, modify_user, modify_date) VALUES (30313605, 30313600, 1, 3, CURRENT + -44640 UNITS MINUTE, CURRENT + -44640 UNITS MINUTE, CURRENT + -41760 UNITS MINUTE, CURRENT + -44640 UNITS MINUTE, CURRENT + -41760 UNITS MINUTE, 172800000, 132456, CURRENT, 132456, CURRENT);
INSERT INTO project_phase (project_phase_id, project_id, phase_type_id, phase_status_id, fixed_start_time, scheduled_start_time, scheduled_end_time, actual_start_time, actual_end_time, duration, create_user, create_date, modify_user, modify_date) VALUES (30313606, 30313600, 2, 2, null, CURRENT + -44640 UNITS MINUTE, CURRENT + -36000 UNITS MINUTE, CURRENT + -44640 UNITS MINUTE, null, 518400000, 132456, CURRENT, 132456, CURRENT);
INSERT INTO project_phase (project_phase_id, project_id, phase_type_id, phase_status_id, fixed_start_time, scheduled_start_time, scheduled_end_time, actual_start_time, actual_end_time, duration, create_user, create_date, modify_user, modify_date) VALUES (30313607, 30313600, 3, 1, null, CURRENT + -36000 UNITS MINUTE, CURRENT + -35280 UNITS MINUTE, null, null, 43200000, 132456, CURRENT, 132456, CURRENT);
INSERT INTO project_phase (project_phase_id, project_id, phase_type_id, phase_status_id, fixed_start_time, scheduled_start_time, scheduled_end_time, actual_start_time, actual_end_time, duration, create_user, create_date, modify_user, modify_date) VALUES (30313608, 30313600, 4, 1, null, CURRENT + -35280 UNITS MINUTE, CURRENT + -26640 UNITS MINUTE, null, null, 518400000, 132456, CURRENT, 132456, CURRENT);
INSERT INTO resource (resource_id, resource_role_id, project_id, project_phase_id, create_user, create_date, modify_user, modify_date) VALUES (30313609, 1, 30313600, 30313606, 132456, CURRENT, 132456, CURRENT);
INSERT INTO upload (upload_id, project_id, resource_id, upload_type_id, upload_status_id, parameter, create_user, create_date, modify_user, modify_date, project_phase_id) VALUES (30313610, 30313600, 30313609, 1, 1, '30010038_30010845_30010535.zip', 132458, '2013-07-10 18:27:31', 132458, CURRENT, 30313606);
INSERT INTO submission (submission_id, upload_id, submission_status_id, screening_score, initial_score, final_score, placement, submission_type_id, create_user, create_date, modify_user, modify_date, prize_id) VALUES (30313611, 30313610, 1, 100, 80, 90, 1, 1, 132458, CURRENT, 132458, CURRENT, null);
INSERT INTO project (project_id, project_status_id, project_category_id, create_user, create_date, modify_user, modify_date, tc_direct_project_id, project_studio_spec_id) VALUES (30313700, 7, 22, 132456, CURRENT, 132456, CURRENT, 30313701, null);
INSERT INTO project_info (project_id, project_info_type_id, value, create_user, create_date, modify_user, modify_date) VALUES (30313700, 6, 'this is studio PAST contest 38', 132456, CURRENT, 132456, CURRENT);
INSERT INTO project_info (project_id, project_info_type_id, value, create_user, create_date, modify_user, modify_date) VALUES (30313700, 26, 'On', 132456, CURRENT, 132456, CURRENT);
INSERT INTO project_info (project_id, project_info_type_id, value, create_user, create_date, modify_user, modify_date) VALUES (30313700, 30, '510.0', 132456, CURRENT, 132456, CURRENT);
INSERT INTO project_info (project_id, project_info_type_id, value, create_user, create_date, modify_user, modify_date) VALUES (30313700, 70, 'bc', 132456, CURRENT, 132456, CURRENT);
INSERT INTO prize (prize_id, place, prize_amount, prize_type_id, project_id, number_of_submissions, create_user, create_date, modify_user, modify_date) VALUES (30313702, 1, 1370, 15, 30313700, 1, 132456, CURRENT, 132456, CURRENT);
INSERT INTO prize (prize_id, place, prize_amount, prize_type_id, project_id, number_of_submissions, create_user, create_date, modify_user, modify_date) VALUES (30313703, 2, 870, 15, 30313700, 1, 132456, CURRENT, 132456, CURRENT);
INSERT INTO prize (prize_id, place, prize_amount, prize_type_id, project_id, number_of_submissions, create_user, create_date, modify_user, modify_date) VALUES (30313704, 3, 470, 15, 30313700, 1, 132456, CURRENT, 132456, CURRENT);
INSERT INTO project_phase (project_phase_id, project_id, phase_type_id, phase_status_id, fixed_start_time, scheduled_start_time, scheduled_end_time, actual_start_time, actual_end_time, duration, create_user, create_date, modify_user, modify_date) VALUES (30313705, 30313700, 1, 3, CURRENT + -44640 UNITS MINUTE, CURRENT + -44640 UNITS MINUTE, CURRENT + -41760 UNITS MINUTE, CURRENT + -44640 UNITS MINUTE, CURRENT + -41760 UNITS MINUTE, 172800000, 132456, CURRENT, 132456, CURRENT);
INSERT INTO project_phase (project_phase_id, project_id, phase_type_id, phase_status_id, fixed_start_time, scheduled_start_time, scheduled_end_time, actual_start_time, actual_end_time, duration, create_user, create_date, modify_user, modify_date) VALUES (30313706, 30313700, 2, 2, null, CURRENT + -44640 UNITS MINUTE, CURRENT + -36000 UNITS MINUTE, CURRENT + -44640 UNITS MINUTE, null, 518400000, 132456, CURRENT, 132456, CURRENT);
INSERT INTO project_phase (project_phase_id, project_id, phase_type_id, phase_status_id, fixed_start_time, scheduled_start_time, scheduled_end_time, actual_start_time, actual_end_time, duration, create_user, create_date, modify_user, modify_date) VALUES (30313707, 30313700, 3, 1, null, CURRENT + -36000 UNITS MINUTE, CURRENT + -35280 UNITS MINUTE, null, null, 43200000, 132456, CURRENT, 132456, CURRENT);
INSERT INTO project_phase (project_phase_id, project_id, phase_type_id, phase_status_id, fixed_start_time, scheduled_start_time, scheduled_end_time, actual_start_time, actual_end_time, duration, create_user, create_date, modify_user, modify_date) VALUES (30313708, 30313700, 4, 1, null, CURRENT + -35280 UNITS MINUTE, CURRENT + -26640 UNITS MINUTE, null, null, 518400000, 132456, CURRENT, 132456, CURRENT);
INSERT INTO resource (resource_id, resource_role_id, project_id, project_phase_id, create_user, create_date, modify_user, modify_date) VALUES (30313709, 1, 30313700, 30313706, 132456, CURRENT, 132456, CURRENT);
INSERT INTO upload (upload_id, project_id, resource_id, upload_type_id, upload_status_id, parameter, create_user, create_date, modify_user, modify_date, project_phase_id) VALUES (30313710, 30313700, 30313709, 1, 1, '30010038_30010845_30010535.zip', 132458, '2013-07-10 18:27:31', 132458, CURRENT, 30313706);
INSERT INTO submission (submission_id, upload_id, submission_status_id, screening_score, initial_score, final_score, placement, submission_type_id, create_user, create_date, modify_user, modify_date, prize_id) VALUES (30313711, 30313710, 1, 100, 80, 90, 1, 1, 132458, CURRENT, 132458, CURRENT, null);
INSERT INTO project (project_id, project_status_id, project_category_id, create_user, create_date, modify_user, modify_date, tc_direct_project_id, project_studio_spec_id) VALUES (30313800, 7, 21, 132456, CURRENT, 132456, CURRENT, 30313801, null);
INSERT INTO project_info (project_id, project_info_type_id, value, create_user, create_date, modify_user, modify_date) VALUES (30313800, 6, 'this is studio PAST contest 39', 132456, CURRENT, 132456, CURRENT);
INSERT INTO project_info (project_id, project_info_type_id, value, create_user, create_date, modify_user, modify_date) VALUES (30313800, 26, 'On', 132456, CURRENT, 132456, CURRENT);
INSERT INTO project_info (project_id, project_info_type_id, value, create_user, create_date, modify_user, modify_date) VALUES (30313800, 30, '510.0', 132456, CURRENT, 132456, CURRENT);
INSERT INTO project_info (project_id, project_info_type_id, value, create_user, create_date, modify_user, modify_date) VALUES (30313800, 70, 'cd', 132456, CURRENT, 132456, CURRENT);
INSERT INTO prize (prize_id, place, prize_amount, prize_type_id, project_id, number_of_submissions, create_user, create_date, modify_user, modify_date) VALUES (30313802, 1, 1380, 15, 30313800, 1, 132456, CURRENT, 132456, CURRENT);
INSERT INTO prize (prize_id, place, prize_amount, prize_type_id, project_id, number_of_submissions, create_user, create_date, modify_user, modify_date) VALUES (30313803, 2, 880, 15, 30313800, 1, 132456, CURRENT, 132456, CURRENT);
INSERT INTO prize (prize_id, place, prize_amount, prize_type_id, project_id, number_of_submissions, create_user, create_date, modify_user, modify_date) VALUES (30313804, 3, 480, 15, 30313800, 1, 132456, CURRENT, 132456, CURRENT);
INSERT INTO project_phase (project_phase_id, project_id, phase_type_id, phase_status_id, fixed_start_time, scheduled_start_time, scheduled_end_time, actual_start_time, actual_end_time, duration, create_user, create_date, modify_user, modify_date) VALUES (30313805, 30313800, 1, 3, CURRENT + -44640 UNITS MINUTE, CURRENT + -44640 UNITS MINUTE, CURRENT + -41760 UNITS MINUTE, CURRENT + -44640 UNITS MINUTE, CURRENT + -41760 UNITS MINUTE, 172800000, 132456, CURRENT, 132456, CURRENT);
INSERT INTO project_phase (project_phase_id, project_id, phase_type_id, phase_status_id, fixed_start_time, scheduled_start_time, scheduled_end_time, actual_start_time, actual_end_time, duration, create_user, create_date, modify_user, modify_date) VALUES (30313806, 30313800, 2, 2, null, CURRENT + -44640 UNITS MINUTE, CURRENT + -36000 UNITS MINUTE, CURRENT + -44640 UNITS MINUTE, null, 518400000, 132456, CURRENT, 132456, CURRENT);
INSERT INTO project_phase (project_phase_id, project_id, phase_type_id, phase_status_id, fixed_start_time, scheduled_start_time, scheduled_end_time, actual_start_time, actual_end_time, duration, create_user, create_date, modify_user, modify_date) VALUES (30313807, 30313800, 3, 1, null, CURRENT + -36000 UNITS MINUTE, CURRENT + -35280 UNITS MINUTE, null, null, 43200000, 132456, CURRENT, 132456, CURRENT);
INSERT INTO project_phase (project_phase_id, project_id, phase_type_id, phase_status_id, fixed_start_time, scheduled_start_time, scheduled_end_time, actual_start_time, actual_end_time, duration, create_user, create_date, modify_user, modify_date) VALUES (30313808, 30313800, 4, 1, null, CURRENT + -35280 UNITS MINUTE, CURRENT + -26640 UNITS MINUTE, null, null, 518400000, 132456, CURRENT, 132456, CURRENT);
INSERT INTO resource (resource_id, resource_role_id, project_id, project_phase_id, create_user, create_date, modify_user, modify_date) VALUES (30313809, 1, 30313800, 30313806, 132456, CURRENT, 132456, CURRENT);
INSERT INTO upload (upload_id, project_id, resource_id, upload_type_id, upload_status_id, parameter, create_user, create_date, modify_user, modify_date, project_phase_id) VALUES (30313810, 30313800, 30313809, 1, 1, '30010038_30010845_30010535.zip', 132458, '2013-07-10 18:27:31', 132458, CURRENT, 30313806);
INSERT INTO submission (submission_id, upload_id, submission_status_id, screening_score, initial_score, final_score, placement, submission_type_id, create_user, create_date, modify_user, modify_date, prize_id) VALUES (30313811, 30313810, 1, 100, 80, 90, 1, 1, 132458, CURRENT, 132458, CURRENT, null);
