DATABASE tcs_catalog;

DELETE FROM resource_submission WHERE resource_id BETWEEN 8007000 AND 8007999;
DELETE FROM submission WHERE submission_id BETWEEN 8007000 AND 8007999;
DELETE FROM upload WHERE upload_id BETWEEN 8007000 AND 8007999;
DELETE FROM resource_info WHERE resource_id BETWEEN 8007000 AND 8007999;
DELETE FROM resource WHERE resource_id BETWEEN 8007000 AND 8007999;
DELETE FROM project_result WHERE user_id BETWEEN 8007000 AND 8007999;
DELETE FROM component_inquiry WHERE user_id BETWEEN 8007000 AND 8007999;
DELETE FROM project_phase WHERE project_id BETWEEN 8007000 AND 8007999;
DELETE FROM prize WHERE project_id BETWEEN 8007000 AND 8007999;
DELETE FROM project_info WHERE project_id BETWEEN 8007000 AND 8007999;
DELETE FROM project WHERE project_id BETWEEN 8007000 AND 8007999;
DELETE FROM common_oltp:user_social_login WHERE user_id BETWEEN 8007000 AND 8007999;
DELETE FROM informixoltp:coder WHERE coder_id BETWEEN 8007000 AND 8007999;
DELETE FROM common_oltp:email WHERE user_id BETWEEN 8007000 AND 8007999;
DELETE FROM common_oltp:user_security_key WHERE user_id BETWEEN 8007000 AND 8007999;
DELETE FROM common_oltp:corona_event WHERE user_id BETWEEN 8007000 AND 8007999;
DELETE FROM common_oltp:user WHERE user_id BETWEEN 8007000 AND 8007999;
DELETE FROM common_oltp:security_user WHERE login_id BETWEEN 8007000 AND 8007999;
DELETE FROM corporate_oltp:direct_project_account WHERE project_id BETWEEN 8007000 AND 8007999;
DELETE FROM corporate_oltp:tc_direct_project WHERE project_id BETWEEN 8007000 AND 8007999;
DELETE FROM time_oltp:client_project WHERE project_id BETWEEN 8007000 AND 8007999;
DELETE FROM time_oltp:project WHERE project_id BETWEEN 8007000 AND 8007999;
DELETE FROM time_oltp:client WHERE client_id BETWEEN 8007000 AND 8007999;
DELETE FROM time_oltp:payment_terms WHERE payment_terms_id BETWEEN 8007000 AND 8007999;
DELETE FROM time_oltp:company WHERE company_id BETWEEN 8007000 AND 8007999;

INSERT INTO time_oltp:company (company_id, name, passcode, is_deleted, creation_date, creation_user, modification_date, modification_user) VALUES (8007001, 'Company 1', 'PASSCODE 1(8007001)', 0, CURRENT, 132456, CURRENT, 132456);
INSERT INTO time_oltp:payment_terms (payment_terms_id, description, creation_date, creation_user, modification_date, modification_user, active, term) VALUES (8007001, 'Payment Terms 1', CURRENT, 132456, CURRENT, 132456, 1, 1);
INSERT INTO time_oltp:client (client_id, name, company_id, payment_term_id, status, salestax, start_date, end_date, code_name, is_deleted, client_status_id, creation_date, creation_user, modification_date, modification_user, cmc_account_id, customer_number) VALUES (8007001, 'Client 8007001', 8007001, 8007001, 1, 31.0, '2014-04-23 13:15:41', '2014-04-27 13:15:41', 'CodeName 1', 0, 1, CURRENT, 132456, CURRENT, 132456, 80070010, 800700100);
INSERT INTO time_oltp:project (project_id, company_id, name, active, sales_tax, po_box_number, payment_terms_id, description, start_date, end_date, project_status_id, client_id, parent_project_id, is_deleted, is_manual_prize_setting, budget, creation_date, creation_user, modification_date, modification_user) VALUES (8007001, 8007001, 'Client 8007001 Billing Account 1', 1, 32.0, 'PO BOX 8007001', 8007001, 'Client 8007001 Billing Account 1', '2014-04-16 13:15:41', '2014-05-03 04:46:52', 1, 8007001, null, 0, 0, 88524.0, CURRENT, 132456, CURRENT, 132456);
INSERT INTO time_oltp:client_project (client_id, project_id, creation_date, creation_user, modification_date, modification_user) VALUES (8007001, 8007001, CURRENT, 132456, CURRENT, 132456);
INSERT INTO corporate_oltp:tc_direct_project (project_id, name, description, project_status_id, user_id, create_date, modify_date, project_forum_id) VALUES (8007001, 'Client 8007001 Billing Account 1 Project 1', 'Client 8007001 Billing Account 1 Project 1', 1, 132458, CURRENT, CURRENT, 8007001);
INSERT INTO corporate_oltp:direct_project_account (direct_project_account_id,  project_id, billing_account_id) VALUES (8007001, 8007001, 8007001);

INSERT INTO common_oltp:security_user (login_id, user_id, password, create_user_id) VALUES (8007001, 'mess8007001', '4EjPjy6o+/C+dqNPnxIy9A==', 0);
INSERT INTO common_oltp:user_security_key (user_id, security_key, security_key_type_id) VALUES (8007001, 'some key data for mess8007001', 1);
INSERT INTO common_oltp:user (user_id, first_name, last_name, create_date, handle, status, timezone_id) VALUES (8007001, 'Rowan', 'Doe', CURRENT, 'mess8007001', 'A', 143);
INSERT INTO common_oltp:email (user_id, email_id, email_type_id, address, create_date, modify_date, primary_ind, status_id) VALUES (8007001, 8007001, 1, 'test@test.com', CURRENT, CURRENT, 1, 1);
INSERT INTO informixoltp:coder (coder_id, member_since, quote, modify_date, language_id, coder_type_id, date_of_birth, comp_country_code, contact_date) VALUES (8007001, '2001-05-09 01:04:42.000', 'User quote', '2008-08-14 14:05:37.000', 1, 2, NULL, '840', NULL);
INSERT INTO common_oltp:user_social_login (social_user_id, user_id, social_login_provider_id, social_user_name) VALUES ('fb8007001', 8007001, 1, 'mess8007001_social');

INSERT INTO common_oltp:security_user (login_id, user_id, password, create_user_id) VALUES (8007002, 'marcg8007002', '4EjPjy6o+/C+dqNPnxIy9A==', 0);
INSERT INTO common_oltp:user_security_key (user_id, security_key, security_key_type_id) VALUES (8007002, 'some key data for marcg8007002', 1);
INSERT INTO common_oltp:user (user_id, first_name, last_name, create_date, handle, status, timezone_id) VALUES (8007002, 'Bill', 'Roberts', CURRENT, 'marcg8007002', 'A', 143);
INSERT INTO common_oltp:email (user_id, email_id, email_type_id, address, create_date, modify_date, primary_ind, status_id) VALUES (8007002, 8007002, 1, 'test@test.com', CURRENT, CURRENT, 1, 1);
INSERT INTO informixoltp:coder (coder_id, member_since, quote, modify_date, language_id, coder_type_id, date_of_birth, comp_country_code, contact_date) VALUES (8007002, '2001-05-09 01:04:42.000', 'User quote', '2008-08-14 14:05:37.000', 1, 2, NULL, '840', NULL);
INSERT INTO common_oltp:user_social_login (social_user_id, user_id, social_login_provider_id, social_user_name) VALUES ('fb8007002', 8007002, 1, 'marcg8007002_social');
INSERT INTO common_oltp:security_user (login_id, user_id, password, create_user_id) VALUES (8007003, 'pvmagacho8007003', '4EjPjy6o+/C+dqNPnxIy9A==', 0);
INSERT INTO common_oltp:user_security_key (user_id, security_key, security_key_type_id) VALUES (8007003, 'some key data for pvmagacho8007003', 1);
INSERT INTO common_oltp:user (user_id, first_name, last_name, create_date, handle, status, timezone_id) VALUES (8007003, 'Jessica', 'Messinger', CURRENT, 'pvmagacho8007003', 'A', 143);
INSERT INTO common_oltp:email (user_id, email_id, email_type_id, address, create_date, modify_date, primary_ind, status_id) VALUES (8007003, 8007003, 1, 'test@test.com', CURRENT, CURRENT, 1, 1);
INSERT INTO informixoltp:coder (coder_id, member_since, quote, modify_date, language_id, coder_type_id, date_of_birth, comp_country_code, contact_date) VALUES (8007003, '2001-05-09 01:04:42.000', 'User quote', '2008-08-14 14:05:37.000', 1, 2, NULL, '840', NULL);
INSERT INTO common_oltp:user_social_login (social_user_id, user_id, social_login_provider_id, social_user_name) VALUES ('fb8007003', 8007003, 1, 'pvmagacho8007003_social');
INSERT INTO common_oltp:security_user (login_id, user_id, password, create_user_id) VALUES (8007004, 'marcg8007004', '4EjPjy6o+/C+dqNPnxIy9A==', 0);
INSERT INTO common_oltp:user_security_key (user_id, security_key, security_key_type_id) VALUES (8007004, 'some key data for marcg8007004', 1);
INSERT INTO common_oltp:user (user_id, first_name, last_name, create_date, handle, status, timezone_id) VALUES (8007004, 'Dave', 'Bollinger', CURRENT, 'marcg8007004', 'A', 143);
INSERT INTO common_oltp:email (user_id, email_id, email_type_id, address, create_date, modify_date, primary_ind, status_id) VALUES (8007004, 8007004, 1, 'test@test.com', CURRENT, CURRENT, 1, 1);
INSERT INTO informixoltp:coder (coder_id, member_since, quote, modify_date, language_id, coder_type_id, date_of_birth, comp_country_code, contact_date) VALUES (8007004, '2001-05-09 01:04:42.000', 'User quote', '2008-08-14 14:05:37.000', 1, 2, NULL, '840', NULL);
INSERT INTO common_oltp:user_social_login (social_user_id, user_id, social_login_provider_id, social_user_name) VALUES ('fb8007004', 8007004, 1, 'marcg8007004_social');
INSERT INTO common_oltp:security_user (login_id, user_id, password, create_user_id) VALUES (8007005, 'TonyJ8007005', '4EjPjy6o+/C+dqNPnxIy9A==', 0);
INSERT INTO common_oltp:user_security_key (user_id, security_key, security_key_type_id) VALUES (8007005, 'some key data for TonyJ8007005', 1);
INSERT INTO common_oltp:user (user_id, first_name, last_name, create_date, handle, status, timezone_id) VALUES (8007005, 'Jessica', 'Theron', CURRENT, 'TonyJ8007005', 'A', 143);
INSERT INTO common_oltp:email (user_id, email_id, email_type_id, address, create_date, modify_date, primary_ind, status_id) VALUES (8007005, 8007005, 1, 'test@test.com', CURRENT, CURRENT, 1, 1);
INSERT INTO informixoltp:coder (coder_id, member_since, quote, modify_date, language_id, coder_type_id, date_of_birth, comp_country_code, contact_date) VALUES (8007005, '2001-05-09 01:04:42.000', 'User quote', '2008-08-14 14:05:37.000', 1, 2, NULL, '840', NULL);
INSERT INTO common_oltp:user_social_login (social_user_id, user_id, social_login_provider_id, social_user_name) VALUES ('fb8007005', 8007005, 1, 'TonyJ8007005_social');
INSERT INTO common_oltp:security_user (login_id, user_id, password, create_user_id) VALUES (8007006, 'Pops8007006', '4EjPjy6o+/C+dqNPnxIy9A==', 0);
INSERT INTO common_oltp:user_security_key (user_id, security_key, security_key_type_id) VALUES (8007006, 'some key data for Pops8007006', 1);
INSERT INTO common_oltp:user (user_id, first_name, last_name, create_date, handle, status, timezone_id) VALUES (8007006, 'Jessica', 'Blais', CURRENT, 'Pops8007006', 'A', 143);
INSERT INTO common_oltp:email (user_id, email_id, email_type_id, address, create_date, modify_date, primary_ind, status_id) VALUES (8007006, 8007006, 1, 'test@test.com', CURRENT, CURRENT, 1, 1);
INSERT INTO informixoltp:coder (coder_id, member_since, quote, modify_date, language_id, coder_type_id, date_of_birth, comp_country_code, contact_date) VALUES (8007006, '2001-05-09 01:04:42.000', 'User quote', '2008-08-14 14:05:37.000', 1, 2, NULL, '840', NULL);
INSERT INTO common_oltp:user_social_login (social_user_id, user_id, social_login_provider_id, social_user_name) VALUES ('fb8007006', 8007006, 1, 'Pops8007006_social');
INSERT INTO common_oltp:security_user (login_id, user_id, password, create_user_id) VALUES (8007007, 'marcg8007007', '4EjPjy6o+/C+dqNPnxIy9A==', 0);
INSERT INTO common_oltp:user_security_key (user_id, security_key, security_key_type_id) VALUES (8007007, 'some key data for marcg8007007', 1);
INSERT INTO common_oltp:user (user_id, first_name, last_name, create_date, handle, status, timezone_id) VALUES (8007007, 'Jessica', 'Messinger', CURRENT, 'marcg8007007', 'A', 143);
INSERT INTO common_oltp:email (user_id, email_id, email_type_id, address, create_date, modify_date, primary_ind, status_id) VALUES (8007007, 8007007, 1, 'test@test.com', CURRENT, CURRENT, 1, 1);
INSERT INTO informixoltp:coder (coder_id, member_since, quote, modify_date, language_id, coder_type_id, date_of_birth, comp_country_code, contact_date) VALUES (8007007, '2001-05-09 01:04:42.000', 'User quote', '2008-08-14 14:05:37.000', 1, 2, NULL, '840', NULL);
INSERT INTO common_oltp:user_social_login (social_user_id, user_id, social_login_provider_id, social_user_name) VALUES ('fb8007007', 8007007, 1, 'marcg8007007_social');
INSERT INTO common_oltp:security_user (login_id, user_id, password, create_user_id) VALUES (8007008, 'hohosky8007008', '4EjPjy6o+/C+dqNPnxIy9A==', 0);
INSERT INTO common_oltp:user_security_key (user_id, security_key, security_key_type_id) VALUES (8007008, 'some key data for hohosky8007008', 1);
INSERT INTO common_oltp:user (user_id, first_name, last_name, create_date, handle, status, timezone_id) VALUES (8007008, 'Rowan', 'Theron', CURRENT, 'hohosky8007008', 'A', 143);
INSERT INTO common_oltp:email (user_id, email_id, email_type_id, address, create_date, modify_date, primary_ind, status_id) VALUES (8007008, 8007008, 1, 'test@test.com', CURRENT, CURRENT, 1, 1);
INSERT INTO informixoltp:coder (coder_id, member_since, quote, modify_date, language_id, coder_type_id, date_of_birth, comp_country_code, contact_date) VALUES (8007008, '2001-05-09 01:04:42.000', 'User quote', '2008-08-14 14:05:37.000', 1, 2, NULL, '840', NULL);
INSERT INTO common_oltp:user_social_login (social_user_id, user_id, social_login_provider_id, social_user_name) VALUES ('fb8007008', 8007008, 1, 'hohosky8007008_social');
INSERT INTO common_oltp:security_user (login_id, user_id, password, create_user_id) VALUES (8007009, 'hohosky8007009', '4EjPjy6o+/C+dqNPnxIy9A==', 0);
INSERT INTO common_oltp:user_security_key (user_id, security_key, security_key_type_id) VALUES (8007009, 'some key data for hohosky8007009', 1);
INSERT INTO common_oltp:user (user_id, first_name, last_name, create_date, handle, status, timezone_id) VALUES (8007009, 'Bill', 'Smith', CURRENT, 'hohosky8007009', 'A', 143);
INSERT INTO common_oltp:email (user_id, email_id, email_type_id, address, create_date, modify_date, primary_ind, status_id) VALUES (8007009, 8007009, 1, 'test@test.com', CURRENT, CURRENT, 1, 1);
INSERT INTO informixoltp:coder (coder_id, member_since, quote, modify_date, language_id, coder_type_id, date_of_birth, comp_country_code, contact_date) VALUES (8007009, '2001-05-09 01:04:42.000', 'User quote', '2008-08-14 14:05:37.000', 1, 2, NULL, '840', NULL);
INSERT INTO common_oltp:user_social_login (social_user_id, user_id, social_login_provider_id, social_user_name) VALUES ('fb8007009', 8007009, 1, 'hohosky8007009_social');
INSERT INTO common_oltp:security_user (login_id, user_id, password, create_user_id) VALUES (8007010, 'flexme8007010', '4EjPjy6o+/C+dqNPnxIy9A==', 0);
INSERT INTO common_oltp:user_security_key (user_id, security_key, security_key_type_id) VALUES (8007010, 'some key data for flexme8007010', 1);
INSERT INTO common_oltp:user (user_id, first_name, last_name, create_date, handle, status, timezone_id) VALUES (8007010, 'Tony', 'Messinger', CURRENT, 'flexme8007010', 'A', 143);
INSERT INTO common_oltp:email (user_id, email_id, email_type_id, address, create_date, modify_date, primary_ind, status_id) VALUES (8007010, 8007010, 1, 'test@test.com', CURRENT, CURRENT, 1, 1);
INSERT INTO informixoltp:coder (coder_id, member_since, quote, modify_date, language_id, coder_type_id, date_of_birth, comp_country_code, contact_date) VALUES (8007010, '2001-05-09 01:04:42.000', 'User quote', '2008-08-14 14:05:37.000', 1, 2, NULL, '840', NULL);
INSERT INTO common_oltp:user_social_login (social_user_id, user_id, social_login_provider_id, social_user_name) VALUES ('fb8007010', 8007010, 1, 'flexme8007010_social');
INSERT INTO common_oltp:security_user (login_id, user_id, password, create_user_id) VALUES (8007011, 'dok8007011', '4EjPjy6o+/C+dqNPnxIy9A==', 0);
INSERT INTO common_oltp:user_security_key (user_id, security_key, security_key_type_id) VALUES (8007011, 'some key data for dok8007011', 1);
INSERT INTO common_oltp:user (user_id, first_name, last_name, create_date, handle, status, timezone_id) VALUES (8007011, 'Tony', 'Messinger', CURRENT, 'dok8007011', 'A', 143);
INSERT INTO common_oltp:email (user_id, email_id, email_type_id, address, create_date, modify_date, primary_ind, status_id) VALUES (8007011, 8007011, 1, 'test@test.com', CURRENT, CURRENT, 1, 1);
INSERT INTO informixoltp:coder (coder_id, member_since, quote, modify_date, language_id, coder_type_id, date_of_birth, comp_country_code, contact_date) VALUES (8007011, '2001-05-09 01:04:42.000', 'User quote', '2008-08-14 14:05:37.000', 1, 2, NULL, '840', NULL);
INSERT INTO common_oltp:user_social_login (social_user_id, user_id, social_login_provider_id, social_user_name) VALUES ('fb8007011', 8007011, 1, 'dok8007011_social');
INSERT INTO common_oltp:security_user (login_id, user_id, password, create_user_id) VALUES (8007012, 'pvmagacho8007012', '4EjPjy6o+/C+dqNPnxIy9A==', 0);
INSERT INTO common_oltp:user_security_key (user_id, security_key, security_key_type_id) VALUES (8007012, 'some key data for pvmagacho8007012', 1);
INSERT INTO common_oltp:user (user_id, first_name, last_name, create_date, handle, status, timezone_id) VALUES (8007012, 'Tony', 'Smith', CURRENT, 'pvmagacho8007012', 'A', 143);
INSERT INTO common_oltp:email (user_id, email_id, email_type_id, address, create_date, modify_date, primary_ind, status_id) VALUES (8007012, 8007012, 1, 'test@test.com', CURRENT, CURRENT, 1, 1);
INSERT INTO informixoltp:coder (coder_id, member_since, quote, modify_date, language_id, coder_type_id, date_of_birth, comp_country_code, contact_date) VALUES (8007012, '2001-05-09 01:04:42.000', 'User quote', '2008-08-14 14:05:37.000', 1, 2, NULL, '840', NULL);
INSERT INTO common_oltp:user_social_login (social_user_id, user_id, social_login_provider_id, social_user_name) VALUES ('fb8007012', 8007012, 1, 'pvmagacho8007012_social');
INSERT INTO common_oltp:security_user (login_id, user_id, password, create_user_id) VALUES (8007013, 'TonyJ8007013', '4EjPjy6o+/C+dqNPnxIy9A==', 0);
INSERT INTO common_oltp:user_security_key (user_id, security_key, security_key_type_id) VALUES (8007013, 'some key data for TonyJ8007013', 1);
INSERT INTO common_oltp:user (user_id, first_name, last_name, create_date, handle, status, timezone_id) VALUES (8007013, 'Jessica', 'Bollinger', CURRENT, 'TonyJ8007013', 'A', 143);
INSERT INTO common_oltp:email (user_id, email_id, email_type_id, address, create_date, modify_date, primary_ind, status_id) VALUES (8007013, 8007013, 1, 'test@test.com', CURRENT, CURRENT, 1, 1);
INSERT INTO informixoltp:coder (coder_id, member_since, quote, modify_date, language_id, coder_type_id, date_of_birth, comp_country_code, contact_date) VALUES (8007013, '2001-05-09 01:04:42.000', 'User quote', '2008-08-14 14:05:37.000', 1, 2, NULL, '840', NULL);
INSERT INTO common_oltp:user_social_login (social_user_id, user_id, social_login_provider_id, social_user_name) VALUES ('fb8007013', 8007013, 1, 'TonyJ8007013_social');
INSERT INTO common_oltp:security_user (login_id, user_id, password, create_user_id) VALUES (8007014, 'dok8007014', '4EjPjy6o+/C+dqNPnxIy9A==', 0);
INSERT INTO common_oltp:user_security_key (user_id, security_key, security_key_type_id) VALUES (8007014, 'some key data for dok8007014', 1);
INSERT INTO common_oltp:user (user_id, first_name, last_name, create_date, handle, status, timezone_id) VALUES (8007014, 'Rowan', 'Smith', CURRENT, 'dok8007014', 'A', 143);
INSERT INTO common_oltp:email (user_id, email_id, email_type_id, address, create_date, modify_date, primary_ind, status_id) VALUES (8007014, 8007014, 1, 'test@test.com', CURRENT, CURRENT, 1, 1);
INSERT INTO informixoltp:coder (coder_id, member_since, quote, modify_date, language_id, coder_type_id, date_of_birth, comp_country_code, contact_date) VALUES (8007014, '2001-05-09 01:04:42.000', 'User quote', '2008-08-14 14:05:37.000', 1, 2, NULL, '840', NULL);
INSERT INTO common_oltp:user_social_login (social_user_id, user_id, social_login_provider_id, social_user_name) VALUES ('fb8007014', 8007014, 1, 'dok8007014_social');
INSERT INTO common_oltp:security_user (login_id, user_id, password, create_user_id) VALUES (8007015, 'Pops8007015', '4EjPjy6o+/C+dqNPnxIy9A==', 0);
INSERT INTO common_oltp:user_security_key (user_id, security_key, security_key_type_id) VALUES (8007015, 'some key data for Pops8007015', 1);
INSERT INTO common_oltp:user (user_id, first_name, last_name, create_date, handle, status, timezone_id) VALUES (8007015, 'Dave', 'Blais', CURRENT, 'Pops8007015', 'A', 143);
INSERT INTO common_oltp:email (user_id, email_id, email_type_id, address, create_date, modify_date, primary_ind, status_id) VALUES (8007015, 8007015, 1, 'test@test.com', CURRENT, CURRENT, 1, 1);
INSERT INTO informixoltp:coder (coder_id, member_since, quote, modify_date, language_id, coder_type_id, date_of_birth, comp_country_code, contact_date) VALUES (8007015, '2001-05-09 01:04:42.000', 'User quote', '2008-08-14 14:05:37.000', 1, 2, NULL, '840', NULL);
INSERT INTO common_oltp:user_social_login (social_user_id, user_id, social_login_provider_id, social_user_name) VALUES ('fb8007015', 8007015, 1, 'Pops8007015_social');
INSERT INTO common_oltp:security_user (login_id, user_id, password, create_user_id) VALUES (8007016, 'jmpld8007016', '4EjPjy6o+/C+dqNPnxIy9A==', 0);
INSERT INTO common_oltp:user_security_key (user_id, security_key, security_key_type_id) VALUES (8007016, 'some key data for jmpld8007016', 1);
INSERT INTO common_oltp:user (user_id, first_name, last_name, create_date, handle, status, timezone_id) VALUES (8007016, 'John', 'Doe', CURRENT, 'jmpld8007016', 'A', 143);
INSERT INTO common_oltp:email (user_id, email_id, email_type_id, address, create_date, modify_date, primary_ind, status_id) VALUES (8007016, 8007016, 1, 'test@test.com', CURRENT, CURRENT, 1, 1);
INSERT INTO informixoltp:coder (coder_id, member_since, quote, modify_date, language_id, coder_type_id, date_of_birth, comp_country_code, contact_date) VALUES (8007016, '2001-05-09 01:04:42.000', 'User quote', '2008-08-14 14:05:37.000', 1, 2, NULL, '840', NULL);
INSERT INTO common_oltp:user_social_login (social_user_id, user_id, social_login_provider_id, social_user_name) VALUES ('fb8007016', 8007016, 1, 'jmpld8007016_social');
INSERT INTO common_oltp:security_user (login_id, user_id, password, create_user_id) VALUES (8007017, 'WishingBone8007017', '4EjPjy6o+/C+dqNPnxIy9A==', 0);
INSERT INTO common_oltp:user_security_key (user_id, security_key, security_key_type_id) VALUES (8007017, 'some key data for WishingBone8007017', 1);
INSERT INTO common_oltp:user (user_id, first_name, last_name, create_date, handle, status, timezone_id) VALUES (8007017, 'Jessie', 'Blais', CURRENT, 'WishingBone8007017', 'A', 143);
INSERT INTO common_oltp:email (user_id, email_id, email_type_id, address, create_date, modify_date, primary_ind, status_id) VALUES (8007017, 8007017, 1, 'test@test.com', CURRENT, CURRENT, 1, 1);
INSERT INTO informixoltp:coder (coder_id, member_since, quote, modify_date, language_id, coder_type_id, date_of_birth, comp_country_code, contact_date) VALUES (8007017, '2001-05-09 01:04:42.000', 'User quote', '2008-08-14 14:05:37.000', 1, 2, NULL, '840', NULL);
INSERT INTO common_oltp:user_social_login (social_user_id, user_id, social_login_provider_id, social_user_name) VALUES ('fb8007017', 8007017, 1, 'WishingBone8007017_social');
INSERT INTO common_oltp:security_user (login_id, user_id, password, create_user_id) VALUES (8007018, 'WishingBone8007018', '4EjPjy6o+/C+dqNPnxIy9A==', 0);
INSERT INTO common_oltp:user_security_key (user_id, security_key, security_key_type_id) VALUES (8007018, 'some key data for WishingBone8007018', 1);
INSERT INTO common_oltp:user (user_id, first_name, last_name, create_date, handle, status, timezone_id) VALUES (8007018, 'John', 'Doe', CURRENT, 'WishingBone8007018', 'A', 143);
INSERT INTO common_oltp:email (user_id, email_id, email_type_id, address, create_date, modify_date, primary_ind, status_id) VALUES (8007018, 8007018, 1, 'test@test.com', CURRENT, CURRENT, 1, 1);
INSERT INTO informixoltp:coder (coder_id, member_since, quote, modify_date, language_id, coder_type_id, date_of_birth, comp_country_code, contact_date) VALUES (8007018, '2001-05-09 01:04:42.000', 'User quote', '2008-08-14 14:05:37.000', 1, 2, NULL, '840', NULL);
INSERT INTO common_oltp:user_social_login (social_user_id, user_id, social_login_provider_id, social_user_name) VALUES ('fb8007018', 8007018, 1, 'WishingBone8007018_social');
INSERT INTO common_oltp:security_user (login_id, user_id, password, create_user_id) VALUES (8007019, 'hohosky8007019', '4EjPjy6o+/C+dqNPnxIy9A==', 0);
INSERT INTO common_oltp:user_security_key (user_id, security_key, security_key_type_id) VALUES (8007019, 'some key data for hohosky8007019', 1);
INSERT INTO common_oltp:user (user_id, first_name, last_name, create_date, handle, status, timezone_id) VALUES (8007019, 'Dave', 'Wu', CURRENT, 'hohosky8007019', 'A', 143);
INSERT INTO common_oltp:email (user_id, email_id, email_type_id, address, create_date, modify_date, primary_ind, status_id) VALUES (8007019, 8007019, 1, 'test@test.com', CURRENT, CURRENT, 1, 1);
INSERT INTO informixoltp:coder (coder_id, member_since, quote, modify_date, language_id, coder_type_id, date_of_birth, comp_country_code, contact_date) VALUES (8007019, '2001-05-09 01:04:42.000', 'User quote', '2008-08-14 14:05:37.000', 1, 2, NULL, '840', NULL);
INSERT INTO common_oltp:user_social_login (social_user_id, user_id, social_login_provider_id, social_user_name) VALUES ('fb8007019', 8007019, 1, 'hohosky8007019_social');
INSERT INTO common_oltp:security_user (login_id, user_id, password, create_user_id) VALUES (8007020, 'bblais8007020', '4EjPjy6o+/C+dqNPnxIy9A==', 0);
INSERT INTO common_oltp:user_security_key (user_id, security_key, security_key_type_id) VALUES (8007020, 'some key data for bblais8007020', 1);
INSERT INTO common_oltp:user (user_id, first_name, last_name, create_date, handle, status, timezone_id) VALUES (8007020, 'Charlize', 'Bollinger', CURRENT, 'bblais8007020', 'A', 143);
INSERT INTO common_oltp:email (user_id, email_id, email_type_id, address, create_date, modify_date, primary_ind, status_id) VALUES (8007020, 8007020, 1, 'test@test.com', CURRENT, CURRENT, 1, 1);
INSERT INTO informixoltp:coder (coder_id, member_since, quote, modify_date, language_id, coder_type_id, date_of_birth, comp_country_code, contact_date) VALUES (8007020, '2001-05-09 01:04:42.000', 'User quote', '2008-08-14 14:05:37.000', 1, 2, NULL, '840', NULL);
INSERT INTO common_oltp:user_social_login (social_user_id, user_id, social_login_provider_id, social_user_name) VALUES ('fb8007020', 8007020, 1, 'bblais8007020_social');
INSERT INTO common_oltp:security_user (login_id, user_id, password, create_user_id) VALUES (8007021, 'TonyJ8007021', '4EjPjy6o+/C+dqNPnxIy9A==', 0);
INSERT INTO common_oltp:user_security_key (user_id, security_key, security_key_type_id) VALUES (8007021, 'some key data for TonyJ8007021', 1);
INSERT INTO common_oltp:user (user_id, first_name, last_name, create_date, handle, status, timezone_id) VALUES (8007021, 'Marc', 'Wu', CURRENT, 'TonyJ8007021', 'A', 143);
INSERT INTO common_oltp:email (user_id, email_id, email_type_id, address, create_date, modify_date, primary_ind, status_id) VALUES (8007021, 8007021, 1, 'test@test.com', CURRENT, CURRENT, 1, 1);
INSERT INTO informixoltp:coder (coder_id, member_since, quote, modify_date, language_id, coder_type_id, date_of_birth, comp_country_code, contact_date) VALUES (8007021, '2001-05-09 01:04:42.000', 'User quote', '2008-08-14 14:05:37.000', 1, 2, NULL, '840', NULL);
INSERT INTO common_oltp:user_social_login (social_user_id, user_id, social_login_provider_id, social_user_name) VALUES ('fb8007021', 8007021, 1, 'TonyJ8007021_social');
INSERT INTO common_oltp:security_user (login_id, user_id, password, create_user_id) VALUES (8007022, 'marcg8007022', '4EjPjy6o+/C+dqNPnxIy9A==', 0);
INSERT INTO common_oltp:user_security_key (user_id, security_key, security_key_type_id) VALUES (8007022, 'some key data for marcg8007022', 1);
INSERT INTO common_oltp:user (user_id, first_name, last_name, create_date, handle, status, timezone_id) VALUES (8007022, 'Marc', 'Grzeskowiak', CURRENT, 'marcg8007022', 'A', 143);
INSERT INTO common_oltp:email (user_id, email_id, email_type_id, address, create_date, modify_date, primary_ind, status_id) VALUES (8007022, 8007022, 1, 'test@test.com', CURRENT, CURRENT, 1, 1);
INSERT INTO informixoltp:coder (coder_id, member_since, quote, modify_date, language_id, coder_type_id, date_of_birth, comp_country_code, contact_date) VALUES (8007022, '2001-05-09 01:04:42.000', 'User quote', '2008-08-14 14:05:37.000', 1, 2, NULL, '840', NULL);
INSERT INTO common_oltp:user_social_login (social_user_id, user_id, social_login_provider_id, social_user_name) VALUES ('fb8007022', 8007022, 1, 'marcg8007022_social');
INSERT INTO common_oltp:security_user (login_id, user_id, password, create_user_id) VALUES (8007023, 'TonyJ8007023', '4EjPjy6o+/C+dqNPnxIy9A==', 0);
INSERT INTO common_oltp:user_security_key (user_id, security_key, security_key_type_id) VALUES (8007023, 'some key data for TonyJ8007023', 1);
INSERT INTO common_oltp:user (user_id, first_name, last_name, create_date, handle, status, timezone_id) VALUES (8007023, 'Rowan', 'Messinger', CURRENT, 'TonyJ8007023', 'A', 143);
INSERT INTO common_oltp:email (user_id, email_id, email_type_id, address, create_date, modify_date, primary_ind, status_id) VALUES (8007023, 8007023, 1, 'test@test.com', CURRENT, CURRENT, 1, 1);
INSERT INTO informixoltp:coder (coder_id, member_since, quote, modify_date, language_id, coder_type_id, date_of_birth, comp_country_code, contact_date) VALUES (8007023, '2001-05-09 01:04:42.000', 'User quote', '2008-08-14 14:05:37.000', 1, 2, NULL, '840', NULL);
INSERT INTO common_oltp:user_social_login (social_user_id, user_id, social_login_provider_id, social_user_name) VALUES ('fb8007023', 8007023, 1, 'TonyJ8007023_social');
INSERT INTO common_oltp:security_user (login_id, user_id, password, create_user_id) VALUES (8007024, 'srowen8007024', '4EjPjy6o+/C+dqNPnxIy9A==', 0);
INSERT INTO common_oltp:user_security_key (user_id, security_key, security_key_type_id) VALUES (8007024, 'some key data for srowen8007024', 1);
INSERT INTO common_oltp:user (user_id, first_name, last_name, create_date, handle, status, timezone_id) VALUES (8007024, 'Rowan', 'Smith', CURRENT, 'srowen8007024', 'A', 143);
INSERT INTO common_oltp:email (user_id, email_id, email_type_id, address, create_date, modify_date, primary_ind, status_id) VALUES (8007024, 8007024, 1, 'test@test.com', CURRENT, CURRENT, 1, 1);
INSERT INTO informixoltp:coder (coder_id, member_since, quote, modify_date, language_id, coder_type_id, date_of_birth, comp_country_code, contact_date) VALUES (8007024, '2001-05-09 01:04:42.000', 'User quote', '2008-08-14 14:05:37.000', 1, 2, NULL, '840', NULL);
INSERT INTO common_oltp:user_social_login (social_user_id, user_id, social_login_provider_id, social_user_name) VALUES ('fb8007024', 8007024, 1, 'srowen8007024_social');
INSERT INTO project (project_id, project_status_id, project_category_id, create_user, create_date, modify_user, modify_date, tc_direct_project_id, project_studio_spec_id) VALUES (8007001, 1, 17, 132456, CURRENT, 132456, CURRENT, 8007001, NULL);
INSERT INTO project_info (project_id, project_info_type_id, value, create_user, create_date, modify_user, modify_date) VALUES (8007001, 1, '8007001', 132456, CURRENT, 132456, CURRENT);
INSERT INTO project_info (project_id, project_info_type_id, value, create_user, create_date, modify_user, modify_date) VALUES (8007001, 2, '8007001', 132456, CURRENT, 132456, CURRENT);
INSERT INTO project_info (project_id, project_info_type_id, value, create_user, create_date, modify_user, modify_date) VALUES (8007001, 3, '8007001', 132456, CURRENT, 132456, CURRENT);
INSERT INTO project_info (project_id, project_info_type_id, value, create_user, create_date, modify_user, modify_date) VALUES (8007001, 4, '8007002', 132456, CURRENT, 132456, CURRENT);
INSERT INTO project_info (project_id, project_info_type_id, value, create_user, create_date, modify_user, modify_date) VALUES (8007001, 5, '27202915', 132456, CURRENT, 132456, CURRENT);
INSERT INTO project_info (project_id, project_info_type_id, value, create_user, create_date, modify_user, modify_date) VALUES (8007001, 6, 'Web Design Contest 1', 132456, CURRENT, 132456, CURRENT);
INSERT INTO project_info (project_id, project_info_type_id, value, create_user, create_date, modify_user, modify_date) VALUES (8007001, 7, '1.0', 132456, CURRENT, 132456, CURRENT);
INSERT INTO project_info (project_id, project_info_type_id, value, create_user, create_date, modify_user, modify_date) VALUES (8007001, 8, '', 132456, CURRENT, 132456, CURRENT);
INSERT INTO project_info (project_id, project_info_type_id, value, create_user, create_date, modify_user, modify_date) VALUES (8007001, 11, 'On', 132456, CURRENT, 132456, CURRENT);
INSERT INTO project_info (project_id, project_info_type_id, value, create_user, create_date, modify_user, modify_date) VALUES (8007001, 9, 'On', 132456, CURRENT, 132456, CURRENT);
INSERT INTO project_info (project_id, project_info_type_id, value, create_user, create_date, modify_user, modify_date) VALUES (8007001, 10, 'On', 132456, CURRENT, 132456, CURRENT);
INSERT INTO project_info (project_id, project_info_type_id, value, create_user, create_date, modify_user, modify_date) VALUES (8007001, 12, 'Yes', 132456, CURRENT, 132456, CURRENT);
INSERT INTO project_info (project_id, project_info_type_id, value, create_user, create_date, modify_user, modify_date) VALUES (8007001, 13, 'No', 132456, CURRENT, 132456, CURRENT);
INSERT INTO project_info (project_id, project_info_type_id, value, create_user, create_date, modify_user, modify_date) VALUES (8007001, 14, 'Open', 132456, CURRENT, 132456, CURRENT);
INSERT INTO project_info (project_id, project_info_type_id, value, create_user, create_date, modify_user, modify_date) VALUES (8007001, 16, '1700.0', 132456, CURRENT, 132456, CURRENT);
INSERT INTO project_info (project_id, project_info_type_id, value, create_user, create_date, modify_user, modify_date) VALUES (8007001, 17, '', 132456, CURRENT, 132456, CURRENT);
INSERT INTO project_info (project_id, project_info_type_id, value, create_user, create_date, modify_user, modify_date) VALUES (8007001, 26, 'On', 132456, CURRENT, 132456, CURRENT);
INSERT INTO project_info (project_id, project_info_type_id, value, create_user, create_date, modify_user, modify_date) VALUES (8007001, 30, '510.0', 132456, CURRENT, 132456, CURRENT);
INSERT INTO project_info (project_id, project_info_type_id, value, create_user, create_date, modify_user, modify_date) VALUES (8007001, 31, '375.0', 132456, CURRENT, 132456, CURRENT);
INSERT INTO project_info (project_id, project_info_type_id, value, create_user, create_date, modify_user, modify_date) VALUES (8007001, 33, '200.0', 132456, CURRENT, 132456, CURRENT);
INSERT INTO project_info (project_id, project_info_type_id, value, create_user, create_date, modify_user, modify_date) VALUES (8007001, 35, '150.0', 132456, CURRENT, 132456, CURRENT);
INSERT INTO project_info (project_id, project_info_type_id, value, create_user, create_date, modify_user, modify_date) VALUES (8007001, 36, '1700.0', 132456, CURRENT, 132456, CURRENT);
INSERT INTO project_info (project_id, project_info_type_id, value, create_user, create_date, modify_user, modify_date) VALUES (8007001, 37, '1400.0', 132456, CURRENT, 132456, CURRENT);
INSERT INTO project_info (project_id, project_info_type_id, value, create_user, create_date, modify_user, modify_date) VALUES (8007001, 45, 'true', 132456, CURRENT, 132456, CURRENT);
INSERT INTO project_info (project_id, project_info_type_id, value, create_user, create_date, modify_user, modify_date) VALUES (8007001, 32, '8007001', 132456, CURRENT, 132456, CURRENT);
INSERT INTO project_info (project_id, project_info_type_id, value, create_user, create_date, modify_user, modify_date) VALUES (8007001, 41, 'false', 132456, CURRENT, 132456, CURRENT);
INSERT INTO project_info (project_id, project_info_type_id, value, create_user, create_date, modify_user, modify_date) VALUES (8007001, 43, 'true', 132456, CURRENT, 132456, CURRENT);
INSERT INTO project_info (project_id, project_info_type_id, value, create_user, create_date, modify_user, modify_date) VALUES (8007001, 44, 'false', 132456, CURRENT, 132456, CURRENT);
INSERT INTO project_info (project_id, project_info_type_id, value, create_user, create_date, modify_user, modify_date) VALUES (8007001, 46, 'true', 132456, CURRENT, 132456, CURRENT);
INSERT INTO project_info (project_id, project_info_type_id, value, create_user, create_date, modify_user, modify_date) VALUES (8007001, 49, '500', 132456, CURRENT, 132456, CURRENT);
INSERT INTO project_info (project_id, project_info_type_id, value, create_user, create_date, modify_user, modify_date) VALUES (8007001, 52, 'true', 132456, CURRENT, 132456, CURRENT);
INSERT INTO project_info (project_id, project_info_type_id, value, create_user, create_date, modify_user, modify_date) VALUES (8007001, 53, 'true', 132456, CURRENT, 132456, CURRENT);
INSERT INTO project_info (project_id, project_info_type_id, value, create_user, create_date, modify_user, modify_date) VALUES (8007001, 51, '5', 132456, CURRENT, 132456, CURRENT);
INSERT INTO project_info (project_id, project_info_type_id, value, create_user, create_date, modify_user, modify_date) VALUES (8007001, 59, 'true', 132456, CURRENT, 132456, CURRENT);
INSERT INTO prize (prize_id, place, prize_amount, prize_type_id, number_of_submissions,                    create_user, create_date, modify_user, modify_date, project_id) VALUES (8007001, 1, 1700.0, 15, 1, 132456, CURRENT, 132456, CURRENT, 8007001);
INSERT INTO prize (prize_id, place, prize_amount, prize_type_id, number_of_submissions,                    create_user, create_date, modify_user, modify_date, project_id) VALUES (8007002, 2, 1400.0, 15, 1, 132456, CURRENT, 132456, CURRENT, 8007001);
INSERT INTO prize (prize_id, place, prize_amount, prize_type_id, number_of_submissions,                    create_user, create_date, modify_user, modify_date, project_id) VALUES (8007003, 3, 1100.0, 15, 1, 132456, CURRENT, 132456, CURRENT, 8007001);
INSERT INTO prize (prize_id, place, prize_amount, prize_type_id, number_of_submissions,                    create_user, create_date, modify_user, modify_date, project_id) VALUES (8007004, 1, 58.0, 14, 4, 132456, CURRENT, 132456, CURRENT, 8007001);
INSERT INTO project_phase (project_phase_id, project_id, phase_type_id, phase_status_id, fixed_start_time, scheduled_start_time, scheduled_end_time, actual_start_time, actual_end_time, duration, create_user, create_date, modify_user, modify_date) VALUES (8007001, 8007001, 1, 3, CURRENT + -7200 UNITS MINUTE, CURRENT + -7200 UNITS MINUTE, CURRENT + -4320 UNITS MINUTE, CURRENT + -7200 UNITS MINUTE, CURRENT + -4320 UNITS MINUTE, 172800000, 132456, CURRENT, 132456, CURRENT);
INSERT INTO project_phase (project_phase_id, project_id, phase_type_id, phase_status_id, fixed_start_time, scheduled_start_time, scheduled_end_time, actual_start_time, actual_end_time, duration, create_user, create_date, modify_user, modify_date) VALUES (8007002, 8007001, 15, 3, null, CURRENT + -7200 UNITS MINUTE, CURRENT + -2880 UNITS MINUTE, CURRENT + -7200 UNITS MINUTE, CURRENT + -2880 UNITS MINUTE, 259200000, 132456, CURRENT, 132456, CURRENT);
INSERT INTO project_phase (project_phase_id, project_id, phase_type_id, phase_status_id, fixed_start_time, scheduled_start_time, scheduled_end_time, actual_start_time, actual_end_time, duration, create_user, create_date, modify_user, modify_date) VALUES (8007003, 8007001, 16, 3, null, CURRENT + -2880 UNITS MINUTE, CURRENT + -2160 UNITS MINUTE, CURRENT + -2880 UNITS MINUTE, CURRENT + -2160 UNITS MINUTE, 43200000, 132456, CURRENT, 132456, CURRENT);
INSERT INTO project_phase (project_phase_id, project_id, phase_type_id, phase_status_id, fixed_start_time, scheduled_start_time, scheduled_end_time, actual_start_time, actual_end_time, duration, create_user, create_date, modify_user, modify_date) VALUES (8007004, 8007001, 17, 3, null, CURRENT + -2160 UNITS MINUTE, CURRENT + -720 UNITS MINUTE, CURRENT + -2160 UNITS MINUTE, CURRENT + -720 UNITS MINUTE, 86400000, 132456, CURRENT, 132456, CURRENT);
INSERT INTO project_phase (project_phase_id, project_id, phase_type_id, phase_status_id, fixed_start_time, scheduled_start_time, scheduled_end_time, actual_start_time, actual_end_time, duration, create_user, create_date, modify_user, modify_date) VALUES (8007005, 8007001, 2, 2, null, CURRENT + -7200 UNITS MINUTE, CURRENT + 2880 UNITS MINUTE, CURRENT + -7200 UNITS MINUTE, null, 604800000, 132456, CURRENT, 132456, CURRENT);
INSERT INTO project_phase (project_phase_id, project_id, phase_type_id, phase_status_id, fixed_start_time, scheduled_start_time, scheduled_end_time, actual_start_time, actual_end_time, duration, create_user, create_date, modify_user, modify_date) VALUES (8007006, 8007001, 3, 1, null, CURRENT + 2880 UNITS MINUTE, CURRENT + 3600 UNITS MINUTE, null, null, 43200000, 132456, CURRENT, 132456, CURRENT);
INSERT INTO project_phase (project_phase_id, project_id, phase_type_id, phase_status_id, fixed_start_time, scheduled_start_time, scheduled_end_time, actual_start_time, actual_end_time, duration, create_user, create_date, modify_user, modify_date) VALUES (8007007, 8007001, 4, 1, null, CURRENT + 3600 UNITS MINUTE, CURRENT + 9360 UNITS MINUTE, null, null, 345600000, 132456, CURRENT, 132456, CURRENT);
INSERT INTO resource (resource_id, resource_role_id, project_id, project_phase_id, create_user, create_date, modify_user, modify_date) VALUES (8007001, 13, 8007001, NULL, 132456, CURRENT, 132456, CURRENT);
INSERT INTO resource (resource_id, resource_role_id, project_id, project_phase_id, create_user, create_date, modify_user, modify_date) VALUES (8007002, 13, 8007001, NULL, 132456, CURRENT, 132456, CURRENT);
INSERT INTO resource (resource_id, resource_role_id, project_id, project_phase_id, create_user, create_date, modify_user, modify_date) VALUES (8007003, 1, 8007001, NULL, 132456, CURRENT, 132456, CURRENT);
INSERT INTO component_inquiry (component_inquiry_id, component_id, user_id, comment, agreed_to_terms, rating, phase, tc_user_id, version, create_time, project_id) VALUES (8007001, 8007001, 8007022, null, 1, 0, 128, 8007022, 0, CURRENT, 8007001);
INSERT INTO project_result (user_id, project_id, old_rating, new_rating, raw_score, final_score, payment, placed, rating_ind, valid_submission_ind, create_date, modify_date, passed_review_ind, point_adjustment, rating_order) VALUES (8007022, 8007001, null, null, null, null, null, null, 0, 0, CURRENT, CURRENT, null, null, null);
UPDATE user_rating SET rating = 0 WHERE user_id = 8007022 AND phase_id = 128;
INSERT INTO resource (resource_id, resource_role_id, project_id, project_phase_id, create_user, create_date, modify_user, modify_date) VALUES (8007004, 1, 8007001, NULL, 132456, CURRENT, 132456, CURRENT);
INSERT INTO component_inquiry (component_inquiry_id, component_id, user_id, comment, agreed_to_terms, rating, phase, tc_user_id, version, create_time, project_id) VALUES (8007002, 8007001, 8007006, null, 1, 0, 128, 8007006, 0, CURRENT, 8007001);
INSERT INTO project_result (user_id, project_id, old_rating, new_rating, raw_score, final_score, payment, placed, rating_ind, valid_submission_ind, create_date, modify_date, passed_review_ind, point_adjustment, rating_order) VALUES (8007006, 8007001, null, null, null, null, null, null, 0, 0, CURRENT, CURRENT, null, null, null);
UPDATE user_rating SET rating = 0 WHERE user_id = 8007006 AND phase_id = 128;
INSERT INTO resource (resource_id, resource_role_id, project_id, project_phase_id, create_user, create_date, modify_user, modify_date) VALUES (8007005, 1, 8007001, NULL, 132456, CURRENT, 132456, CURRENT);
INSERT INTO component_inquiry (component_inquiry_id, component_id, user_id, comment, agreed_to_terms, rating, phase, tc_user_id, version, create_time, project_id) VALUES (8007003, 8007001, 8007012, null, 1, 0, 128, 8007012, 0, CURRENT, 8007001);
INSERT INTO project_result (user_id, project_id, old_rating, new_rating, raw_score, final_score, payment, placed, rating_ind, valid_submission_ind, create_date, modify_date, passed_review_ind, point_adjustment, rating_order) VALUES (8007012, 8007001, null, null, null, null, null, null, 0, 0, CURRENT, CURRENT, null, null, null);
UPDATE user_rating SET rating = 0 WHERE user_id = 8007012 AND phase_id = 128;
INSERT INTO resource (resource_id, resource_role_id, project_id, project_phase_id, create_user, create_date, modify_user, modify_date) VALUES (8007006, 19, 8007001, 8007003, 132456, CURRENT, 132456, CURRENT);
INSERT INTO resource (resource_id, resource_role_id, project_id, project_phase_id, create_user, create_date, modify_user, modify_date) VALUES (8007007, 20, 8007001, 8007004, 132456, CURRENT, 132456, CURRENT);
INSERT INTO resource (resource_id, resource_role_id, project_id, project_phase_id, create_user, create_date, modify_user, modify_date) VALUES (8007008, 2, 8007001, 8007006, 132456, CURRENT, 132456, CURRENT);
INSERT INTO resource (resource_id, resource_role_id, project_id, project_phase_id, create_user, create_date, modify_user, modify_date) VALUES (8007009, 4, 8007001, 8007007, 132456, CURRENT, 132456, CURRENT);
INSERT INTO resource (resource_id, resource_role_id, project_id, project_phase_id, create_user, create_date, modify_user, modify_date) VALUES (8007010, 14, 8007001, NULL, 132456, CURRENT, 132456, CURRENT);
INSERT INTO resource_info (resource_id, resource_info_type_id, value, create_user, create_date, modify_user, modify_date) VALUES (8007001, 1, '132456', 132456, CURRENT, 132456, CURRENT);
INSERT INTO resource_info (resource_id, resource_info_type_id, value, create_user, create_date, modify_user, modify_date) VALUES (8007001, 2, 'heffan', 132456, CURRENT, 132456, CURRENT);
INSERT INTO resource_info (resource_id, resource_info_type_id, value, create_user, create_date, modify_user, modify_date) VALUES (8007001, 8, 'N/A', 132456, CURRENT, 132456, CURRENT);
INSERT INTO resource_info (resource_id, resource_info_type_id, value, create_user, create_date, modify_user, modify_date) VALUES (8007001, 6, '04.25.2014 01:16 PM', 132456, CURRENT, 132456, CURRENT);
INSERT INTO resource_info (resource_id, resource_info_type_id, value, create_user, create_date, modify_user, modify_date) VALUES (8007002, 1, '22873364', 132456, CURRENT, 132456, CURRENT);
INSERT INTO resource_info (resource_id, resource_info_type_id, value, create_user, create_date, modify_user, modify_date) VALUES (8007002, 2, 'LCSUPPORT', 132456, CURRENT, 132456, CURRENT);
INSERT INTO resource_info (resource_id, resource_info_type_id, value, create_user, create_date, modify_user, modify_date) VALUES (8007002, 8, 'N/A', 132456, CURRENT, 132456, CURRENT);
INSERT INTO resource_info (resource_id, resource_info_type_id, value, create_user, create_date, modify_user, modify_date) VALUES (8007002, 6, '04.25.2014 01:17 PM', 132456, CURRENT, 132456, CURRENT);
INSERT INTO resource_info (resource_id, resource_info_type_id, value, create_user, create_date, modify_user, modify_date) VALUES (8007003, 1, '8007022', 132456, CURRENT, 132456, CURRENT);
INSERT INTO resource_info (resource_id, resource_info_type_id, value, create_user, create_date, modify_user, modify_date) VALUES (8007003, 2, 'marcg8007022', 132456, CURRENT, 132456, CURRENT);
INSERT INTO resource_info (resource_id, resource_info_type_id, value, create_user, create_date, modify_user, modify_date) VALUES (8007003, 3, 'test@test.com', 132456, CURRENT, 132456, CURRENT);
INSERT INTO resource_info (resource_id, resource_info_type_id, value, create_user, create_date, modify_user, modify_date) VALUES (8007003, 5, '4', 132456, CURRENT, 132456, CURRENT);
INSERT INTO resource_info (resource_id, resource_info_type_id, value, create_user, create_date, modify_user, modify_date) VALUES (8007003, 8, 'N/A', 132456, CURRENT, 132456, CURRENT);
INSERT INTO resource_info (resource_id, resource_info_type_id, value, create_user, create_date, modify_user, modify_date) VALUES (8007003, 6, '04.25.2014 01:18 PM', 132456, CURRENT, 132456, CURRENT);
INSERT INTO resource_info (resource_id, resource_info_type_id, value, create_user, create_date, modify_user, modify_date) VALUES (8007003, 13, 'No', 132456, CURRENT, 132456, CURRENT);
INSERT INTO resource_info (resource_id, resource_info_type_id, value, create_user, create_date, modify_user, modify_date) VALUES (8007004, 1, '8007006', 132456, CURRENT, 132456, CURRENT);
INSERT INTO resource_info (resource_id, resource_info_type_id, value, create_user, create_date, modify_user, modify_date) VALUES (8007004, 2, 'Pops8007006', 132456, CURRENT, 132456, CURRENT);
INSERT INTO resource_info (resource_id, resource_info_type_id, value, create_user, create_date, modify_user, modify_date) VALUES (8007004, 3, 'test@test.com', 132456, CURRENT, 132456, CURRENT);
INSERT INTO resource_info (resource_id, resource_info_type_id, value, create_user, create_date, modify_user, modify_date) VALUES (8007004, 8, 'N/A', 132456, CURRENT, 132456, CURRENT);
INSERT INTO resource_info (resource_id, resource_info_type_id, value, create_user, create_date, modify_user, modify_date) VALUES (8007004, 6, '04.25.2014 01:19 PM', 132456, CURRENT, 132456, CURRENT);
INSERT INTO resource_info (resource_id, resource_info_type_id, value, create_user, create_date, modify_user, modify_date) VALUES (8007004, 13, 'No', 132456, CURRENT, 132456, CURRENT);
INSERT INTO resource_info (resource_id, resource_info_type_id, value, create_user, create_date, modify_user, modify_date) VALUES (8007005, 1, '8007012', 132456, CURRENT, 132456, CURRENT);
INSERT INTO resource_info (resource_id, resource_info_type_id, value, create_user, create_date, modify_user, modify_date) VALUES (8007005, 2, 'pvmagacho8007012', 132456, CURRENT, 132456, CURRENT);
INSERT INTO resource_info (resource_id, resource_info_type_id, value, create_user, create_date, modify_user, modify_date) VALUES (8007005, 3, 'test@test.com', 132456, CURRENT, 132456, CURRENT);
INSERT INTO resource_info (resource_id, resource_info_type_id, value, create_user, create_date, modify_user, modify_date) VALUES (8007005, 8, 'N/A', 132456, CURRENT, 132456, CURRENT);
INSERT INTO resource_info (resource_id, resource_info_type_id, value, create_user, create_date, modify_user, modify_date) VALUES (8007005, 6, '04.25.2014 01:20 PM', 132456, CURRENT, 132456, CURRENT);
INSERT INTO resource_info (resource_id, resource_info_type_id, value, create_user, create_date, modify_user, modify_date) VALUES (8007005, 13, 'No', 132456, CURRENT, 132456, CURRENT);
INSERT INTO resource_info (resource_id, resource_info_type_id, value, create_user, create_date, modify_user, modify_date) VALUES (8007006, 1, '124852', 132456, CURRENT, 132456, CURRENT);
INSERT INTO resource_info (resource_id, resource_info_type_id, value, create_user, create_date, modify_user, modify_date) VALUES (8007006, 2, 'plinehan', 132456, CURRENT, 132456, CURRENT);
INSERT INTO resource_info (resource_id, resource_info_type_id, value, create_user, create_date, modify_user, modify_date) VALUES (8007006, 8, 'N/A', 132456, CURRENT, 132456, CURRENT);
INSERT INTO resource_info (resource_id, resource_info_type_id, value, create_user, create_date, modify_user, modify_date) VALUES (8007006, 6, '04.23.2014 01:21 PM', 132456, CURRENT, 132456, CURRENT);
INSERT INTO resource_info (resource_id, resource_info_type_id, value, create_user, create_date, modify_user, modify_date) VALUES (8007007, 1, '124852', 132456, CURRENT, 132456, CURRENT);
INSERT INTO resource_info (resource_id, resource_info_type_id, value, create_user, create_date, modify_user, modify_date) VALUES (8007007, 2, 'plinehan', 132456, CURRENT, 132456, CURRENT);
INSERT INTO resource_info (resource_id, resource_info_type_id, value, create_user, create_date, modify_user, modify_date) VALUES (8007007, 8, 'N/A', 132456, CURRENT, 132456, CURRENT);
INSERT INTO resource_info (resource_id, resource_info_type_id, value, create_user, create_date, modify_user, modify_date) VALUES (8007007, 6, '04.24.2014 01:22 AM', 132456, CURRENT, 132456, CURRENT);
INSERT INTO resource_info (resource_id, resource_info_type_id, value, create_user, create_date, modify_user, modify_date) VALUES (8007008, 1, '124852', 132456, CURRENT, 132456, CURRENT);
INSERT INTO resource_info (resource_id, resource_info_type_id, value, create_user, create_date, modify_user, modify_date) VALUES (8007008, 2, 'plinehan', 132456, CURRENT, 132456, CURRENT);
INSERT INTO resource_info (resource_id, resource_info_type_id, value, create_user, create_date, modify_user, modify_date) VALUES (8007008, 8, 'N/A', 132456, CURRENT, 132456, CURRENT);
INSERT INTO resource_info (resource_id, resource_info_type_id, value, create_user, create_date, modify_user, modify_date) VALUES (8007008, 6, '04.27.2014 01:23 PM', 132456, CURRENT, 132456, CURRENT);
INSERT INTO resource_info (resource_id, resource_info_type_id, value, create_user, create_date, modify_user, modify_date) VALUES (8007009, 1, '124852', 132456, CURRENT, 132456, CURRENT);
INSERT INTO resource_info (resource_id, resource_info_type_id, value, create_user, create_date, modify_user, modify_date) VALUES (8007009, 2, 'plinehan', 132456, CURRENT, 132456, CURRENT);
INSERT INTO resource_info (resource_id, resource_info_type_id, value, create_user, create_date, modify_user, modify_date) VALUES (8007009, 8, 'N/A', 132456, CURRENT, 132456, CURRENT);
INSERT INTO resource_info (resource_id, resource_info_type_id, value, create_user, create_date, modify_user, modify_date) VALUES (8007009, 6, '04.28.2014 01:24 AM', 132456, CURRENT, 132456, CURRENT);
INSERT INTO resource_info (resource_id, resource_info_type_id, value, create_user, create_date, modify_user, modify_date) VALUES (8007010, 1, '132458', 132456, CURRENT, 132456, CURRENT);
INSERT INTO resource_info (resource_id, resource_info_type_id, value, create_user, create_date, modify_user, modify_date) VALUES (8007010, 2, 'user', 132456, CURRENT, 132456, CURRENT);
INSERT INTO resource_info (resource_id, resource_info_type_id, value, create_user, create_date, modify_user, modify_date) VALUES (8007010, 8, 'N/A', 132456, CURRENT, 132456, CURRENT);
INSERT INTO resource_info (resource_id, resource_info_type_id, value, create_user, create_date, modify_user, modify_date) VALUES (8007010, 6, '04.25.2014 01:25 PM', 132456, CURRENT, 132456, CURRENT);
INSERT INTO upload (upload_id, project_id, resource_id, upload_type_id, upload_status_id, parameter, create_user, create_date, modify_user, modify_date, project_phase_id) VALUES (8007001, 8007001, 8007003, 1, 1, '8007001_8007003_8007001.zip', 8007022, '2014-04-25 13:18:41', 8007022, CURRENT, 8007002);
INSERT INTO upload (upload_id, project_id, resource_id, upload_type_id, upload_status_id, parameter, create_user, create_date, modify_user, modify_date, project_phase_id) VALUES (8007002, 8007001, 8007004, 1, 1, '8007001_8007004_8007002.zip', 8007006, '2014-04-25 13:19:41', 8007006, CURRENT, 8007002);
INSERT INTO upload (upload_id, project_id, resource_id, upload_type_id, upload_status_id, parameter, create_user, create_date, modify_user, modify_date, project_phase_id) VALUES (8007003, 8007001, 8007005, 1, 1, '8007001_8007005_8007003.zip', 8007012, '2014-04-25 13:20:41', 8007012, CURRENT, 8007002);
INSERT INTO submission (submission_id, upload_id, submission_status_id, screening_score, initial_score, final_score, placement, submission_type_id, create_user, create_date, modify_user, modify_date, prize_id) VALUES (8007001, 8007001, 1, 100.0, null, 75.0, 2, 3, 8007022, '2014-04-25 22:40:12', 8007022, '2014-04-25 22:40:12', 8007004);
INSERT INTO resource_submission (resource_id, submission_id, create_user, create_date, modify_user, modify_date) VALUES (8007003, 8007001, 8007022, CURRENT, 8007022, CURRENT);
INSERT INTO submission (submission_id, upload_id, submission_status_id, screening_score, initial_score, final_score, placement, submission_type_id, create_user, create_date, modify_user, modify_date, prize_id) VALUES (8007002, 8007002, 1, 100.0, null, 100.0, 1, 3, 8007006, '2014-04-25 23:09:51', 8007006, '2014-04-25 23:09:51', 8007004);
INSERT INTO resource_submission (resource_id, submission_id, create_user, create_date, modify_user, modify_date) VALUES (8007004, 8007002, 8007006, CURRENT, 8007006, CURRENT);
INSERT INTO submission (submission_id, upload_id, submission_status_id, screening_score, initial_score, final_score, placement, submission_type_id, create_user, create_date, modify_user, modify_date, prize_id) VALUES (8007003, 8007003, 6, 75.0, null, 75.0, 3, 3, 8007012, '2014-04-25 20:44:30', 8007012, '2014-04-25 20:44:30', 8007004);
INSERT INTO resource_submission (resource_id, submission_id, create_user, create_date, modify_user, modify_date) VALUES (8007005, 8007003, 8007012, CURRENT, 8007012, CURRENT);
